106.5234767,37.4341864,10
98.46666667,36.91666667,30
113.3801745,31.80532593,10
113.4593424,31.81159638,40
119.46,33.04,20
107.0029303,40.3305303,20
125.7338333,45.81266667,20
110.9833333,21.98333333,30
116.9833333,28.53333333,30
113.9833333,24.33333333,8.42
117.5918053,37.7030392,10
111.0012171,21.7,20
111.6633,22.1815,50
110.0095,20.37633333,40
110.092,20.4002,30
116.9841,39.43333333,15
93.51347871,42.81932966,20
109.9833333,23.98333333,30
115.4833333,22.85,30
88.88512592,29.26976919,10
82.633475,44.811415,30
116.3833333,23.96666667,30
121.392589,28.377655,8.5
112.4666667,21.81666667,25
109.9833333,21.51666667,40
112.2166667,39.83333333,20
114.068567,24.958558,60
109.6866667,38.28126667,50
114.2833333,25.15,18.7762
108.9138333,37.59533333,20
117.0565429,35.4212422,9
110.4666667,21.58333333,30.75
115.9728333,24.68333333,50
105.1932045,37.4999433,20
106.2086067,37.98451939,20
107.4401702,37.75658299,10
106.5255825,38.913537,20
105.1932045,37.4999433,30
106.0575545,37.42565878,50
105.1932045,37.4999433,20
106.283754,36.00346296,10
106.5444315,37.42186401,10
106.0454745,38.0677211,20
116.2591667,24.38277778,30
115.5166667,22.96666667,74
109.8833333,21.46666667,30
117.1256054,36.68805358,10
110.02,20.44,50
109.75,20.78333333,20
110.334,20.357,40
118.7333333,33.71666667,9.8
114.85,23.01666667,20
114.4,23.09,100
119.2,33.61666667,6
113.498,24.371,30
106.222,37.9986667,20
120.54,32.38,20
106.5255825,38.913537,10
105.1932045,37.4999433,10
112.4666667,21.91666667,50
114.8333333,24.23333333,40
110.4,20.61666667,40
110.2666667,20.86666667,40
114.7422552,23.78815437,8.1
95.03653333,36.39766667,10
114.7333333,24.1,100
118.5922449,37.51164457,10
108.3833333,41.86666667,10
108.3833333,41.86666667,20
105.6333333,38.88333333,20
108.5166667,41.6,40
99.5098,36.54599491,50
90.88333333,43.23333333,50
101.41,26.65,20
110.1331,19.31032377,20
100.6671871,36.22282998,20
113.9833333,38.00833333,16
115.8353843,27.44164553,16
114.9684218,36.05694613,25
112.9333333,36.93333333,30
108.9033333,37.53233333,30
118.850283,36.87709007,35
115.923,30.96333,20
122.9833333,44.98333333,20
118.22,33.731,9.3
116.7817604,36.21759158,9.5
116.2818474,34.7,9.8
116.083549,27.75908,30
106.038574,27.014345,30
111.157491,37.523577,30
117.908579,31.308844,30
114.690426,31.32030945,50
114.6713343,31.34333075,50
111.7166667,40.73333333,50
115.063786,31.26514485,50
120.7166667,30.86666667,50
105.05,37.56666667,40
121.1833333,31.65,40
114.5179745,35.65318428,40
115.3302734,28.13797294,30
114.69,35.38333333,30
103.3833333,27.46666667,30
99.598,36.9194914,200
94.49546667,40.13266667,30
95.2445333,36.36523,50
100.6,36.33333333,50
110.0166667,38.63333333,200
114.2333333,35.58333333,50
117.6234984,28.43142286,50
116.7337393,37.41938719,20
112.5126667,29.552,10
105.346,25.96,200
119.23,31.7472489,8
104.733516,27.129052,20
109.597521,35.183288,20
107.773393,32.989397,20
93.63,43.01,20
93.51347871,42.81932966,20
119.251549,39.881414,15
101.2666667,36.06666667,8.45
118.6417049,32.27437685,20
115.5874198,34.89287758,20
115.5627596,34.88689691,20
125.0166667,46.38333333,20
124.7333333,45.95,20
124.8166667,46.75,20
124.95,46.28333333,10
86.63026122,41.9800835,20
117.1666667,34.5538262,9
98.26345,39.75872747,9
115.221427,29.836542,19
116.8291667,28.38333333,20
113.8166667,36.73333333,20
113.8826667,36.74533333,20
115.7113519,36.27399683,20
117.2492736,35.16870057,20
113.8166667,42.21666667,20
113.834,43.834,10
113.8333333,43.83333333,10
117.57449,30.693858,40
113.832593,31.622476,40
105.920599,36.98627,100
95.46666667,39.86666667,9
118.59,34.14,9
119.1333333,34.2,9
117.0903566,34.08333333,9
106.0987445,38.0323211,10
110.1,21.35,20
75.38269,37.635985,20
116.3299846,28.4538418,10
100.5333333,36.08333333,10
119.391,33.653,10
116.71949,30.030331,20
105.0666667,37.66666667,10
102.5,38.96666667,9
96.823333,40.3546,9
96.893333,39.21233333,9
96.8953333,40.2,9
100.4763843,38.92880238,9
119.2,34.5,9
119.53,32.66,9
102.6984028,37.98768283,9
98.91233333,39.92433333,9
108.9333333,40.83333333,10
98.46666667,36.91666667,10
120.55,31.55,20
117.4882931,35.1733005,10
123.1833333,41.95,20
100.4763843,38.92880238,9
116.2609736,36.85396618,10
116.2898352,36.93491023,20
115.9833333,36.41666667,20
120.8951667,42.83253333,30
119.9133333,34.41,10
117.2249039,34.51666667,10
117.0895,34.743,10
114.0936667,41.15566667,20
116.2574725,36.67843033,20
98.9878,35.76666667,10
120.45,32.55,8
116.8796552,33.12016667,8
112.993,39.868,100
121.985638,39.632741,100
106.9166667,23.71666667,10
125.4166667,42.5,10
102.6833333,38.88333333,9
102.3333333,38.08333333,9
112.8167,28.584,20
117.6333333,34.48333333,7.5
123.0333333,44.55,10
123.0333333,44.55,10
105.9100266,36.98050057,10
106.7966667,39.3,10
118.6166667,33.66666667,10
85.81666667,47.48333333,20
122.262457,43.628712,46
113.421443,24.191939,46
112.438376,39.325303,50
79.73333333,41.06666667,20
84.3,44.33333333,20
97.15,37.36666667,40
120.2,41.53333333,10
120.2333333,41.53333333,10
120.25,41.5,10
106.6333333,37.83333333,10
102.55,35.91666667,6.16
117.2333333,32.65524532,6.3
118.5533,33.936667,6.43
103.9533333,24.90833333,65
114.8111462,38.0514991,6.6
121.325,31.13421856,6.69
120.2,41.53333333,6.77
99.55,39.26666667,9
100.8113955,38.43059052,9
102.4711667,38.95533333,9
102.9833333,33.75,20
117.5833333,36.13333333,20
111.8666667,39.43333333,20
112.9666667,36.98333333,20
90.21153357,42.86872021,20
90.21153357,42.86872021,20
89.18794035,42.95102809,20
117.278552,28.39518616,70
106.3792875,38.98398921,20
106.5166667,38.95,20
106.9,22.3,30
118.0179733,35.72295191,30
100.5,25.36666667,30
122.1833333,46.55,30
117.6804516,30.95,30
113.1365,34.7334,40
124.6166667,46.08333333,20
125.0333333,46.8,20
125.0333333,46.8,20
125,46.38333333,20
99.546,36.96594914,10
98.924,35.76666667,10
94.95451,36.43233333,10
80.26132891,41.16770885,20
80.26132891,41.16770885,20
97.06666667,30.66666667,20
97.06666667,30.66666667,20
97.03416667,30.68333333,20
118.9333333,33.15,10
111.7166667,40.71666667,10
120.75,41.1,10
105.7333333,35.38333333,10
117.0666667,34.09129253,20
111.6990491,41.53307106,20
114.2,40.2,20
120.25,42.1,20
112.1166667,39.02833333,10
114.9677456,26.81002443,20
114.8868,38.3822,20
124.5166667,45.21666667,20
122.845,45.27483333,20
118.4645778,35.16631304,20
117.974615,35.28612626,20
106.7232377,39.2939163,20
98.2464,39.70852747,10
119.7264611,33.13970278,8
116.291199,37.5178,20
114.9519366,36.00974234,20
116.85,28.37888889,10
100.55,36.08333333,10
99.832,36.39795912,10
99.86529,36.32325912,10
107.0166667,40.03333333,10
114.0366193,33.15482211,10
87.4,28.78333333,20
118.5,32.566,20
118.9843333,32.73433333,19.99
118.9833333,32.73333333,19.99
94.49766667,40.12333333,9
94.75,40.06,9
94.75,40.06,9
109.459427,23.133251,20
109.597521,35.183288,20
99.8212211,36.87873591,20
93.51347871,42.81932966,20
111.4439897,41.01963017,20
116.6484291,35.42637767,20
118.75,33.96666667,30
113.5232,39.96666667,50
107.0029303,40.3305303,50
114.9470459,30.27898494,30
102.2166667,26.9,30
86.88333333,41.71666667,20
105.0333333,37.58333333,10
106.4166667,38.95,10
107.4034321,37.72312,10
106.7117727,39.28739163,10
90.388255,29.719402,16
117.6481922,28.99157194,16
116.4681667,34.69016667,10
116.9644633,34.71666667,10
75.96666667,39.46666667,20
114.5333333,41.66666667,20
101.88,36.08333333,10
99.5236,36.98789491,10
99.74795269,36.76730381,10
100.6166667,36.26666667,10
100.5516667,36.02666667,10
111.157491,37.523577,100
105.65656,25.392124,100
105.389487,26.783717,100
112.888,30.0616,100
98.53254333,36.835334,20
79.71666667,41.13333333,20
79.22211511,41.21476853,20
117.999145,35.76076963,10
113.95,38.23333333,10
122.5228333,42.58783333,10
118.0566667,24.73166667,10
115.5387138,34.910561,10
116.5152476,35.71898551,20
116.3146604,35.15376587,20
117.9177171,30.8,20
98.05,39.73333333,20
119.27,29.49,20
98.03333333,31.25,20
98.5,39.61666667,10
118.8659768,35.22910633,10
116.2517,35.2375,10
118.6324073,37.67133716,10
120.2666667,41.71666667,10
119.335,33.00264618,20
119.35,29.26666667,20
119.7333333,29.31666667,20
88.16443408,39.02380075,20
105.3287,25.9534,100
106.9833333,40.98333333,20
117.9833333,36.6,10
123.6669444,46.26666667,10
123.6666667,46.26666667,10
123.5,46.25,10
119.8666667,33.44573244,8
122.85,45.23333333,10
119.3,32.24766667,10
90.66666667,28.91666667,80
113.8225608,31.70303818,10
112.2122171,31.05987148,10
120.4333333,30.7,10
108.01,36.25,10
116.9833333,30.8,100
105.483429,26.219214,100
116.3762362,26.33452419,7.6
119.6,33.8,8
99.1180546,25.12382589,50
117.5166667,31.31666667,50
93.51347871,42.81932966,50
113.7666667,40.4,50
113.0666667,40.08333333,50
113.0833333,40.1,50
115.0138093,31.21317299,20
119.1333333,34.2,16
114.4442556,28.5395873,16
116.3990238,26.85608865,17.2
116.9107695,28.31258387,16.6
116.6866667,33.35283333,16.9
119.2666667,34.05,17
100.3666667,26.11666667,17
120.2166667,41.1,17
101.0633333,26.73333333,17
114.1666667,38.05,17
117.7166667,39.96666667,17
112.8481,29.7476,20
90.45,32.59966803,10
116.35,34.78333333,10
96.25,36.91666667,10
97.6885981,36.92366667,20
116.0829884,37.25204043,10
116.6720272,37.47340776,10
116.1138545,34.81554919,20
116.17,34.73333333,20
97.18333333,37.36666667,20
97.14343833,37.35466667,20
97.35,37.53333333,20
97.33466667,37.34562,20
119.2881344,36.49847486,10
119.223701,36.52777932,10
97.63333333,37.86666667,30
95.98333333,36.98333333,30
116.75,34.41666667,20
100.3833333,25.75,20
94.9214,36.434667,20
106.5833333,38.96666667,20
114.7,41.15,20
116.8026668,35.78809785,20
101.5166667,26.51666667,20
106.8182555,39.66908329,20
108.9833333,40.85,20
108.2,41.6,10
113.9166667,41.48333333,20
98.48766667,36.92351667,20
119.0166667,33.61666667,9.8
116.9166667,34.71666667,9.8
116.6765101,28.33946341,20
118.6184513,37.8975592,20
116.2706723,29.28684734,20
94.45666667,40.13333333,20
94.47866667,40.19833333,20
94.42833333,39.99837222,20
94.41666667,40.1633333,20
111.7084794,34.40695835,16
114.0516025,31.34023284,1
99.72795269,36.78730381,20
110.0166667,41.38333333,20
117.2431667,33.26666667,20.89
95.58333333,40.9,20
105.45,25.78333333,20
117.5028988,35.12392573,10
113.9423467,40.46346667,10
92.06145342,29.29859161,10
98.54563333,36.83546333,10
117.7,49.4,10
117.7,49.4,10
120.8341667,42.86433333,10
120.95,42.91666667,10
105.3,25.96,80
112.903,39.4471,80
105.65656,25.392124,80
111.157491,37.523577,80
113.1305228,31.11709929,20
82.0478858,44.85383207,30
82.0478858,44.85383207,30
118.8483499,35.58911584,30
113.8634679,31.64343363,40
102.0700393,33.99760395,40
102.5,41.5,38.8
92.20783333,29.05783333,15
123.4967812,43.51846904,15
116.8,38.88333333,15
79.04432336,40.5081341,20
79.61666667,40.56666667,20
79.61666667,40.58333333,20
79.61666667,40.58333333,20
85.43333333,45.86666667,20
109.8883333,34.98333333,40
95.1,36.36666667,40
76.13333333,39.22,20
123.4967812,43.51846904,20
121.15,32.5,10
120.15,32.5,10
117.3761884,31.036667,10
122.9833333,44.98333333,10
118.97,31.11369254,9.8
119.19,34.17,9.8
120.520243,37.44736381,9.8
120.75,31.65,9.8
120.75,31.65,9.8
123.7666667,46.91666667,9.9
116.0174045,37.03270505,9.9
106.8333333,39.2,10
98.2164,39.73456,9
98.27644,39.71247275,9
120.25,32.53667,9
113.4166667,22.98333333,20
113.5325631,30.37594107,20
97.36623667,37.675752,20
89.18794035,42.95102809,20
118,45.76666667,30
75.88333333,39.76666667,40
124.8172568,45.11736281,15
117.4333333,32.53333333,20
117.4368333,31.95166667,20
117.4368333,31.95166667,20
118.2253333,39.273,17.29
116.5605593,29.93945786,17.6
93.51347871,42.81932966,6.5
75.22163607,37.77298702,20
120.31,32.91,20
124.6666667,46.75,20
124.5833333,46.13333333,20
124.5833333,46.11666667,20
95.78126864,40.51997765,9
107.957,38.945633,10
116.8304952,36.19097877,10
116.773699,36.23645801,10
116.7991906,36.2611403,10
91.71666667,29.06666667,10
119.92,33.9133,10
106.8,39.76666667,10
94.29666667,39.52366667,10
80.26132891,41.16770885,10
111.4833333,29.05666667,20
80.17116667,40.493,20
105.9100266,36.98050057,200
105.6809408,37.49150548,200
111.8915254,40.31785461,30
107.7833333,37.53333333,50
107.6,37.56666667,50
107.9833333,37.93333333,50
109.5,38.18333333,50
116.5255483,31.95,20
113.2281965,30.76164379,20
123.9833333,42.61666667,20
123.9833333,42.63333333,20
97.18333333,37.36666667,20
95.25,36.38333333,20
95.2733378,36.3424,20
113.3166667,28.83333333,20
106.5833333,37.51666667,30
106.5746667,38.43083333,30
106.5458333,38.4325,30
93.59,43.01333333,20
122.5,43.66666667,20
106.95,39.2,20
109.684,42.503,20
123.8333333,42.58333333,19.8
114.702,38.6168,19.8
114.704,38.616661,19.8
123.65,42.36666667,10
115.6226285,34.83008807,20
80.98333333,43.66666667,20
106.0547445,38.0768211,10
119.2666667,32.35943441,10
125.5535,43.64583333,10
75.85,39.36666667,20
75.85,39.36666667,20
116.8611111,28.37694444,20
117.9833333,31.41666667,20
115.9261806,35.00871835,20
118.2333333,40.88333333,20
117.5666667,42.53333333,20
113.52,29.1323,20
112.55,29.53434667,20
114.1833333,40.53333333,20
97.21666667,37.35,20
86.61666667,41.96666667,20
81.86666667,41.8,20
117.58,39.34,30
105.9100266,36.98050057,30
95.12434333,36.65453443,40
119.3731132,43.97009328,30
117.0319268,29.08333333,30
123.0666667,42.36666667,20
124.4666667,42.13333333,20
118.89,32.45,20
85.65,37.7,20
114.8166667,31.81666667,50
108.3166667,22.86666667,18
108.208,23.1303,50
122.262457,43.628712,55
105.650555,36.570781,60
111.157491,37.523577,60
120.0666667,28.76666667,20
82.89131537,44.60056685,20
82.16,44.39,20
82.9,44.48333333,20
114.8633333,39.5,10
92.03145342,29.23591613,10
91.88766667,29.28133333,10
94.75,40.06,10
102.3999804,36.48199731,10
89.68333333,28.86666667,20
100.5166667,25.25666667,20
116.0799441,27.75741726,20
107.6166667,22.65,20
101.5833333,25.3,20
118.9833333,29.98333333,20
126.2333333,41.8,10
109.95,41.73333333,20
114.6,38.85,20
116.7333333,40.43333333,20
119.3,33.33065311,10
92.08145342,29.21591613,10
116.2949594,29.34915143,10
116.2649543,29.28123563,10
109.6666667,38.1,20
113.306458,31.859972,20
98.253423,39.78727473,9
106.038574,27.014345,50
103.9833333,37.38333333,10
100.1656353,37.37721617,10
100.1868564,37.32216165,10
100.1577635,37.35521617,10
119.44667,32.78,10
116.6480967,32.76666667,10
100.5216667,36.08333333,10
105.9166667,36.96666667,30
109.0947261,35.11478274,30
118.8333333,28.5,46
117.9791871,35.28775202,47
118.86,27.599,30
94.49166667,40.12354333,40
119.8,33.46666667,30
120.25,33.76666667,30
112.1833333,37.6,30
118.6103155,37.63730401,30
121.8,42.83333333,30
117.6312121,36.30920556,10
97.90745,37.323213,30
117.2776688,32.22861111,15
89.73333333,28.85,15
107.3629623,35.33274375,15
117.1772417,29.05944261,15
109.8,41.58333333,20
116.9166667,42.38,20
90.01683333,42.96683333,20
90.21153357,42.86872021,20
115.7833333,34.55,20
119.9833333,33.33333333,14
113.9666667,41.43333333,20
114.2913333,40.95,20
111.95,40.76666667,20
114.15,37.94,19.9
82.0478858,44.85383207,20
82.0478858,44.85383207,20
82.0478858,44.85383207,20
98.965,39.90333333,20
115.5287467,35.60334025,20
114.4,38.43333333,50
114.0833333,36.43333333,20
91.43198169,28.43801673,20
111.0333333,41.4,20
119.28,33.41667,16
104.959546,25.789952,100
111.765534,29.638946,100
99.8586529,36.3095912,10
100.5916667,38.25,10
100.3333333,36.05,10
113.594556,24.798486,40
117.853431,30.645634,40
104.902461,25.098113,40
111.157491,37.523577,40
105.65656,25.392124,40
119.05,43.8,10
90.96666667,41.76666667,10
123.3833333,45.51666667,10
120.35,33.72667,10
129.3833333,45.46666667,10
124.9666667,46.26666667,10
97.2232484,37.767,10
110.085526,23.400049,40
96.2456767,36.9656,20
93.51347871,42.81932966,20
108.7166667,39.81666667,10
90.06666667,21.75,30
117.853431,30.645634,30
120.4,41.61666667,20
119.5333333,41.5,20
120.5833333,41.23333333,20
97.6,37.63333333,30
117.2061161,28.98755407,40
95.28366667,36.39566667,20
114.7682902,28.1651,20
99.84879,36.35355912,20
82.98333333,44.75,30
119.3297,42.44333333,10
93.51347871,42.81932966,20
110.4374094,35.47633711,20
89.2,42.93333333,20
117.3714665,33.3,10
114.6,40.5,19.75
122.1576641,37.36741973,19.75
81.16494902,44.4597333,20
123.5,46.26666667,20
120.23,32.52,20
114.4028419,35.97824842,20
88.8,44.05,20
116.7959914,36.65045636,20
107.1166667,40.7,10
106.9,40.36666667,10
106.9,40.36666667,10
109.8166667,40.65,10
110.6613333,41.3,10
121.022575,30.682241,200
118.9666667,31.61666667,9.8
120,32.66666667,10
103.2576957,36.73639631,49.5
89.16866667,42.95166667,20
115.5166667,40.10666667,30
119.2968282,36.5473347,28.95
106.6666667,40.9,20
100.5688167,36.05,50
117.4,38.08333333,50
115.2333333,36.88333333,50
113.0666667,30.08333333,50
82.98333333,44.76666667,20
82.86666667,44.6,20
80.8,36.98333333,20
80.85,36.96666667,20
93.51347871,42.81932966,20
117.7166667,39.96666667,14
110.15,34.01666667,14
117.6122063,36.69788835,10
120.3,32.9,10
117.2230861,23.75,10
119.5166667,25.98333333,10
121.7523711,42.06516383,10
105.05,37.56666667,10
105.05,37.56666667,10
121.0333333,31.11666667,10
111.414399,41.0963017,10
114.8266667,41.41666667,20
94.43436667,40.14716667,9
94.49333333,39.92572222,9
112.3,39.53333333,20
113.2756,40.1235,20
111.6638954,39.92436667,20
106.363341,39.01905481,10
94.9,36.41666667,10
97.943,37.35667,10
97.1823,37.32445667,10
110.05,41.45,10
109.87376,40.62756089,10
104.478582,25.715651,30.11
104.478582,25.715651,120
104.959546,25.789952,120
111.157491,37.523577,120
121.272596,30.175257,120
110.700612,34.699388,150
111.157491,37.523577,150
105.3524,25.91,170
115.988428,40.458179,180
106.536518,38.919607,190
120.3,32.85,30
117.5833333,34.03333333,30
114.5683632,26.32969205,21
102.4044386,24.16894564,50
116.1166667,29.28333333,40
105.09,24.49066667,40
94.42333333,39.9324222,40
121.1666667,42.03333333,19.8
117.6833333,41.1,20
111.5833333,21.7,30
114.3126667,40.12266667,30
77.41,37.747,30.46
108.4166667,25.41666667,30
105.4833333,25.35,30
122.5225,42.58633333,14.05
89.33333333,43.98333333,20
98.59166667,39.792,9
119.65,31.83333333,9.1
108.65,40.71666667,10
123.15,42.78333333,30
117.3833333,42.33333333,20
117.9666667,42.35,18
86.43333333,41.3,20
86.41666667,41.31666667,20
86.25832873,41.34389197,20
102.3166667,26.51666667,20
104.9433333,25.31666667,1.9
118.2333333,39.85,20
114.85,38.93333333,20
94.9,36.43333333,30
118.949897,33.6333333,30
100.6166667,36.26666667,50
104.0166667,40.18333333,50
109.2,40.38333333,50
116.27,31.43,20
95.2826667,36.3325667,20
89.98333333,42.98333333,20
114.7,38.61666667,50
93.91666667,42.21666667,50
94.78333333,41.98333333,50
116.8844444,32.61666667,50
75.55,38.96666667,20
75.94456256,39.14789176,20
75.96666667,39.46666667,20
80.38333333,40.63333333,20
119.5333333,34.03333333,24.5
104.733516,27.129052,25
116.9833333,29.98333333,30
118.8166667,33.3,10
111.157491,37.523577,60
111.157491,37.523577,60
106.34644,38.108659,70
106.038574,27.014345,70
114.078,40.4841,70
111.157491,37.523577,80
105.6166667,24.83333333,10
120.8166667,31.77833333,10.2
110.0333333,23.05,40
117.9455556,34.02006148,15
114.3333333,40.11666667,15
114.3013333,40.1245,15
97.98333333,40.23333333,15
95.23333333,36.35,20
94.9785,36.43566333,20
95.08333333,36.4,20
94.9,36.41666667,20
82.89131537,44.60056685,20
93.51347871,42.81932966,20
120.95,33.97009986,20
113.8233322,27.73293932,10.3
116.6605973,28.2533771,12.7
107.7425,33.4475,11.4
108.5076773,41.58744548,20
121.3833333,33.68980527,20
120.933,31.92333,20
106.2275816,38.4865412,13
116.6722665,27.63031548,13.34
120.06,32.25,13.5
111.9666667,40.91666667,20
95.03233333,36.32366667,20
106.3354253,38.10256019,20
105.29,25.92,40
111.157491,37.523577,40
121.6,43.68333333,10
88.31666667,42.25,20
100.4,38.71666667,9
121.4333333,43.93333333,9
123.15,42.78333333,30
114.8333333,39.9,20
110.4166667,40.51666667,10
112.1833333,37.6,30
125.1784224,44.43283723,15
124.9833333,44.46666667,15
95.1833,36.37118,30
116.2337908,36.93288091,20
95.954333,36.93533,20
95.23333333,36.4,20
110.2698333,39.27266667,50
112.4,42.75,10
117.35,38.36666667,50
103.9033333,26.98333333,50
104.1333333,26.98333333,85
116.0215862,35.67823359,30
117.0112222,30.31666667,15.6
110.4166667,41.7,20
114.4833333,38.83333333,20
112.9833333,27.93333333,20
112.4343567,36.94667667,20
113.235333,36.93253333,20
117.6333333,40.95,20
118.95,34.5,20
121.5666667,42.46666667,15
91.76666667,29.21666667,20
111.157491,37.523577,40
110.102581,20.919881,40
110.085526,23.400049,40
105.0333333,37.56666667,10
105.3333333,37.58333333,10
118.1174708,37.03206062,10
114,41.514,20
115.6333333,37.58333333,20
114.6,41.337,20
125.7166667,46.75,20
125.7166667,46.75,20
125.0166667,46.36666667,20
125,46.36666667,20
125.4,46.43333333,20
125.1842333,46.3235,20
117.853431,30.645634,30
112.383573,24.786467,30
106.038574,27.014345,30
119.8166667,33.96666667,10
115.6333333,36.85,30
119.363,28.24,30
121.3166667,41.68333333,20
93.51347871,42.81932966,20
109.9333333,22.16666667,19.4
117.5333333,38.5,40
117.8434895,37.17773833,20
105.15,36.1,10
105.6809408,37.49150548,10
114.5448333,39.3475,20
77.65,38.9,20
77.46666667,38.41666667,20
116.09,24.34,20
116.6733,33.38533333,20
119.9,45.25,20
117.11,32.11,19.9
79.72670272,37.2772152,20
110.1435432,35.23756591,50
115.7833333,35.96666667,20
119.2850111,35.83785275,20
90.08333333,46.16666667,20
113.75,36.46666667,20
113.6771713,33.44438377,20
113.5166667,33.45,20
98.2,31.27183333,20
90.00840893,31.39250869,20
88.49638889,28.26666667,20
111.6833333,42.65,20
78.48333333,37.66666667,20
75.5,39.4,20
75.83333333,39.66666667,20
85.55,41.93333333,20
118.8333333,40.66666667,15
83.75,40.51666667,20
83.3,41.36666667,20
120.32,32.19,20
112.5833333,38.28333333,10
114.0781916,31.31374232,10
119.2598333,32.22468829,10
117.3564925,33.98333333,10
118.4919139,33.38,10.07
129.8975431,46.72968558,10
89.17,42.76666667,20
101.65,35.8,20
116.9333333,32.55027778,20
100.65,33.12036697,20
116.8767,32.893333,20
111.157491,37.523577,60
106.4333333,37.56666667,20
106.25,37.93267,20
90.11628068,29.4931674,10
119.55,30.8,20
92.85,44.26666667,20
107.1455994,40.88587546,10
110.95,33.51666667,6
115.6514,40.812,20
120.8166667,33.12865676,40
125.3166667,45.98333333,40
124.8065123,46.03935805,40
124.8230651,46.09393581,40
109.4175594,21.53145748,40
123.1833333,43.28333333,40
111.6990491,41.53307106,40
114.5563333,41.36733333,60
116.4578,37.001187,40
115.55,29.83333333,40
105.6809408,37.49150548,10
106.5446667,37.675,10
106.548,37.4971864,10
118.55,28.0014,20
88.43333333,44.26666667,20
109.7548333,41.456,10
77.41,37.754,30
115.4666667,39.45,30
115.35,39.31,30
115.2843333,39.31533333,30
115.4666667,39.453,30
123.0669444,45.5775,15
118.55,28.001,20
91.33333333,39.7,10
117.325994,35.75689545,20
117.3054711,35.68722048,20
120.3,32.85,20
116.67,34.79,20
102.5489,38.98333333,10
118.82,33.35,9.8
117.0767,32.81,20
114.8333333,38.1,20
125.7833333,45.86666667,10
119.0638,43.8133,20
120.4333333,41.43333333,10
119.1166667,34.81666667,9
114.0021903,30.94931147,40
102.1833333,36.98333333,40
110.3,19.95,40
101.6645466,26.04942994,30
92.20254244,29.06257248,20
115.1874833,36.58333333,20
89.91666667,29.18333333,20
93.85,42.23333333,50
111.157491,37.523577,50
109.65,38.1,50
113.385452,37.088555,50
122.262457,43.628712,50
116.0152446,37.01518196,10
117,39.09,12
116.61,34.76,12
117.6455093,37.86238915,20
115.6666667,33.98333333,20
86.61666667,41.96666667,20
89.18794035,42.95102809,20
106.7,41.5,20
115.4631263,28.70279211,18
117.8014321,28.34155755,20
116.1093366,29.5113046,20
120.1833333,42.03333333,10
90.25,33.52596305,10
119.7833333,32.98333333,10
103.6333333,36.8,10
80.17116667,40.493,20
75.85983268,39.3752018,20
81.85,43.23333333,20
117.0836667,38.99833333,20
117.423566,39.55,20
113.1828805,30.73627502,20
114.3637208,30.40121476,10
80.0940842,32.49138561,10
90.16280675,29.43167396,10
105.225484,25.841048,80
113.8669529,36.16377064,24.5
113.8266206,36.10311976,30
90.4575,29.25,25
114.0756644,32.8505824,25
118.62,34.07,25
122.7666667,45.31666667,49.91
104.9333333,21.31666667,50
82.6,44.93333333,50
105.6333333,38.88333333,50
117.7257522,31.91666667,20
116.541789,31.91666667,20
117.1962896,32.53333333,20
109.727559,38.28242,50
114.097478,40.426412,50
125.0666667,44.58666667,15
120.45,32.55,15
119.3333333,29.18333333,20
119.3333333,29.18333333,20
119.315,29.26666667,20
105.2666667,27.3,30
115.2376553,29.91302946,30
114.716,38.613,20
99.79333333,35.26716667,10
99.76557953,36.78730381,10
114.9833333,23.15,12
106.0575545,37.42565878,20
106.5446667,37.675,20
105.1932045,37.4999433,20
105.1932045,37.4999433,20
105.0333333,37.56666667,20
105.0333333,37.56666667,20
98.53333333,39.6,10
94.9,36.43333333,20
117.62,31.59182807,12
114.0666667,41.11666667,12.5
114.22,41.4,12.5
120.9833333,27.75,12.58
113.913836,30.74315742,10
116.4393626,37.51275593,10
117.819199,35.95220012,10
102.775523,38.16022258,10
117.6367676,34.85963915,10
117.6217888,34.92170572,20
120.8663333,44.08166667,10
119.8833333,45.35,11.66
100.5866667,25.89166667,20
119.9607444,33.74716944,9
102.1456667,38.51,9
98.287845,39.77342747,9
105.65656,25.392124,50
121.3833333,32.21666667,10
112.5148238,33.57935357,10
112.1,41.61833333,10
100.4,38.68333333,20
104.0601656,37.18129231,20
102.761523,38.12462575,20
117.3218691,31.72333,15
123.35,45.83333333,15
119.9833333,27.4,15
113.1333333,38.16666667,15
108.5,21.86666667,20
106.65,39.58333333,10
122.2333333,46.25,10
106.3792875,38.98398921,10
96.25,36.91666667,10
118.45,32.34,10
118.88,33.45,10
108.261713,41.08836162,20
111.681556,32.39246,50
111.157491,37.523577,50
111.157491,37.523577,50
111.157491,37.523577,50
114.392464,37.671667,50
106.038574,27.014345,50
115.1,37.98333333,20
90.38072948,46.67409621,20
97.12346667,37.34545,20
106.0686667,38.01866667,20
92.02145342,29.28591613,20
115.4622418,28.45957303,37.4
120.9333333,29.18333333,25
121.75,45.23333333,20
102.3166667,38.48333333,20
94.98333333,36.43333333,20
104.902461,25.098113,50
104.733516,27.129052,50
104.902461,25.098113,50
109.5166667,38.18333333,50
113.306458,31.859972,50
109.5833333,34.98333333,50
109.727559,38.28242,50
104.959546,25.789952,50
106.8833333,37.58333333,15
124.9833333,44.46666667,15
120.8166667,33.1,20
115.5,39.35,20
117.9620843,35.80548672,20
105.1932045,37.4999433,30
114.6666667,38.7,30
88.23333333,29.38333333,30
106.245,37.90666667,20
116.8833333,32.8,20
97.0544,30.396,20
112.9833333,26.98333333,18
116.0377999,33.06666667,20
116.4121817,35.48076465,20
109.3,34.98333333,40
111.157491,37.523577,40
111.85341,38.91702,20
107.977489,21.553615,20
98.2264,39.75,9
110.8138372,32.94755469,40
119.0333333,28.73333333,40
100.1623218,39.15263493,40
114.3166667,37.5,42
120.12,30.513333,43.2
95.1333,36.63443333,45
108.9948333,37.58933333,45
123.1166667,45.75,15
117.5833333,29.5,15
117.5695161,33.98333333,15
102.14657,38.59842002,15
117.8923402,37.25152816,20
115.2333333,37.21666667,15
105.9833333,25.88333333,15
120.45,33.97456644,15
113.98,27.709757,11.5
104.9133333,25.31666667,50
124.8172568,45.11736281,15
95.0533333,36.37266667,30
97.16666667,37.35,20
112.4563635,33.56922366,20
112.4812808,33.53075645,20
112.4229581,33.50454994,20
117.7648686,28.3662121,20
115.0166667,41.33333333,30
118.707427,41.023756,30
99.746,36.74630381,30
99.75454795,36.74443038,30
106.7733333,38.03166667,300
99.7795269,36.72323304,30
98.9,39.96666667,40
75.2553239,39.71903751,20
115,37.33333333,21
114.0333333,41.516,30
110.2563333,38.87866667,30
110.2333333,38.81666667,30
109.6436667,38.22366667,30
99.1880178,24.72308888,30
99.1280178,24.73430889,30
118.2181155,36.20535896,10
112.9833333,34.45,32
119.6,28.95,32.13
122.1333333,29.75,33
111.9833333,26.48333333,40
105.1746667,37.51866667,30
105.1932045,37.4999433,30
101.6,26.53333333,30
101.5,26.57716667,30
114.0166667,38.38333333,30
114.0343333,38.41333333,30
105.0333333,37.56666667,20
105.0333333,37.56666667,20
97.83333333,40.81666667,20
76.17257055,38.92962935,20
117.324538,37.78418376,20
111.9448832,43.64245676,9.87
114.5333333,38.83333333,30
114.5333333,38.83333333,30
110.4412696,33.07335192,26.67
88.16443408,39.02380075,30
94.46666667,40.13333333,30
100.55,36.08333333,25
110.0166667,19.93333333,25
102.0833333,38.58333333,25
90.45,29.25,25
116.2584157,28.44405408,29.5
120.05,32.15,30
99.55,39.26666667,50
100.2,38.85,50
100.8113955,38.43059052,50
100.1623218,39.15263493,50
103.091508,38.62438177,50
94.9232,36.42833333,50
95.27634333,36.3898,21
100.3166667,25.73333333,21.7
109.9666667,34.78333333,21.81
114.3466667,37.37,30
114.3,34.06666667,30
110.4,22.3,20
114.9080543,34.89757643,200
110.05,31.13333333,195
106.5333333,38.36666667,390
99.712139,36.73333038,30
118.07,33.03333333,30
85.72570403,46.79305165,30
82.21666667,42.36666667,30
114.6885981,41.81666667,30
101.9166667,32.88333333,20
114.257,37.1258,20
117.1759277,29.06360319,20
122.6,42.76666667,20
117.9102095,37.23054392,20
115.7833333,34.55,30
106.55,37.81666667,40
118.5,33.95,31
115.9871908,40.27,31.08
90.23333333,42.85,20
112.926329,33.75356211,20.26
101.7666667,35.81666667,30
106.1333333,34.83333333,30
118.5533,28.62,8
118.7666667,28.9,29.96
117.6123427,36.27111933,10.5
117.65,35.38333333,20
102.1333333,36.61666667,20
105.7666667,37.61666667,30
117.573,33.025,20.02
94.42366667,40.15433333,50
102.8166667,23.61666667,300
86.17110284,41.72641612,20
84.2493051,41.77762988,20
113.4308333,36.52027778,250
106.5333333,38.36666667,250
117.6588726,35.53572278,30
105.6333333,38.88333333,30
102.8083333,39.43333333,10
105.6833333,39.66666667,30
120.7333333,43.98333333,30
104.5666667,35.83333333,20
114.1356965,31.61130681,20
110.4666789,33.04092946,30
123.4666667,39.93333333,20
123.5166667,39.96666667,20
123.6,39.98333333,20
109.6833333,41.45,19.52
110.65,41.85,20
114.1166667,42.33333333,20
120.7833333,43.15,20
108.519512,41.593346,20
110.6333333,40.58333333,20
119.35,30.08333333,10
111.6833333,36.56666667,10
100.35,25.76666667,40
104.9833333,25.56666667,40
106.9833333,37.96666667,380
109.6833333,38.8,300
112.978645,33.79653436,20.04
112.9443222,33.82674426,20
119.55,33.34345631,200
106.9,22.28333333,40
117.65,40.98333333,15
106.7166667,25.4,40
115.0915886,31.22137264,40
79.75,39.5,30
80.15,40.51666667,30
102.1222667,38.53,50
102.1676867,38.59,50
100.5241667,36.16666667,50
100.6232319,36.2982383,50
109.1470311,18.79956806,22.5
112.7766667,25.59866667,0.3
115.4833333,41.7,24
102.8666667,37.46666667,50
95.1,36.355233,50
98.96666667,39.98333333,30
104.05,40.18333333,13.84
111.3333333,40.35,20
113.2980525,31.86334841,40
113.8792486,31.67076797,30
119.132,32.76333333,100
113.3387845,35.2654,50
102.1476667,38.5,50
102.1699,38.54,50
102.1524667,38.56,50
120.3833333,33.3853642,18
115.4199665,28.49769308,18.5
113.9555278,41.02138712,30
107.25,36.81666667,30
94.45582367,40.13716667,30
94.48236667,40.17166667,30
93.65,43.01666667,20
93.58333333,43.05,20
111.3666667,40.41666667,20
102.15,38.6,50
102.1462258,38.54620019,50
99.74447953,36.75303581,20
100.6787677,36.23282998,20
116.8113751,36.26831127,20
109.4484909,23.12958505,20
112.7166667,25.51666667,20
105.9166667,38.81666667,20
105.6618968,38.8334017,20
105.7666667,37.63333333,30
105.7166667,37.63333333,30
105.4666667,37.38333333,30
119.8,33.76666667,30
121.15,42.1,19.5
116.8833333,33.98333333,20
76.71666667,39.5,5
123.4666667,47.85,20
115.6820939,36.32205633,20.01
91.34815,29.9,20
114.7166667,39.38333333,20
114.8666667,39.51666667,20
114.8333333,39.5,20
114.7,39.39333333,10
104,37.36666667,3.5
117.83,34.01,14
117.3,31.01666667,20
117.33,31.0466667,20
110.3333333,22.03333333,20
92.33333333,28.43333333,20
91.33333333,29.7,20
91.43333333,28.43333333,20
101.7666667,27.53333333,20
116.3,44.13333333,20
113.4754495,30.35639218,20
96.88333333,40.2,1
121.6333333,39.81666667,26
115.6819321,29.74599744,30
103.5629925,36.95,10
124.1,41.91666667,10
122.1833333,41.83333333,10
118.5391351,34.31666667,20
99.88,36.37785912,20
99.5387,36.97849491,20
95.24866667,36.34566667,20
99.53333333,36.08333333,20
114.703,38.61662,29.7
114.701,38.61667,29.7
120.95,31.30680964,30
97.60638889,37.61666667,20
95.26666667,36.38333333,20
118.0166667,33.03333333,10
98.59166667,39.547,15
116.6560463,31.01666667,15
112.258427,34.58125631,15
106.8833333,37.55,15
106.9,37.56666667,15
95.943333,36.9453,20
117.7004855,35.6041497,10
116.2221092,29.29586925,18
116.8078333,29.68733333,17.76
116.6273838,35.42643509,17.5
95.11833333,36.35,20
101.5166667,36.28333333,10
118.9833333,40.98333333,20
118.95,41.23333333,20
114.0333333,38.38333333,20
117.7038041,35.59232108,20
102.3999804,36.48199731,20
101.65,35.8,20
119.5333333,33.38333333,7
116.609542,28.253977,30
125.4,46.44316667,10
114.05,40.45,30
90.41666667,29.73333333,30
97.15483333,37.37266667,30
97.12353333,37.32246667,30
119.684,28.136,30
100.5666667,25.81666667,30
98.96666667,36.23333333,30
115.461989,28.76357542,18
115.4182576,28.74302456,20
92.2,36.32464,20
124.8172568,45.11736281,15
114.9833333,39.56666667,20
106.25232,37.94366667,30
105.0333333,37.56666667,30
115.7273882,29.70507036,30.1
104,37.36666667,30.5
114.5666016,25.8606924,30.6
107.1333333,37.9,30
107.8666667,37.25,30
118.6540319,37.58493295,30
107.8166667,25.98333333,30
117.7140547,35.5551014,20
95.23333333,36.362,10
123.5,43.51666667,10
120.2666667,41.71666667,10
124,47.78333333,10
124,47.78333333,10
94.9243,36.43556,10
100.5408333,36.08416667,10
119.133,37.13,25
106.0237445,38.04721102,10
114.5,37.55666667,28
102,24.58333333,28
90.2,37.4,20
104.3348552,23.6058347,30
119.5666667,33.52635122,10
100.4,38.7,10
116.8292491,36.28083304,10
116.3541667,34.40694444,20
117.304066,28.3568501,50
105.85,25.91666667,50
124.8172568,45.11736281,15
99.7233,37.29166667,20
99.61666667,36.16666667,20
95.27333333,36.3445,20
100.6,36.16666667,20
98.5325333,36.82431433,20
95.23333333,36.38333333,20
95.23333333,36.38333333,20
99.73379527,36.76730381,10
101.65,35.8,10
100.6676719,36.2454583,10
113.9833333,41.98333333,30
118.3333333,28.85,30
119.9833333,31.98333333,23.6
117.4833333,41.05,30
106.5,39.5,30
106.3666667,37.81666667,20
112.0333333,36.55,30
105.45,25.76666667,30
115.5250359,36.54730513,10
105.6833333,25.43333333,30
95.2323,36.35231,10
95.2,36.35,10
100.1343556,37.37878216,10
100.5166667,36.01833333,10
100.5233167,36.08333333,10
94.945,36.4198667,10
106.2,25.06666667,30
105.0133333,25.41666667,30
115.9652369,35.64186641,40
102.5,38.98333333,30
90.4015,29.75366667,21
91.01666667,29.98333333,30
91.33333333,29.7,30
79.51666667,36.91666667,20
81.88333333,36.75,20
115.4578523,28.46203925,20
114.92,27.67,19.7
118.19,32.78692824,20
116.91,32.6,20
113.9949786,31.31253924,20
114.3333333,37.31666667,20
114.2666667,37.13333333,20
118.7166667,28.86666667,20
118.9445012,40.446092,10
109.4076,21.5127,20
120.8166667,30.33333333,50
121.15,29.1,25
118,36.48333333,20
119.2666667,42.45,20
111.1873676,40.27736946,20
112.6166667,41.28333333,20
117.8005031,35.990731,18.5
117.3555817,33.68333333,20
116.2384983,36.84936722,15
119.01367,40.04666667,20
120.4549536,36.38978785,20
100.6166667,36.26666667,20
100.6166667,36.26666667,20
100.5333333,36.1,20
99.76567953,36.72430381,20
99.512,36.9794914,20
97.16666667,37.36666667,20
117.4131333,38.12466667,20
109.3179,21.7241,20
97.284,37.80992248,10
103.8200136,25.60050586,10
121.5376884,36.92271811,10
121.6083246,36.93604939,10
117.1287348,34.88187616,7
94.9723,36.47333333,10
89.58333333,46.25,30
100.8166667,38.41666667,30
123.35,45.83333333,20
117.1518486,29.04837652,30
90.21153357,42.86872021,30
116.3394981,28.01700449,19
113.9833333,36.98333333,20
113.8112171,36.91666667,20
95.16666667,36.22,20
94.92921,36.49433333,20
112.421454,35.492181,30
111.157491,37.523577,30
105.650555,36.570781,30
105.65656,25.392124,30
113.832593,31.622476,30
113.3166667,37.45,30
120.25,31.01666667,50
98.264,39.72727473,50
98.2164,39.77274729,50
104.0601656,37.18129231,30
102.6124028,37.9128294,30
119.9833333,33.6955283,10
106.7833333,39.25,10
106.7357272,39.2539163,20
106.7232377,39.26768392,10
105.7333333,37.63333333,10
124.9333333,44.28333333,10
116.85,34.83333333,10
105.7166667,25.35,30
119.9833333,28.98333333,30
120.3,32.9,30
115.92,31.98333333,18
117,38.77117757,18
118.5833333,40.43333333,15
117.0666667,38.88333333,11.5
115.0229432,31.23156266,55
121.3220514,37.5969412,20
107.5583333,37.10833333,50
102.1634347,38.57,100
102.198667,38.57,100
119.384,33.60539394,100
114.0333333,41.515,50
117.4166667,27.23333333,50
110.2763333,38.89266667,50
109.6326667,38.26546667,50
86.57199447,42.05908402,20
106.6166667,37.58333333,19.94
114.5843333,41.39833333,20
112.2262859,34.76688493,99.29
90.292515,43.840308,100
114.55,41.24,20
114.2583347,35.7011128,100
100.55,36.125,100
110.6833333,34.71666667,120
114.45,40.2,20
109.112,35.04,50
107.2333333,35.7,20
110.65,40.71666667,100
119.056,33.68,100
103.0315,23.71866667,10
119.51,32.643,100
110.1333333,40.68333333,100
107,38.41666667,50
108.2666667,37.85,50
119.4166667,32.76666667,100
81.96666667,44.83333333,60
117.5666667,31.93333333,100
114.8333333,40.31666667,80
121.3166667,28.15,80
108.1333333,23.3,20
108.6542488,21.94315478,60
116.63335,33.158,80
96.4,40.6,100
98.98333333,39.95,60
79.8576321,37.08460441,20
110.6,34.75,100
116.0344857,34.5,80
117.1063546,28.72608448,80
121.2,30.48333333,100
117.0166667,32.1,130
115.9833333,31.73,70
111.8666667,40.55,60
109.7005887,23.97636014,60
103.6166667,24.83333333,20
114.364,41.0588,60
105.75,37.65,100
107.7563333,30.33883333,100
102.65,24.48333333,18
103.2881426,24.77167077,66
90.21153357,42.86872021,20
90.21153357,42.86872021,20
111.6862263,32.40300956,60
115.0754022,31.2252296,60
76.7,39.28333333,20
111.3383333,40.73116667,130
106.4166667,37.73333333,50
117.4828927,35.1933491,20
113.3921339,31.86053022,100
116.4953868,35.73655616,100
120.2467,32.63,60
91.33333333,29.21666667,20
102.176,38.53,100
118.55,27.41666667,70
112.3833333,33.36666667,100
116,31.7,100
116.75,32.17,100
102.4166667,36.7,60
97.745,37.33434333,60
125.2666667,43.38333333,20
115.933,31.73,60
101.45,27.51666667,20
101.4,27.56666667,20
103,23.6,20
114.1,38.05333333,50
119.5666667,30.9,84.3
108.65,29.11666667,84.7
114.25,33.58333333,100
112.85,39.91666667,100
77.26666667,37.48333333,20
114.509474,36.861127,20
109.0481805,19.26168901,20
105.7333333,37.63333333,50
105.6666667,38.83333333,100
116.5166667,32.7,100
113.0230556,37.71861111,100
112.2116667,40.17,50
112.5166667,40.13333333,50
115.9233,31.73,75
115.7666667,31.63333333,40
101.7166667,26.58333333,34.31
111.6666667,40.75,70
116.8333333,32.55,70
79.72670272,37.2772152,130
105.1932045,37.4999433,130
114.3432055,33.3381585,147
96.75,39.18333333,100
111.0012171,38.7,20
107.6,37.58,110
114.0183108,33.19934187,110
101.6645466,26.04942994,50
114.2,37.63333333,20
116.9166667,33.48333333,60
115.3833333,42.56666667,20
102.6844028,37.98928294,100
116.31,33.02,100
113.9,36.65,24
107.1,37.9,100
111.7,41.51666667,60
112.7762714,32.14150648,100
93.51347871,42.81932966,20
93.51347871,42.81932966,20
93.51347871,42.81932966,20
109.7311667,23.08816667,60
94.43027778,40.06527778,100
115.0515647,31.17822006,100
90.3,44.03333333,100
116.55,32.83333333,150
118.6133333,40.18333333,50
114.0936667,41.15566667,50
110.4166667,41.46666667,40
121.1666667,30.46666667,100
117.9833333,33.26666667,100
115.9109007,31.98333333,50
115.91,31.73,100
118.5699853,37.90113217,49
116.4721473,32.98333333,60
116.2666667,32.8,130
121.4708763,45.06059657,20
103.9666667,37.38333333,15
103.3552917,24.86628056,60
103.5666667,24.81666667,40
95.27333333,36.3478,50
94.9,36.41666667,65
118.7833333,48.33333333,10
112.75,29.95,100
79.04432336,40.5081341,20
110.3333333,20.45,20
122.75,43.93333333,60
100.4510532,21.95752178,13
100.35,21.8,100
100.35,21.46666667,17
120.4166667,43.15,10
103.45,23.5,90
110.6188598,23.61666667,100
103,22.78333333,33
103.2833333,23.61666667,100
121.3,46.53333333,50
122.2833333,46.16666667,20
119.628,45.435,20
120.8333333,44.01666667,100
121.6,43.68333333,30
122.249,43.6518,150
120.2166667,43.98333333,10
118.2355645,36.19026632,20
79.04432336,40.5081341,20
123.9618692,44.27526781,20
90.292515,43.840308,100
110.3333333,21.06666667,98
117.8372429,29.26666667,99
104.7833333,26.71666667,100
117.8421421,35.99952468,100
118.3633,28.825,105.13
115.5824506,29.92102648,50
119.9933333,32.70416667,108
105.9,36.96666667,50
105.0666667,37.53333333,50
105.0666667,37.53333333,50
106.55,37.73333333,50
106.3354253,38.10256019,50.13
114.9333333,41.41666667,20
103.1,37.76666667,100
114.4466667,41.65333333,20
117.1718,23.7677,20
115.1833333,40.46666667,20
116.35,32.63333333,60
125.5833333,45.98333333,60
120.935,31.44274628,70
113.8624917,36.13635729,60
115.9833333,31.73,100
119.1700797,31.41666667,100
114.0175996,31.27444959,150
120.3166667,30.56666667,20
113.1341667,37.38333333,100
113.1344444,37.38194444,100
115.94,31.73,30
116.0018253,31.5,87
102.9833333,25.8,41
117.3333333,38.66666667,65
120.09,43.264,10
118.9172222,42.93355556,40
118.1825,42.6241,20
118.716588,31.4416,260
116.8833333,42.86666667,10
119.7444337,42.6,20
116.9166667,46.55,10
117.7,49.38333333,10
117.2,49.31666667,100
107.0029303,40.3305303,50
101.7,25.91666667,35
101.1666667,25.83333333,20
101.8166667,24.76666667,27
101.8666667,25.7,20
101.8166667,25.65,20
107.0029303,40.3305303,20
99.32,24.975,50
116.3666667,41.51666667,50
110.4262945,41.69859959,20
109,41.85,20
110.4,41.61666667,40
109.95,41.73333333,30
110.6166667,40.55,50
110.6333333,40.51666667,65
111.0833333,42.55,100
111.7,41.51666667,50
113.5666667,41.83333333,20
118.9676453,36.2842453,40
118.7833333,48.33333333,50
117.704471,32.537047,30
118.3303333,31.00916667,40
117.6423561,31.01083333,50
117.5833333,31.03333333,20
117.331,31.0267,20
116.6833333,33.91666667,50
113.5166667,41.55,50
112.1,41.01666667,20
112.0333333,40.01666667,20
112.4666667,40.51666667,50
113.8333333,40.86666667,50
112.7833333,40.3,30
117.5333333,31.31666667,20
116.75,34.11666667,20
99.99146389,26.12385833,30
100.5066667,25.87166667,30
100.3802444,25.74773889,20
100.5566667,25.83166667,30
116.9833333,33.58333333,20
116.9833333,33.6,20
116.75,33.46666667,40
117.405,33.55,20
117.4833333,33.88333333,10
102.6911972,23.96671389,10
117.7833333,31.26666667,20
113.05,40.76666667,30
113.05,40.78333333,50
113.4666667,41.03333333,10
113.6662333,42.42724667,30
112.3666667,41.43333333,10
113.0333333,41.13333333,10
101.0833333,26.68333333,30
99.91,24.17,30
122.3166667,46.1,14.4
122.0867769,46.07301579,30
119.9166667,30.9,50
113.4545013,31.78261038,100
99.61666667,22.4,40
103.3113889,27.50722222,20
90.93333333,45.23333333,40
116.0833333,31.98333333,20
106.8833333,39.11666667,10
106.8833333,39.11666667,10
107.0166667,40.31666667,10
109.9833333,23.26316667,60
125.75,45.88333333,20
106,40.88440278,20
106,40.88440278,30
108.2,41.04613333,30
108.2,41.08836162,50
106.8833333,41.58333333,40
107.0833333,41.56666667,30
106.8833333,41.6,20
110.3666667,41.58333333,10
114.2,40.05,20
115.63,40.85,20
116.05,41.2,16
115.6,40.71666667,20
100.9833333,36.6,50
106.1,40.31666667,10.07
108.261713,41.08836162,10
112.2327736,34.58597993,20
112.2591307,34.62736156,20
121.2333333,42.03333333,10
123.5166667,39.46666667,100
124.1333333,38.83333333,10
123.5472219,39.86196261,10
105.7,25.2,30
105.6166667,24.83333333,90
104.8833333,25.3,70
115.45,40.26666667,40
123.6833333,46.26666667,10
123.5833333,46.26666667,10
123.55,46.38333333,20
123.5,46.25,15
114.6748942,31.3081637,50
113.3864145,31.72293411,70
99.5564,36.94569491,50
117.3282734,28.31061545,25
114.6,38.85,20
114.7,38.68333333,20
114.4,38.43333333,20
107.8011444,37.51273889,50
100.3333333,36.05,10
100.5767667,36.06666667,10
99.72279527,36.79830381,10
100.5666667,36.21,10
101.55,36.08333333,20
100.5434167,36.21666667,320
100.6343187,36.2565683,100
100.5983333,36.2122453,100
118.7833333,41.35,20
118.7666667,41.23333333,30
113.7,35.55,20
111.7396733,34.41487187,18
117.1599845,34.07,10
118.5333333,33.91666667,20
117.9333333,33.13333333,10
118.2166667,33.72983611,9.9
118.2166667,33.46666667,100
117.9833333,33.25,100
118.3833333,33.76666667,15
117.9833333,33.26,100
121.6666667,41.8,10
99.5198,36.97845949,50
106.9166667,39.36666667,30
95.23223,36.3823,20
95.9143,36.9323333,20
95.231323,36.36867523,30
95.27333333,36.3478,20
95.2686667,36.38566667,20
118.4833333,33.68333333,15
116.5327071,32.53333333,8
116.7286986,28.73149136,80
118.7666667,32.25,9.6
118.8166667,32.35,10
116.7833333,38.05,30
118.234225,41.02015556,80
120.4483224,41.56567087,10
118.2448333,40.99266667,20
118.234225,41.02015556,20
117.8166667,41.68333333,20
117.9833333,41.18333333,20
114.8666667,40.96666667,22
108.6012445,23.43500588,60
98.28918655,39.77170387,50
111.3998333,27.83316667,19.97
114.1235313,31.64711599,20
114.2163465,31.61208688,180
114.9833333,29.98333333,100
95.2646,36.3431,100
95.21,36.351,100
94.932312,36.42434667,20
111.2189584,36.32325,30
112.55,29.6,20
112.856,29.31435,20
94.99773,36.4656667,20
94.9,36.22,20
95.21666667,36.33333333,100
95.23,36.352,100
107.0166667,34.73333333,20
109.0166667,39.15,100
110.0166667,39.28333333,50
110,39.2,100
109.1833333,37.63333333,50
114.6333,41.4018,500
114.5833333,41.35,30
114.5829611,39.83971667,50
114.5367,40.51233333,28
114.6259,41.2762,80
119.5833333,41.08333333,10
104.2,26.68333333,70
103.9383333,27.01666667,48
103.9183333,27.06666667,30
103.6166667,26.91666667,50
103.8681,27.2821,30
115.95,41.7,25
115.3,41.53333333,50
115.5341,40.1,10
115.5833333,40.35,20
90.63333333,47.11666667,20
87.71666667,46.41,20
87.48333333,46.95383333,20
87.48333333,47.01666667,20
87.7,46.65,20
79.70950833,40.61865,30
80.26132891,41.16770885,30
109.85,38.5,50
109.727559,38.28242,50
109.2,37.625,50
109.1152028,38.03803611,50
109.95,38.58333333,50
109.7,38.78333333,200
100.9166667,41.86666667,50
113.1467191,41.16535543,50
97.2823234,37.33571333,10
79.70950833,40.61865,30
86.30270556,42.01740833,30
113.6833333,37.86666667,50
112.5666667,39.05,50
112.8666667,40.01666667,50
119.4917048,36.91091083,50
97.13333333,37.36666667,20
97.25,37.36666667,20
97.25,36.91666667,20
97.36666667,37.36666667,100
97.28453254,37.33333333,40
97.28443254,37.32333333,10
97.31666667,37.36666667,100
97.33333333,37.36666667,100
97.3,37.36666667,100
80.76816667,41.486,20
79.63333333,40.58333333,30
79.63333333,40.56666667,20
79.39,40.36,20
79.66666667,40.58333333,30
79.63333333,40.58333333,20
79.61666667,40.56666667,20
119.9833333,32.38333333,20
82.26666667,41.55,20
82.96666667,41.71666667,20
79.76666667,41.05,20
79.76666667,41.06666667,30
80.23333333,41.22459167,20
105.04,25.38333333,50
104.6166667,25.98333333,50
105.71,26.17,30
90.46666667,44.06666667,20
90.34092222,43.941725,20
90.51666667,44.01666667,20
100.1816667,37.37878167,10
100.1516667,37.36561667,10
99.71333333,37.21666667,10
99.75333333,37.24516667,10
100.1716667,37.35456667,10
99.7878333,37.28166667,10
100.1241667,37.38166667,20
86.57199447,42.05908402,20
119.9333,32.38333333,15
119.2029639,34.5383,15
119,33.50156111,8
116.0449469,29.79834115,30
119.55,30.71666667,20
119.65,31.08333333,21.2
120.15,30.76666667,60
120.81,27.1,35
121.21,28.13,120
121.7,29.01666667,32.5
119.52,28.25,15
117.7526467,28.32430406,50
116.7344853,29.10291299,20
116.7651684,29.05094881,120
116.7937267,29.01557931,60
115.7327157,29.75171363,35
115.7177,28.356,20
116.097,27.75,30
116.6072623,28.30528529,11.1
113.5727598,30.98980397,10
106.860582,22.348299,30
100.1887167,37.34716667,20
100.1916667,37.33516667,10
113.9166667,39.98333333,70
114.8833333,38.61666667,20
116.4021213,26.37170461,60
114.28735,41.39,50
114.25,41.3,50
114.9283333,40.425,20
90.53333333,44.05,100
100.9506083,36.14043611,530
100.5833333,36.2,30
100.5266667,36.2842453,50
100.35,36.07,150
100.6166667,36.26666667,20
114.9166667,40.4,40
115.1333333,40.63333333,30
114.8333333,40.21666667,30
115.0833333,40.63333333,60
118.5,39.91666667,30
113.9695568,27.21501625,50
100.5833333,36.3,20
100.6166667,36.26666667,30
100.33,36.21165833,20
100.6186667,36.27466667,20
100.5666667,36.2982453,20
114.4666667,38.83333333,10
114.0065,41.5174,100
115.0145168,25.39366115,20
100.5666667,36.2,10
98.03333333,31.25,20
115.4095347,28.74750555,20
115.3585599,28.94604288,20
116.0114255,28.61868967,20
122.202,40.578,10.2
105.4166667,38.45,50
102.3999804,36.48199731,20
102.3999804,36.48199731,30
109.65,35.16666667,20
109.95,35.11666667,100
110.0166667,35.33333333,100
109.2833333,35.6,250
109.1,35.15,250
108.9833333,37.9,40
117.614122,39.33631098,80
98.123,39.8,30
98.16,39.78333333,49.5
98.05,39.73333333,50
98.1567,39.75,15
114.949275,27.13020612,14.02
114.629807,27.39884697,20
115.4253991,27.77383459,19.8
111.4833333,29.01666667,20
112.8168,28.585,20
112.8166667,28.58333333,60
119.0478083,29.09496667,45
118.95,28.93333333,30
118.75,33.47218866,30
118.88333,28.35,20
95.24,36.353,100
112.5666667,41.26666667,20
100.5833333,38.83333333,30
114.7090257,27.82872237,35
95.25,36.354,100
97.36666667,37.32,20
113.723542,31.29065764,20
116.8166667,34.8,8
108.11,21.543,20
116.15,34.11666667,18
119.9333333,32.91164809,20
120.3333333,30.25,82
121.8333333,29.08333333,20
105.9833333,23.63333333,20
119.5666667,33.2,100
119.1626167,32.52346667,15
117.61,34.08433333,10
118.5745,28.64833333,20
118.4933,29.12,160
116.6833333,34.46666667,20
116.65,34.78333333,40
119.1333333,31.95176872,10
119.1333333,31.15,10
119.9833333,31.98333333,100
119.6666667,31.48333333,20
119.3666667,31.41666667,30
118.15,33.56666667,40
95.24546323,36.34755231,150
95.28333333,36.3234,20
95.24563333,36.3424,50
94.94243,36.454333,20
124.4666667,42.13333333,15.4
117.554168,30.91666667,19.6
120.4,30.63333333,10
120.3833333,30.65,11.5
120.7385,30.85,30
114.3468806,37.18195278,30
114.3468806,37.18195278,20
120.4,41.339,500
124.05,42.45,15.8
124.05,42.45,15
93.57406,37.66422931,20
98.46236667,36.91666667,20
101.231175,36.07721667,12.12
100.2666667,36.73333333,16
120.6333333,41.26666667,10
119.9166667,41.16666667,10
116.9833333,33.98333333,20
114.2535871,36.25922458,30
112.9376748,33.8268414,70
112.9039766,34.19024617,20
94.48236667,40.17166667,50
106.5447673,37.45186401,50
113.245677,40.123545,50
111.8166667,37.28333333,50
113.6333333,38.13333333,50
124.9833333,45.98333333,10
125.0666667,46.16666667,80
125,46.13333333,20
125,46.13333333,20
98.16431,39.73559722,50
98.16,39.8,100
98.11,39.8,70
115.7166667,37.15,20
114.25,37.7,20
114.0166667,38.45,20
114.2675,38.0455,25
102.761523,38.12022258,30
102.6166667,37.91666667,50
102.2833333,38.10916389,50
102.3364083,38.10916389,50
102.4398028,38.10337778,50
102.3,38.10916389,9
102.71523,38.19222575,40
99.6,39.30833333,20
99.81666667,22.80992248,40
99.46666667,39.26666667,40
99.81666667,39.36666667,50
99.81666667,39.36666667,100
99.81666667,39.36666667,9
99.61666667,38.81666667,50
100.3666667,38.88333333,10
113.8236001,36.09755924,20
111.34,34.42,50
110.55,34.73333333,50
100.45,38.91666667,9
100.7963333,38.73433333,12
101.1,26.71666667,45.2
79.70950833,40.61865,20
114.0391667,37.95,20
118.8108083,40.35976944,20
118.85,39.745,20
115.2166667,36.86666667,30
114.1166667,37.03333333,20
115.1,37.26666667,50
90.3,44.01666667,20
98.26666667,39.8,50
103.5833333,36.71666667,49.5
113.432797,31.72832883,30
89.95,43.98333333,20
89.02745833,44.04184167,20
84.07057222,41.83858889,30
88.16443408,39.02380075,20
86.03131111,42.09485,20
120.4827187,36.44292545,60
95.23333333,36.35,60
114.1951333,39.15465,60
111.9448832,43.64245676,10
119.132,32.77333333,40
117.1664565,34.89211819,50
107.5,25.98666667,15
107.5,25.98666667,25
119.285,25.529,20
117.7,24.03333333,80
117.796,24.0366,30
97.56840741,30.65361643,20
97.2496,30.3431,20
114.1576417,35.78351944,50
119.5333333,32.54447284,10
119.5666667,33.169,100
109.699,40.2976,100
117.9833333,33.25,100
119.5666667,33.1667,100
119.5666667,33.168,10
110.6,21.36666667,50
119.6833333,48.55,10
119.6833333,48.55,20
124.1166667,48.66666667,10
109.583,40.2965,100
110.0643533,40.455,20
86.3,42.01666667,20
85.56666667,41.91666667,20
86.25,41.31666667,20
117.6561085,34.79930641,30
117.5545965,35.10816369,40
117.530992,35.1648072,10
117.5465232,35.15424156,10
117.5411361,35.10210597,20
117.4756668,35.11784849,20
117.8159801,35.93904596,50
117.5336227,35.12222049,20
117.7826106,35.97497065,10
86.4,42.31666667,20
88.25,42.36666667,30
86.4,42.31666667,30
86.04,42.17,20
86.4,42.31666667,30
86.4,42.31666667,20
86.86666667,42.26666667,30
86.86666667,42.26666667,30
120.41,33.63333333,10
119.8,33.3,30
120.25,33.76666667,10
120.25,32.47041473,20
120.4812722,33.82159722,15
120.3833333,33.65,20
85.72570403,46.79305165,100
102.1,38.58333333,25
86.01439722,46.51729444,20
86.01439722,46.51729444,20
77.51666667,38.98333333,20
82.2,46.03333333,30
112.323634,31.74082768,20
93.63333333,42.81932966,30
77.24306077,38.41423564,30
76.28333333,38.71666667,20
76.25,38.71666667,20
79.13333333,39.05,20
78.46666667,39.86666667,40
76.76666667,39.21666667,20
95.46666667,39.86666667,9.02
104.8166667,36.98333333,18
114.5329611,39.83967717,50
113.4,38.96666667,50
112.0333333,36.55,30
119.65,45.51666667,20
117.1699926,34.83736092,50
119.9333333,34.41666667,20
119.9,33.26485923,10
120.0333333,34.65,20
120.0333333,34.65,100
102.8,39.01666667,30
98.554667,39.745,20
98.52166667,39.765,20
98.52166667,39.7545,9
98.521,39.54,9
93.66978889,43.01859444,20
93.61666667,42.81932966,30
113.9123333,36.98333333,20
113.19102,39.79,20
113.0666667,39.48333333,30
113.0666667,39.48333333,30
117.3356675,35.68038689,20
94.31843056,41.87145556,50
93.61666667,42.81932966,20
93.6105,43.04533333,20
94.46666667,40.13333333,20
94.47566667,39.95537222,50
94.45,40.19233333,30
94.48333333,39.95537222,50
94.42366667,40.11666667,20
94.45,40.1,20
94.43433333,39.934222,50
98.59166667,39.745,8
105.1,35.86666667,20
100.8166667,38.41666667,9
101.0666667,38.76666667,50
100.9333333,38.85,49.5
94.93333333,43.6,20
78.24783333,37.53916667,20
117.18006,34.82211817,20
102.1624667,38.52,100
102.1966667,38.57,50
102.1657667,38.55,50
102.1366667,38.53,50
102.172567,38.58333333,100
102.1,38.56666667,50
102.0166667,38.56666667,25
120.3,38.26666667,50
102.2666667,38.26666667,50
117.9997724,36.69152149,20
125.4,47.6,20
94.28666667,39.54566667,9
94.24666667,39.56666667,80
94.21666667,39.56666667,20
99.078,39.9523,10
98.98333333,39.98333333,20
98.932,39.92666667,9
98.9545,39.916667,9
98.95,39.96346667,50
105.1333333,36.98333333,100
103.3515702,34.69267318,20
102.5333333,38.9,20
102.4711667,38.95533333,40
103.1333333,39.03333333,50
102.5166667,38.9,20
102.5166667,38.9,9
103.0745,38.6185,50
102.4508333,38.95633333,10
103.1333333,39.03333333,9
122.2,43.4,10
96.91666667,39.7,30
104.1166667,37.25,9.8
103.2881426,24.77167077,8
118.49,28.0523,15
117.316601,39.723194,60
100.2549389,38.99101667,9
102.3364083,38.10916389,50
102.6457703,37.96992829,50
102.3364083,38.10916389,50
102.3438333,38.11233333,30
119.6166667,45.46666667,30
122.262457,43.628712,150
122.049,37.35,20
122.048,37.33,20
117.414579,40.051509,10
117.9833333,33.445,100
112.2978298,31.74342287,19.9
96.77841389,40.26666667,20
97.33436333,40.70039259,30
97.85,40.81666667,20
110.0333333,35.08333333,50
110.0333333,35.08333333,50
89.98333333,42.95,50
76.68333333,39.26666667,20
76.44,39.16,20
90.01666667,42.95,50
118.53333,31.72,100
106.0575545,37.42565878,100
110.0333333,35.08333333,50
77.4,37.75,20
93.67,42.8234632,20
93.58333333,42.81932966,20
93.88333333,42.23333333,50
93.9,42.23333333,50
93.96666667,42.41666667,100
93.65,42.81932966,30
108.9833333,34.91666667,50
117.1013567,28.7149239,35
116.38368,37.49254103,40
117.2507124,37.75389026,15
117.9936974,35.34771517,20
121.8405,43.97433333,50
113.0166667,35.08333333,250
116.4,36.56666667,30
113.1159694,36.31744722,50
112.64752,24.470944,50
112.6460431,24.48144374,50
112.383573,24.786467,200
112.3333333,24.6,20
111.75,40.03333333,30
111.1013694,40.62191667,50
111.1166667,40.71666667,65
111.1562378,40.72955226,130
111.5166667,40.3,25
109.1333333,21.76666667,20
106.6,39.1,30
106.55,38.9,50
106.53,38.9,30
106.5166667,38.9,30
106.65,38.66666667,150
106.7833333,38.76666667,20
110.7684289,36.15353889,30
102.9833333,33.75,10
103.0148278,33.76230833,20
106.05,37.58333333,200
111.7,21.51666667,50
107.6333333,37.65,50
119.5166667,31.11666667,35
113.0666667,41.93333333,10
113.8833333,43.75,20
112.4,39.64666667,50
113.3353333,37.27666667,50
101.8333333,26.58333333,30
101.95,26.56666667,35
114.3666667,40.16666667,50
90.31666667,44.03333333,100
114.9136242,36.05575004,100
111.4833333,21.66666667,50
111.624481,21.758701,50
116.9833333,42.38333333,50
106.5166667,38.4,30
106.3,38.66666667,30
106.3354253,38.10256019,10.03
106.7566667,38.15,50
112.94,39.39166667,50
112.95,39.31666667,50
113.233037,37.731353,100
113.038073,37.756533,100
112.5666667,37.46666667,20
114.2306667,39.187,10
110.5666667,34.73333333,50
107.6666667,22.78144936,100
111.6,21.55,100.44
111.950002,21.86178773,20
111.73,21.91666667,50
110.8833333,21.73333333,100.006
111.9833333,36.98333333,10
117.9940035,34.33333333,12
116.0801088,43.9325881,20
105.8166667,38.63333333,30
106.7333333,38.15321111,100
105.35,37.6,30
106.7166667,39.33333333,10
106.7346667,39.2,20
106.7236667,39.2,20
106.75,39.35,100
106.6333333,39.16666667,30
106.7166667,39.33333333,10
102.55,32.78333333,20
101.9166667,32.88333333,10
108.5076773,41.58744548,20
107.327,41.0155,30
123,44.5,49.8
114.0333333,40.43666667,20
114.05,40.45,40
113.9827333,40.43515833,65
113.632,40.09564444,20
113.645,40.09564444,60
113.1166667,39.88333333,20
113.0666667,40.08333333,50
113.0333333,40.06666667,100
113.1166667,40.06666667,100
111.45,35.16666667,20
102.3333333,31.08333333,50
101.6166667,27.48333333,30
102.25,26.66666667,10
102.21,26.61666667,20
102.28,26.67666667,20
116.3166667,41.51666667,10
118.4907345,35.62066739,20
118.5083846,35.64902675,10
116.8362191,36.79906196,20
98.5876667,39.725323,50
110.4833333,34.71666667,50
110.8749,34.8097,150
111.5629925,35.49163971,30
110,34.78333333,50
110.6666667,35.68333333,50
112.5624,39.3286,50
112.5333333,39.31666667,50
88.88292214,29.26313892,30
87.7,29.15,20
89.66666667,28.58333333,15
90.4512,29.259,20
90.814555,29.74029,100
116.54,25.08333333,10
95.46666667,39.86666667,50
121.8253333,43.97016667,50
121.0166667,31.41280216,150
115.9166667,31.76666667,150
117.915613,36.17564038,10
117.6377144,36.3309614,10
110.09,20.4,40
113.5166667,38.06666667,50
113.62,37.8,100
113.65,37.76666667,100
119.52,32.6533333,20
102.6666667,26.58333333,30
101.5807411,27.49188863,50
108.4333333,40.1,10
115.8333333,41.25,100
117.7846569,35.92486042,20
106.298,37.9787667,10
125.7,42.31666667,10
106.1945868,37.99741114,20
106.5333333,37.46666667,20
105.7166667,37.43862222,20
106.2166667,38.48333333,10
117.0697965,39.13436389,174
117.2758,38.803,34
117.8833333,39.3,55
106.0833333,36.95,30
105.3333333,37.51666667,30
105.4666667,37.33333333,10
105.1932045,37.4999433,100
78.2475,37.53533333,20
118.8833333,32.78333333,18
118.73,33.156,30
119.0466083,33.50114722,8
80.21666667,37.07380833,20
80.21666667,37.07380833,20
80.21666667,37.07380833,20
110.3333333,20.758,60
110.091,20.4001,20
117.8311619,35.97918077,10
110.7262251,32.91768357,20
89.18794035,42.95102809,50
89.33333333,42.95102809,20
89.28333333,42.95102809,20
81.28333333,44.91666667,30
123.6833333,45.4,100
123.4967812,43.51846904,30
123.9,43.45,20
123.6333333,43.86666667,15
124,44.4,15
124.0333333,44.96666667,20
129.4192658,42.7658588,20
117.25,38.7,40
84.53333333,45.91666667,50
75.88333333,39.76666667,30
75.41666667,39.75,30
75.55,39.05,60
75.46666667,39.08333333,40
75.25526667,39.68333333,20
80.8745,44.04316667,30
80.81666667,43.98333333,50
82.45,43.85,20
80.8,43.7,30
91.404,36.508,20
79.76666667,37.07380833,20
79.76666667,37.07380833,20
79.76666667,37.07380833,20
90.20166667,42.8685,20
89.58,42.86872021,20
88.3,42.23333333,90
88.31666667,42.25,50
89.33333333,43.13333333,20
89.17,42.95,20
89.28333333,43.11666667,20
89.46555278,43.001,20
89.3,43.11666667,40
89.28333333,43.12708056,40
116.4806024,37.23600668,20
111.2333333,40.25,31
111.3666667,40.41666667,100
111.4666667,40.45,40
111.1666667,40.26666667,100
114.0833333,42.2,20
119.9333333,32.5,20
119.9333333,32.94666667,9
115.85,42.35,50
107.4833333,40.46666667,33
107.9833333,38.95,10
109.70322,40.3044,100
109.6956,40.287,200
112.4912586,30.10723879,100
90.63333333,36.8,20
114.3096679,26.96659771,20
105.2833333,37.4999433,100
105.05,37.56666667,10
105.05,37.33,20
105.0666667,37.53333333,50
118.9166667,42.85,10
119.1666667,34.78333333,15
119.62,34.23,15
113.1833333,34.16666667,20
110.36,19.6293,20
109.2412,19.8381,15
109.1666667,18.75,20
109.9,38.66666667,100
117.4666667,25.51666667,20
102.1789667,38.54,50
102.176867,38.56,100
102.18,38.5,70
102.25,38.33333333,200
119.9833333,33.98333333,10
116.6682512,37.47342277,10
116.6614688,37.4683948,49.09
106.3166667,37.45,20
111.7666667,40.7,20
111,41.25,10
110.5166667,40.78333333,30
105.9833333,37.98333333,150
102.11367,38.59,50
101.6748333,26.18233333,50
112.5866667,40.18333333,50
110.6,34.6666667,50
109.4,38.35,50
109.5453333,38.76333333,50
105.1746667,37.51866667,100
105.4166667,37.91666667,20
105.6833333,37.48333333,30
105.4166667,37.91666667,10
105.6618968,38.8334017,40
113.05,44.11666667,10
113.05,44.11666667,10
108.5333333,21.65,60
110.6988598,34.69487087,80
113.8333333,38.28333333,100
117.7896667,31.79266667,20
101,25.93333333,50
101.6645466,26.04942994,40
114.5833333,41.35,50
115.1133333,40.43266667,50
100.3,25.73333333,50
113.9102956,31.69773115,50
109.2456333,38.13216667,50
117.2854213,35.72771851,30
117.5497687,37.50795877,20
117.5784658,37.53403675,10
115.7432616,36.31641477,20
115.4687129,36.52426949,40
115.5255447,36.48551172,70
115.9833333,36.98333333,18
116.0994632,34.81767016,10
121.2241753,36.72346012,20
118.6176468,37.64591683,40
118.6104566,37.5822565,40
119.229,42.929,10
121.2009297,36.71297849,20
120.4997336,37.43707271,15
107.9833333,39.06,30
105.6618968,38.8334017,20
107.0333333,40.27173056,100
107.1166667,40.25,10
115.9184798,34.45485454,50
111.9833333,41.98333333,10
111.2159,23.4232,20
112.800445,22.257923,13
113.45,40.3,50
112.709463,40.019623,100
113.9833333,40.45,50
116.790115,35.557952,40
96.25354,36.92466667,50
105.0333333,37.55,50
105.0333333,37.51666667,20
105.3333333,37.51666667,20
107.1,41.56666667,20
106.9833333,41.45,50
107.0695863,41.08349131,40
108.65,40.71666667,20
108.15,40.73333333,50
108.9833333,41.98333333,20
108.7833333,40.53333333,100
108.5166667,41.56666667,40
108.3833333,41.86666667,10
108.3833333,41.86666667,20
126.2833333,41.85,15
127.2928389,41.61989167,15
123.4333333,45.5,49.8
123.1666667,45.68333333,100
122.9833333,45.86666667,100
122.9833333,45.88333333,100
100.0333333,31.61666667,50
100.8166667,31.31666667,50
113.65,37.85,50
113.53465,38.0764,20
113.5456,38.093,50
112.6166667,38.16666667,50
123.85,43.98333333,70
116.6627206,33.14,50
116.13,30.39,50
108.9,37.76666667,50
112.9,39.95,100
100.4510532,21.95752178,17
103.1333333,39.03333333,50
109.9833333,39.96666667,50
95.08333333,36.36666667,50
99.577,36.147,50
112.5546762,34.24404689,50
93.85,42.23333333,150
97.35,37.36666667,100
94.33333333,41.86666667,50
79.93333333,37.26666667,50
117.2164086,34.88656634,50
112.6744695,30.71892455,50
115.534816,36.49872127,50
117.003,38.966,94
117.3333333,38.66666667,95
95.278333,36.312333,50
115.1833333,41.55,50
123.9666667,45.61666667,100
113.22473,40.1009324,100
112.9,39.98333333,100
90.36266667,28.9,50
114.325,37.45,40
117.635,33.98333333,50
117.5666667,33.85,50
103.95,25.45,10
110,35.21666667,100
114.8416667,36.80833333,50
116.9658819,33.83333333,3
116.9666667,33.81666667,50
117,33.45,50
115.6612762,25.00141505,10
101.5166667,27.61666667,50
100.79,27.12,50
119.65,45.4,10
114.9833333,39.98333333,12
110.9833333,21.95,89.4
113.5666667,24.6,36.9
113.8833333,38.01666667,100
116.8361667,32.82033333,150
115.4166667,33.06666667,20
115.4166667,33.06666667,20
94.47823667,40.12716667,20
106.5769873,37.41577005,20
117.4333333,41.68333333,19.6
94.25,39.6,20
105.5,37.53333333,20
105.0333333,37.56666667,20
106.0666667,37.65,30
108.8166667,40.43333333,200
114.411804,35.93554091,100
98.2364,39.757,70
114.4333333,36.2,100
114.75,36.35,100
114.7,40.33333333,50
102.3166667,38.25,100
113.3166667,38.06666667,100
103.4666667,38.13333333,100
107.6,37.55,50
116.0125255,33.76666667,100
116.73,32.16666667,100
116.73,32.16666667,100
120.097488,27.793217,23
119.7,28.91666667,23.5
117.1166667,38.85,24
109.9123333,21.58666667,30
117.0720046,36.27359652,16.2
114.9690384,26.88377463,30
114.9166667,38.81666667,30
114.7666667,38.88333333,30
115.0152389,31.26435709,50.44
119.8333333,30.93333333,30
109.8,41.58333333,30
122.4333333,42.81666667,30
105.3333333,37.58333333,20
105.1666667,37.51666667,20
118.0224574,36.72576743,20
117.8323916,37.19687696,8.5
105.1932045,37.4999433,30
106,37.3,30
110.3426667,38.6642,40
110.9333333,40.28333333,40
114.6,41.83333333,13
114.6657,38.8126,30
102.3166667,38.48333333,30
118.3077344,40.14147181,40
100.55,36.08333333,25
122.6798329,40.88188151,25
108.8333333,19.2,25
98.91666667,37.16666667,25
93.59166667,43.017,20
118.6321525,37.58657727,25
104.1290054,26.90690897,85
120.95,30.93333333,35
114.05,38.21666667,30
90.21153357,42.86872021,20
90.74215714,29.35287427,40
93.51347871,42.81932966,40
114.02473,31.28627334,40
110.075,20.271,40
113.23,37.73,30
129.8975431,46.72968558,30
100.6,36.15,200
119.3833333,28.44129917,35
112.2666667,40.1,35
119.6833333,31.68756204,35
112.1,41.01666667,35
121.4833333,29.5,35.2
114.9063889,20.06666667,46
109.8223,37.6325,38
106.3354253,38.10256019,39
90.21153357,42.86872021,20
120.31,32.86,20
117.06965,28.77606905,20
118.6823267,40.86532333,30
114.711,38.6165,30
106.3833333,37.51666667,30
