1,431,926,17.5,109.0625,69000000.0,0.268,868.43,Hainan,18.25248,109.51209,96.25318513036036,130.36947932684677
2,431,927,17.5,109.375,5000000.0,0.277,65.16,Hainan,18.25248,109.51209,84.92036343926982,130.36947932684677
3,431,928,17.5,109.6875,170000000.0,0.286,2271.97,Hainan,18.25248,109.51209,85.70634116491793,130.36947932684677
4,431,929,17.5,110.0,200000000.0,0.292,2701.61,Hainan,18.25248,109.51209,98.32091150645653,130.36947932684677
6,432,924,17.75,108.4375,210000000.0,0.258,2573.92,Hainan,18.25248,109.51209,126.6321872745408,130.36947932684677
7,432,925,17.75,108.75,630000000.0,0.248,7340.47,Hainan,18.25248,109.51209,98.06579907108413,130.36947932684677
8,432,926,17.75,109.0625,150000000.0,0.253,1818.51,Hainan,18.25248,109.51209,73.36432834410074,130.36947932684677
9,432,927,17.75,109.375,0.0,0.266,0.0,Hainan,18.25248,109.51209,57.72342733615074,130.36947932684677
10,432,928,17.75,109.6875,8000000.0,0.278,104.74,Hainan,18.25248,109.51209,58.87202173344686,130.36947932684677
11,432,929,17.75,110.0,200000000.0,0.286,2621.66,Hainan,18.25248,109.51209,76.05318488758745,130.36947932684677
12,432,930,17.75,110.3125,500000000.0,0.292,6810.8,Hainan,18.50596,110.0372,88.95087937100148,122.65533347333722
13,432,931,17.75,110.625,38000000.0,0.301,537.39,Hainan,18.50596,110.0372,104.51908700579769,122.65533347333722
14,433,923,18.0,108.125,0.0,0.277,0.0,Hainan,19.09614,108.65367,134.0221008329491,0.21375089871637976
15,433,924,18.0,108.4375,820000000.0,0.253,9719.46,Hainan,18.74986,109.17361,113.95675281234904,66.99434394778905
16,433,925,18.0,108.75,810000000.0,0.227,8587.25,Hainan,18.25248,109.51209,85.2881288910367,130.36947932684677
17,433,926,18.0,109.0625,520000000.0,0.218,5383.08,Hainan,18.25248,109.51209,55.18590447520715,130.36947932684677
18,433,927,18.0,109.375,450000000.0,0.209,4366.12,Hainan,18.25248,109.51209,31.592029121883787,130.36947932684677
19,433,928,18.0,109.6875,740000000.0,0.223,7748.16,Hainan,18.25248,109.51209,33.64205075420688,130.36947932684677
20,433,929,18.0,110.0,330000000.0,0.26,3981.97,Hainan,18.50596,110.0372,56.39716274300124,122.65533347333722
21,433,930,18.0,110.3125,340000000.0,0.287,4555.22,Hainan,18.50596,110.0372,63.327420393166555,122.65533347333722
22,433,931,18.0,110.625,180000000.0,0.295,2526.6,Hainan,18.50596,110.0372,83.77385654941091,122.65533347333722
23,433,932,18.0,110.9375,0.0,0.308,0.0,Hainan,18.79532,110.38975,105.64524781594308,117.18800949991582
24,434,922,18.25,107.8125,0.0,0.305,0.0,Hainan,19.09614,108.65367,129.24334948933222,0.21375089871637976
25,434,923,18.25,108.125,0.0,0.291,0.0,Hainan,19.09614,108.65367,109.332864589395,0.21375089871637976
26,434,924,18.25,108.4375,590000000.0,0.258,7127.23,Hainan,18.74986,109.17361,95.46964019464883,66.99434394778905
27,434,925,18.25,108.75,920000000.0,0.207,8911.37,Hainan,18.74986,109.17361,71.30683416293337,66.99434394778905
28,434,926,18.25,109.0625,820000000.0,0.141,5419.34,Hainan,18.25248,109.51209,47.47792946723013,130.36947932684677
29,434,927,18.25,109.375,560000000.0,0.106,2793.54,Hainan,18.25248,109.51209,14.479462992013632,130.36947932684677
30,434,928,18.25,109.6875,540000000.0,0.116,2912.21,Hainan,18.25248,109.51209,18.5255181809594,130.36947932684677
31,434,929,18.25,110.0,900000000.0,0.205,8620.54,Hainan,18.50596,110.0372,28.730884028480126,122.65533347333722
32,434,930,18.25,110.3125,410000000.0,0.28,5442.67,Hainan,18.50596,110.0372,40.669321045767575,122.65533347333722
33,434,931,18.25,110.625,85000000.0,0.292,1168.69,Hainan,18.79532,110.38975,65.51360897136207,117.18800949991582
34,434,932,18.25,110.9375,59000000.0,0.308,853.51,Hainan,18.79532,110.38975,83.7381143038652,117.18800949991582
35,434,933,18.25,111.25,0.0,0.321,0.0,Hainan,18.79532,110.38975,109.10210666932807,117.18800949991582
36,435,922,18.5,107.8125,0.0,0.331,0.0,Hainan,19.09614,108.65367,110.60799330571449,0.21375089871637976
37,435,923,18.5,108.125,0.0,0.322,0.0,Hainan,19.09614,108.65367,86.55014061460679,0.21375089871637976
38,435,924,18.5,108.4375,480000000.0,0.288,6489.36,Hainan,19.09614,108.65367,70.08454162558868,0.21375089871637976
39,435,925,18.5,108.75,510000000.0,0.197,4733.02,Hainan,18.74986,109.17361,52.57673267707472,66.99434394778905
40,435,926,18.5,109.0625,26000000.0,0.098,119.57,Hainan,18.74986,109.17361,30.14925207460245,66.99434394778905
41,435,928,18.5,109.6875,19000000.0,0.072,64.6,Hainan,18.63905,109.70259,15.543252173296015,98.91457512845165
42,435,929,18.5,110.0,230000000.0,0.134,1458.82,Hainan,18.50596,110.0372,3.978215340912184,122.65533347333722
43,435,930,18.5,110.3125,900000000.0,0.253,10645.4,Hainan,18.50596,110.0372,29.03710459283835,122.65533347333722
44,435,931,18.5,110.625,740000000.0,0.295,10203.7,Hainan,18.79532,110.38975,41.141847718055715,117.18800949991582
45,435,932,18.5,110.9375,62000000.0,0.31,905.22,Hainan,18.79532,110.38975,66.39820745768044,117.18800949991582
46,435,933,18.5,111.25,0.0,0.325,0.0,Hainan,18.79532,110.38975,96.39908469701213,117.18800949991582
47,436,922,18.75,107.8125,0.0,0.358,0.0,Hainan,19.09614,108.65367,96.48757838312858,0.21375089871637976
48,436,923,18.75,108.125,0.0,0.361,0.0,Hainan,19.09614,108.65367,67.62897453499887,0.21375089871637976
49,436,924,18.75,108.4375,420000000.0,0.335,6546.82,Hainan,19.09614,108.65367,44.703635484806064,0.21375089871637976
50,436,925,18.75,108.75,230000000.0,0.191,2073.32,Hainan,19.09614,108.65367,39.80039354271441,0.21375089871637976
51,436,930,18.75,110.3125,170000000.0,0.191,1514.75,Hainan,18.79532,110.38975,9.567571353783393,117.18800949991582
52,436,931,18.75,110.625,880000000.0,0.294,12170.79,Hainan,18.79532,110.38975,25.27452249196368,117.18800949991582
53,436,932,18.75,110.9375,670000000.0,0.317,9949.74,Hainan,18.79532,110.38975,57.886690063023735,117.18800949991582
54,436,933,18.75,111.25,3000000.0,0.33,46.6,Hainan,18.79532,110.38975,90.70684794304437,117.18800949991582
55,437,922,19.0,107.8125,0.0,0.382,0.0,Hainan,19.09614,108.65367,89.05625855294797,0.21375089871637976
56,437,923,19.0,108.125,0.0,0.396,0.0,Hainan,19.09614,108.65367,56.585593123965786,0.21375089871637976
57,437,924,19.0,108.4375,290000000.0,0.382,5154.65,Hainan,19.09614,108.65367,25.110147183704978,0.21375089871637976
58,437,925,19.0,108.75,140000000.0,0.248,1588.55,Hainan,19.09614,108.65367,14.72398595362158,0.21375089871637976
59,437,930,19.0,110.3125,0.0,0.133,0.0,Hainan,18.79532,110.38975,24.166798222712313,117.18800949991582
60,437,931,19.0,110.625,730000000.0,0.209,7164.76,Hainan,19.25838,110.47464,32.7865724647513,92.02546715538288
61,437,932,19.0,110.9375,910000000.0,0.32,13680.22,Hainan,19.25838,110.47464,56.47920430947218,92.02546715538288
62,437,933,19.0,111.25,83000000.0,0.338,1319.58,Hainan,19.54329,110.79774,76.83082401146677,83.86478525610325
63,437,934,19.0,111.5625,0.0,0.345,0.0,Hainan,19.54329,110.79774,100.46425814612657,83.86478525610325
64,438,922,19.25,107.8125,0.0,0.398,0.0,Hainan,19.09614,108.65367,89.98678458580316,0.21375089871637976
65,438,923,19.25,108.125,0.0,0.415,0.0,Hainan,19.09614,108.65367,58.10060497571512,0.21375089871637976
66,438,924,19.25,108.4375,120000000.0,0.415,2242.98,Hainan,19.09614,108.65367,28.42809126627873,0.21375089871637976
67,438,925,19.25,108.75,190000000.0,0.306,2692.38,Hainan,19.09614,108.65367,19.876062540484693,0.21375089871637976
68,438,931,19.25,110.625,470000000.0,0.164,3605.67,Hainan,19.25838,110.47464,15.811555696674866,92.02546715538288
68,438,931,19.25,110.625,470000000.0,0.164,3605.67,Hainan,19.25838,110.47464,15.811555696674866,92.02546715538288
69,438,932,19.25,110.9375,910000000.0,0.295,12665.59,Hainan,19.54329,110.79774,35.755258225341535,83.86478525610325
70,438,933,19.25,111.25,530000000.0,0.347,8658.61,Hainan,19.54329,110.79774,57.563969173614744,83.86478525610325
71,438,934,19.25,111.5625,0.0,0.35,0.0,Hainan,19.54329,110.79774,86.58708068933208,83.86478525610325
72,438,935,19.25,111.875,0.0,0.353,0.0,Hainan,19.54329,110.79774,117.59915284060064,83.86478525610325
73,439,922,19.5,107.8125,0.0,0.406,0.0,Hainan,19.09614,108.65367,99.04375507826954,0.21375089871637976
74,439,923,19.5,108.125,0.0,0.42,0.0,Hainan,19.09614,108.65367,71.37878567647198,0.21375089871637976
75,439,924,19.5,108.4375,0.0,0.421,0.0,Hainan,19.09614,108.65367,50.3122815018021,0.21375089871637976
76,439,925,19.5,108.75,540000000.0,0.347,8854.72,Hainan,19.29828,109.05559,39.12002125384026,48.03145885252907
77,439,926,19.5,109.0625,140000000.0,0.169,1110.33,Hainan,19.29828,109.05559,22.441945867285348,48.03145885252907
78,439,931,19.5,110.625,65000000.0,0.156,475.87,Hainan,19.54329,110.79774,18.732681476794347,83.86478525610325
79,439,932,19.5,110.9375,760000000.0,0.269,9535.41,Hainan,19.54329,110.79774,15.417947685230576,83.86478525610325
80,439,933,19.5,111.25,260000000.0,0.362,4425.49,Hainan,19.54329,110.79774,47.64195663915012,83.86478525610325
81,439,934,19.5,111.5625,0.0,0.353,0.0,Hainan,19.54329,110.79774,80.29343291891489,83.86478525610325
82,439,935,19.5,111.875,0.0,0.355,0.0,Hainan,19.54329,110.79774,113.00237717174915,83.86478525610325
83,440,922,19.75,107.8125,0.0,0.407,0.0,Hainan,19.09614,108.65367,114.31163215313684,0.21375089871637976
84,440,923,19.75,108.125,0.0,0.416,0.0,Hainan,19.09614,108.65367,91.43129435176071,0.21375089871637976
85,440,924,19.75,108.4375,0.0,0.409,0.0,Hainan,19.09614,108.65367,76.15791083068308,0.21375089871637976
86,440,925,19.75,108.75,110000000.0,0.37,1913.4,Hainan,19.29828,109.05559,59.570307192027606,48.03145885252907
87,440,926,19.75,109.0625,690000000.0,0.262,8487.69,Hainan,19.29828,109.05559,50.2341923721661,48.03145885252907
88,440,927,19.75,109.375,100000000.0,0.168,813.03,Hainan,19.52093,109.58069,33.35920752889529,0.02598780620189512
89,440,928,19.75,109.6875,10000000.0,0.139,65.15,Hainan,19.91243,109.69077,18.064630432415804,45.006796959839164
90,440,931,19.75,110.625,0.0,0.205,0.0,Hainan,19.68121,110.3593,28.84521918667353,43.713588799124736
91,440,932,19.75,110.9375,250000000.0,0.312,3698.82,Hainan,19.54329,110.79774,27.249293064166167,83.86478525610325
92,440,933,19.75,111.25,760000000.0,0.363,13049.2,Hainan,19.54329,110.79774,52.64420171995716,83.86478525610325
93,440,934,19.75,111.5625,68000000.0,0.355,1136.2,Hainan,19.54329,110.79774,83.31989947488732,83.86478525610325
94,440,935,19.75,111.875,0.0,0.355,0.0,Hainan,19.54329,110.79774,115.12988737714323,83.86478525610325
95,441,923,20.0,108.125,0.0,0.405,0.0,Hainan,19.09614,108.65367,114.76032382254614,0.21375089871637976
96,441,924,20.0,108.4375,0.0,0.39,0.0,Hainan,19.29828,109.05559,101.37923292230772,48.03145885252907
97,441,925,20.0,108.75,0.0,0.356,0.0,Hainan,19.29828,109.05559,84.33500367017297,48.03145885252907
98,441,926,20.0,109.0625,77000000.0,0.299,1083.85,Hainan,19.91243,109.69077,66.38356402523368,45.006796959839164
99,441,927,20.0,109.375,630000000.0,0.241,7104.63,Hainan,19.91243,109.69077,34.41014045614844,45.006796959839164
100,441,928,20.0,109.6875,540000000.0,0.209,5289.73,Hainan,19.91243,109.69077,9.743335900659808,45.006796959839164
101,441,929,20.0,110.0,570000000.0,0.187,4998.23,Hainan,20.04422,110.19989,21.454435902818904,0.16859019507386439
102,441,930,20.0,110.3125,280000000.0,0.211,2774.7,Hainan,20.0076,110.29357,2.1508997491513235,10.745262359599652
103,441,931,20.0,110.625,290000000.0,0.265,3643.74,Hainan,20.02864,110.36663,27.18157815686273,17.6680685443116
104,441,932,20.0,110.9375,640000000.0,0.348,10475.38,Hainan,19.54329,110.79774,52.847621287663046,83.86478525610325
105,441,933,20.0,111.25,900000000.0,0.372,15737.12,Hainan,19.54329,110.79774,69.41598068063723,83.86478525610325
106,441,934,20.0,111.5625,480000000.0,0.357,8017.01,Hainan,19.54329,110.79774,94.77781057666552,83.86478525610325
107,441,935,20.0,111.875,0.0,0.354,0.0,Hainan,19.54329,110.79774,123.63503512789417,83.86478525610325
108,442,924,20.25,108.4375,0.0,0.372,0.0,Hainan,19.29828,109.05559,124.0244141780663,48.03145885252907
109,442,925,20.25,108.75,0.0,0.338,0.0,Hainan,19.91243,109.69077,105.17522117875312,45.006796959839164
110,442,926,20.25,109.0625,0.0,0.295,0.0,Hainan,19.91243,109.69077,75.59135318353634,45.006796959839164
111,442,927,20.25,109.375,21000000.0,0.259,255.5,Hainan,19.91243,109.69077,49.96463039818144,45.006796959839164
112,442,928,20.25,109.6875,740000000.0,0.243,8447.69,Guangdong,20.32652,110.17502,51.5535541425267,106.72340057805238
113,442,929,20.25,110.0,600000000.0,0.255,7196.41,Guangdong,20.32652,110.17502,20.139603984362786,106.72340057805238
114,442,930,20.25,110.3125,540000000.0,0.265,6750.68,Guangdong,20.32652,110.17502,16.673159084825873,106.72340057805238
115,442,931,20.25,110.625,890000000.0,0.298,12438.37,Hainan,20.02864,110.36663,36.51559005607472,17.6680685443116
116,442,932,20.25,110.9375,900000000.0,0.355,15065.0,Hainan,20.02864,110.36663,64.479539394382,17.6680685443116
117,442,933,20.25,111.25,910000000.0,0.367,15611.71,Hainan,19.54329,110.79774,91.71289565377772,83.86478525610325
118,442,934,20.25,111.5625,570000000.0,0.356,9484.43,Hainan,19.54329,110.79774,112.11118836167911,83.86478525610325
119,443,925,20.5,108.75,0.0,0.32,0.0,Hainan,19.91243,109.69077,117.9236601943313,45.006796959839164
120,443,926,20.5,109.0625,0.0,0.285,0.0,Guangdong,20.91444,110.09651,117.00598747854002,48.09432874152775
121,443,927,20.5,109.375,0.0,0.257,0.0,Guangdong,20.32652,110.17502,85.57410920008157,106.72340057805238
122,443,928,20.5,109.6875,540000000.0,0.253,6390.05,Guangdong,20.32652,110.17502,54.34424261530669,106.72340057805238
123,443,929,20.5,110.0,140000000.0,0.289,1941.56,Guangdong,20.32652,110.17502,26.547606963461313,106.72340057805238
124,443,930,20.5,110.3125,33000000.0,0.307,476.69,Guangdong,20.32652,110.17502,24.028576591612783,106.72340057805238
125,443,931,20.5,110.625,810000000.0,0.307,11702.46,Guangdong,20.32652,110.17502,50.705900436707324,106.72340057805238
126,443,932,20.5,110.9375,900000000.0,0.347,14735.74,Guangdong,20.32652,110.17502,81.76744925962984,106.72340057805238
127,443,933,20.5,111.25,890000000.0,0.357,14884.1,Guangdong,20.32652,110.17502,113.67427087431732,106.72340057805238
128,443,934,20.5,111.5625,250000000.0,0.349,4107.59,Hainan,19.54329,110.79774,133.04308016619737,83.86478525610325
133,444,925,20.75,108.75,0.0,0.305,0.0,Guangxi,21.44872,109.13916,87.55686945597749,4.128966115409237
134,444,926,20.75,109.0625,61000000.0,0.274,784.95,Guangdong,20.91444,110.09651,109.00446270648716,48.09432874152775
135,444,927,20.75,109.375,400000000.0,0.249,4676.65,Guangdong,20.91444,110.09651,77.18051683307893,48.09432874152775
136,444,928,20.75,109.6875,610000000.0,0.257,7380.69,Guangdong,20.91444,110.09651,46.272543011144045,48.09432874152775
137,444,929,20.75,110.0,8000000.0,0.286,107.64,Guangdong,20.91444,110.09651,20.855105391873103,48.09432874152775
138,444,930,20.75,110.3125,400000000.0,0.285,5309.04,Guangdong,20.91444,110.09651,28.951686490950458,48.09432874152775
139,444,931,20.75,110.625,900000000.0,0.298,12544.85,Guangdong,21.19169,110.39821,54.466837919202824,9.664322630932203
140,444,932,20.75,110.9375,900000000.0,0.329,13927.0,Guangdong,21.24475,110.4555,74.36521051992179,10.370871393282705
141,444,933,20.75,111.25,810000000.0,0.343,13059.19,Guangdong,21.51414,111.01356,88.4364447239808,18.893472677955376
142,444,934,20.75,111.5625,460000000.0,0.339,7408.24,Guangdong,21.51414,111.01356,102.27959770717915,18.893472677955376
143,444,935,20.75,111.875,240000000.0,0.333,3700.89,Guangdong,21.75229,111.61791,114.5898715181902,39.40484510613311
144,444,936,20.75,112.1875,220000000.0,0.329,3438.3,Guangdong,21.85829,111.98256,125.05160590911838,0.050086533468749465
145,444,937,20.75,112.5,29000000.0,0.324,442.2,Guangdong,21.85829,111.98256,134.3894437508792,0.050086533468749465
149,445,924,21.0,108.4375,160000000.0,0.317,2357.86,Guangxi,21.64348,108.38012,71.79814649218378,5.5352960395510165
150,445,925,21.0,108.75,19000000.0,0.292,260.58,Guangxi,21.44872,109.13916,64.16108963704262,4.128966115409237
151,445,926,21.0,109.0625,710000000.0,0.269,8971.92,Guangxi,21.44872,109.13916,50.52413517581611,4.128966115409237
152,445,927,21.0,109.375,900000000.0,0.24,10141.16,Guangdong,20.91444,110.09651,75.52254034064886,48.09432874152775
154,445,929,21.0,110.0,9000000.0,0.269,114.05,Guangdong,20.91444,110.09651,13.818242871464024,48.09432874152775
155,445,930,21.0,110.3125,590000000.0,0.254,7071.87,Guangdong,21.19169,110.39821,23.095258021272663,9.664322630932203
156,445,931,21.0,110.625,740000000.0,0.274,9512.22,Guangdong,21.19169,110.39821,31.74717539390189,9.664322630932203
157,445,932,21.0,110.9375,900000000.0,0.304,12842.05,Guangdong,21.44182,110.77824,51.82749833838801,28.925219535237662
158,445,933,21.0,111.25,900000000.0,0.324,13726.41,Guangdong,21.51414,111.01356,62.19913247667234,18.893472677955376
159,445,934,21.0,111.5625,900000000.0,0.326,13769.28,Guangdong,21.51414,111.01356,80.64992937356138,18.893472677955376
160,445,935,21.0,111.875,900000000.0,0.321,13617.12,Guangdong,21.75229,111.61791,87.78439024338309,39.40484510613311
161,445,936,21.0,112.1875,900000000.0,0.316,13368.21,Guangdong,21.85829,111.98256,97.76651506465574,0.050086533468749465
162,445,937,21.0,112.5,810000000.0,0.313,11888.66,Guangdong,21.86829,112.0067,109.21866631201553,2.774109620864208
163,445,938,21.0,112.8125,240000000.0,0.313,3589.33,Guangdong,21.86829,112.0067,127.58447363331345,2.774109620864208
164,445,939,21.0,113.125,0.0,0.312,0.0,Guangdong,22.14589,113.3642,129.79562514049215,25.910022034550103
168,446,924,21.25,108.4375,830000000.0,0.307,12030.37,Guangxi,21.64348,108.38012,44.154158380709994,5.5352960395510165
169,446,925,21.25,108.75,720000000.0,0.282,9586.65,Guangxi,21.47525,109.1175,45.55907762521256,0.7132845709878
170,446,926,21.25,109.0625,900000000.0,0.264,11134.84,Guangxi,21.44872,109.13916,23.479648012138334,4.128966115409237
171,446,927,21.25,109.375,900000000.0,0.231,9734.83,Guangxi,21.52909,109.4216,31.406207562823294,31.659317216014035
172,446,928,21.25,109.6875,670000000.0,0.233,7284.77,Guangdong,20.91444,110.09651,56.50667298135034,48.09432874152775
173,446,929,21.25,110.0,24000000.0,0.243,274.73,Guangdong,21.37708,110.25006,29.507194194795716,16.37444687056409
174,446,930,21.25,110.3125,120000000.0,0.239,1351.43,Guangdong,21.26331,110.33427,2.698156626629259,2.7285736845884885
175,446,931,21.25,110.625,430000000.0,0.243,4920.88,Guangdong,21.24475,110.4555,17.576065185927114,10.370871393282705
176,446,932,21.25,110.9375,900000000.0,0.266,11207.01,Guangdong,21.44182,110.77824,26.962895670356353,28.925219535237662
177,446,933,21.25,111.25,900000000.0,0.293,12363.46,Guangdong,21.51414,111.01356,38.23598797901684,18.893472677955376
178,446,934,21.25,111.5625,900000000.0,0.3,12700.52,Guangdong,21.75229,111.61791,56.14551473595755,39.40484510613311
179,446,935,21.25,111.875,900000000.0,0.302,12749.69,Guangdong,21.75229,111.61791,61.86185982986693,39.40484510613311
180,446,936,21.25,112.1875,900000000.0,0.299,12596.95,Guangdong,21.85829,111.98256,70.88167662492785,0.050086533468749465
181,446,937,21.25,112.5,900000000.0,0.299,12665.88,Guangdong,21.86829,112.0067,85.6104089478783,2.774109620864208
182,446,938,21.25,112.8125,900000000.0,0.302,12724.06,Guangdong,21.86829,112.0067,108.03154697780342,2.774109620864208
183,446,939,21.25,113.125,790000000.0,0.301,11203.91,Guangdong,22.14589,113.3642,102.63798951714824,25.910022034550103
184,446,940,21.25,113.4375,380000000.0,0.301,5300.8,Guangdong,22.14589,113.3642,99.90585597981581,25.910022034550103
188,447,923,21.5,108.125,480000000.0,0.272,6122.54,Guangxi,21.54792,107.97188,16.711107732824395,42.40018721819668
189,447,924,21.5,108.4375,790000000.0,0.303,11209.13,Guangxi,21.64348,108.38012,17.021870708747585,5.5352960395510165
190,447,925,21.5,108.75,880000000.0,0.285,11843.98,Guangxi,21.47525,109.1175,38.12339822978085,0.7132845709878
191,447,926,21.5,109.0625,600000000.0,0.272,7696.62,Guangxi,21.48112,109.12008,6.3165576238803895,0.021740206238381878
192,447,927,21.5,109.375,310000000.0,0.26,3796.97,Guangxi,21.52909,109.4216,5.8053136298860375,31.659317216014035
193,447,928,21.5,109.6875,580000000.0,0.232,6281.98,Guangxi,21.52909,109.4216,27.696188298917104,31.659317216014035
194,447,929,21.5,110.0,90000000.0,0.238,1009.32,Guangdong,21.37708,110.25006,29.268936613223527,16.37444687056409
195,447,930,21.5,110.3125,23000000.0,0.229,247.92,Guangdong,21.60962,110.28625,12.487838589318011,38.43792675144175
196,447,931,21.5,110.625,6000000.0,0.237,66.91,Guangdong,21.44182,110.77824,17.125928206972386,28.925219535237662
197,447,932,21.5,110.9375,180000000.0,0.234,1946.97,Guangdong,21.51414,111.01356,8.024160695494038,18.893472677955376
199,447,934,21.5,111.5625,580000000.0,0.266,7266.37,Guangdong,21.75229,111.61791,28.632094846852425,39.40484510613311
200,447,935,21.5,111.875,820000000.0,0.267,10316.96,Guangdong,21.75229,111.61791,38.64207872928227,39.40484510613311
201,447,936,21.5,112.1875,890000000.0,0.272,11417.27,Guangdong,21.86829,112.0067,45.011739253459375,2.774109620864208
202,447,937,21.5,112.5,880000000.0,0.272,11199.8,Guangdong,21.86829,112.0067,65.38404424038886,2.774109620864208
203,447,938,21.5,112.8125,850000000.0,0.281,11299.3,Guangdong,22.25156,112.7939,83.59169548179582,46.90389750610404
204,447,939,21.5,113.125,900000000.0,0.287,12074.1,Guangdong,22.14589,113.3642,75.94564331555614,25.910022034550103
205,447,940,21.5,113.4375,900000000.0,0.288,12147.43,Guangdong,22.14589,113.3642,72.21716523051096,25.910022034550103
206,447,941,21.5,113.75,630000000.0,0.292,8651.95,Guangdong,22.14589,113.3642,82.12217534535216,25.910022034550103
207,447,942,21.5,114.0625,200000000.0,0.298,2805.72,Guangdong,22.27073,113.57668,99.2845284075551,0.005018677254187375
208,447,943,21.5,114.375,130000000.0,0.306,1796.76,Guangdong,22.52291,114.05454,118.4427221221397,2.2707866520032303
209,447,944,21.5,114.6875,0.0,0.315,0.0,Guangdong,22.55786,114.23748,126.44422144052305,18.517812351255653
210,448,920,21.75,107.1875,13000000.0,0.179,109.5,Guangxi,22.14016,107.07668,44.864169966152566,39.61572619387553
211,448,921,21.75,107.5,25000000.0,0.112,131.59,Guangxi,21.54792,107.97188,53.69700420904259,42.40018721819668
212,448,922,21.75,107.8125,1000000.0,0.086,4.06,Guangxi,21.54792,107.97188,27.86116100514384,42.40018721819668
213,448,923,21.75,108.125,5000000.0,0.188,44.18,Guangxi,21.76913,108.35342,23.685108224622496,9.148112446905523
214,448,924,21.75,108.4375,300000000.0,0.308,4388.67,Guangxi,21.76913,108.35342,8.939868076241595,9.148112446905523
215,448,925,21.75,108.75,250000000.0,0.306,3556.55,Guangxi,21.93854,108.6569,23.061871703387965,4.611445955267844
216,448,926,21.75,109.0625,3000000.0,0.292,41.23,Guangxi,21.66089,109.20725,17.939053426432743,21.920825852287237
217,448,927,21.75,109.375,26000000.0,0.267,326.64,Guangxi,21.66089,109.20725,19.96303686581287,21.920825852287237
218,448,928,21.75,109.6875,65000000.0,0.245,750.38,Guangxi,21.52909,109.4216,36.86059702425461,31.659317216014035
219,448,934,21.75,111.5625,14000000.0,0.173,113.7,Guangdong,21.75229,111.61791,5.728301140268477,39.40484510613311
220,448,935,21.75,111.875,290000000.0,0.229,3128.59,Guangdong,21.86182,111.95516,14.936046745454172,2.826633371358814
222,448,937,21.75,112.5,440000000.0,0.241,4987.77,Guangdong,22.18294,112.30532,52.15906836646145,49.1431758299217
224,448,939,21.75,113.125,870000000.0,0.263,10738.84,Guangdong,22.14589,113.3642,50.46242013069994,25.910022034550103
225,448,940,21.75,113.4375,890000000.0,0.277,11608.8,Guangdong,22.14589,113.3642,44.665379090941514,25.910022034550103
226,448,941,21.75,113.75,900000000.0,0.276,11662.05,Guangdong,22.14589,113.3642,59.33857568322214,25.910022034550103
227,448,942,21.75,114.0625,890000000.0,0.285,11916.85,Guangdong,22.27073,113.57668,76.55736602402555,0.005018677254187375
228,448,943,21.75,114.375,710000000.0,0.292,9792.12,Guangdong,22.55786,114.23748,90.93949434786555,18.517812351255653
229,448,944,21.75,114.6875,22000000.0,0.3,309.9,Guangdong,22.55786,114.23748,101.08059025388638,18.517812351255653
230,448,945,21.75,115.0,3000000.0,0.313,44.21,Guangdong,22.55786,114.23748,119.31479407655071,18.517812351255653
231,448,946,21.75,115.3125,0.0,0.331,0.0,Guangdong,22.7787,115.36502,114.51382313113994,103.97893662125507
232,449,924,22.0,108.4375,21000000.0,0.282,278.71,Guangxi,21.9797,108.65431,22.4679811519006,0.030938829082861382
233,449,925,22.0,108.75,7000000.0,0.314,103.35,Guangxi,21.9797,108.65431,10.121089688709674,0.030938829082861382
234,449,936,22.0,112.1875,0.0,0.216,0.0,Guangdong,22.18294,112.30532,23.688737288174195,49.1431758299217
235,449,937,22.0,112.5,62000000.0,0.233,680.55,Guangdong,22.18294,112.30532,28.567932261048295,49.1431758299217
236,449,938,22.0,112.8125,110000000.0,0.208,1077.86,Guangdong,22.25156,112.7939,28.03773306399089,46.90389750610404
237,449,939,22.0,113.125,560000000.0,0.233,6126.19,Guangdong,22.20903,113.29658,29.201011948207732,29.6380279312935
238,449,940,22.0,113.4375,730000000.0,0.26,8954.33,Guangdong,22.14589,113.3642,17.89445347873223,25.910022034550103
239,449,941,22.0,113.75,840000000.0,0.255,10014.05,Guangdong,22.27073,113.57668,34.998957485435554,0.005018677254187375
240,449,942,22.0,114.0625,860000000.0,0.258,10437.39,Guangdong,22.52291,114.05454,58.15070872064075,2.2707866520032303
241,449,943,22.0,114.375,870000000.0,0.273,11116.37,Guangdong,22.55786,114.23748,63.624603316622526,18.517812351255653
242,449,944,22.0,114.6875,780000000.0,0.28,10338.82,Guangdong,22.55786,114.23748,77.40763640314043,18.517812351255653
243,449,945,22.0,115.0,300000000.0,0.297,4252.47,Guangdong,22.7787,115.36502,94.37034858035899,103.97893662125507
244,449,946,22.0,115.3125,16000000.0,0.317,238.71,Guangdong,22.7787,115.36502,86.75568943490585,103.97893662125507
245,449,947,22.0,115.625,0.0,0.336,0.0,Guangdong,22.7787,115.36502,90.61914345164837,103.97893662125507
246,449,948,22.0,115.9375,0.0,0.356,0.0,Guangdong,22.7787,115.36502,104.69765166945854,103.97893662125507
247,449,949,22.0,116.25,0.0,0.37,0.0,Guangdong,23.03321,116.29511,114.98110955566037,53.25901923893125
248,450,939,22.25,113.125,47000000.0,0.222,491.38,Guangdong,22.20903,113.29658,18.238916407535353,29.6380279312935
249,450,940,22.25,113.4375,170000000.0,0.248,1963.31,Guangdong,22.26666,113.54342,11.056449805616413,3.4567761662395284
250,450,941,22.25,113.75,830000000.0,0.224,8703.16,Guangdong,22.27073,113.57668,17.98431062933294,0.005018677254187375
251,450,942,22.25,114.0625,610000000.0,0.214,6123.76,Guangdong,22.52291,114.05454,30.35724118115944,2.2707866520032303
252,450,943,22.25,114.375,770000000.0,0.242,8768.82,Guangdong,22.55786,114.23748,37.03680729855948,18.517812351255653
253,450,944,22.25,114.6875,890000000.0,0.254,10641.82,Guangdong,22.55786,114.23748,57.55093812588014,18.517812351255653
254,450,945,22.25,115.0,880000000.0,0.275,11318.68,Guangdong,22.7787,115.36502,69.727812693078,103.97893662125507
255,450,946,22.25,115.3125,560000000.0,0.298,7845.67,Guangdong,22.7787,115.36502,59.03577056720729,103.97893662125507
256,450,947,22.25,115.625,330000000.0,0.32,4934.28,Guangdong,22.7787,115.36502,64.56992927871448,103.97893662125507
257,450,948,22.25,115.9375,640000000.0,0.344,10426.83,Guangdong,22.94511,115.64462,82.93455333492092,100.29463836051852
258,450,949,22.25,116.25,520000000.0,0.363,8781.29,Guangdong,23.03321,116.29511,87.2119328867212,53.25901923893125
259,450,950,22.25,116.5625,53000000.0,0.377,939.55,Guangdong,23.03321,116.29511,91.30979418492107,53.25901923893125
260,450,951,22.25,116.875,130000000.0,0.388,2428.94,Guangdong,23.03321,116.29511,105.4798668517245,53.25901923893125
261,451,940,22.5,113.4375,100000000.0,0.242,1148.35,Guangdong,22.51595,113.3926,4.941580848165788,0.18940028822604352
262,451,941,22.5,113.75,790000000.0,0.209,7719.88,Guangdong,22.55329,113.88308,14.89790854918647,17.985566871877804
264,451,943,22.5,114.375,500000000.0,0.198,4626.77,Guangdong,22.55786,114.23748,15.520840033048158,18.517812351255653
265,451,944,22.5,114.6875,760000000.0,0.216,7719.08,Guangdong,22.78851,114.45646,39.89168660492448,36.18903837579196
266,451,945,22.5,115.0,850000000.0,0.253,10132.96,Guangdong,22.7787,115.36502,48.61783852467597,103.97893662125507
267,451,946,22.5,115.3125,890000000.0,0.266,11127.88,Guangdong,22.7787,115.36502,31.455259648254327,103.97893662125507
268,451,947,22.5,115.625,890000000.0,0.298,12448.79,Guangdong,22.78566,115.37514,40.82209285668974,104.67480952210781
269,451,948,22.5,115.9375,890000000.0,0.326,13638.66,Guangdong,22.94511,115.64462,57.89642410993916,100.29463836051852
270,451,949,22.5,116.25,890000000.0,0.349,14584.96,Guangdong,23.03321,116.29511,59.470375940331344,53.25901923893125
271,451,950,22.5,116.5625,790000000.0,0.37,13738.87,Guangdong,23.03321,116.29511,65.32195524768338,53.25901923893125
272,451,951,22.5,116.875,880000000.0,0.385,15996.74,Guangdong,23.03321,116.29511,83.96684349723547,53.25901923893125
273,451,952,22.5,117.1875,210000000.0,0.393,3880.98,Guangdong,23.28592,116.72664,99.32617526784098,8.84670258682207
274,452,940,22.75,113.4375,62000000.0,0.233,680.28,Guangdong,22.80169,113.52497,10.651650842890334,33.64156452532169
275,452,941,22.75,113.75,300000000.0,0.218,3032.43,Guangdong,22.80169,113.52497,23.776297068512523,33.64156452532169
276,452,943,22.75,114.375,12000000.0,0.175,98.75,Guangdong,22.78851,114.45646,9.38581168453125,36.18903837579196
277,452,944,22.75,114.6875,340000000.0,0.17,2690.36,Guangdong,22.78851,114.45646,24.07236275571105,36.18903837579196
278,452,945,22.75,115.0,340000000.0,0.174,2779.08,Guangdong,22.7787,115.36502,37.56250485747015,103.97893662125507
278,452,945,22.75,115.0,340000000.0,0.174,2779.08,Guangdong,22.7787,115.36502,37.56250485747015,103.97893662125507
280,452,947,22.75,115.625,650000000.0,0.245,7550.32,Guangdong,22.94511,115.64462,21.788197175579285,100.29463836051852
281,452,948,22.75,115.9375,660000000.0,0.282,8790.92,Guangdong,22.94511,115.64462,37.03213821320984,100.29463836051852
282,452,949,22.75,116.25,860000000.0,0.316,12785.27,Guangdong,23.03321,116.29511,31.82873991537485,53.25901923893125
283,452,950,22.75,116.5625,880000000.0,0.356,14659.11,Guangdong,23.03321,116.29511,41.7368736451371,53.25901923893125
284,452,951,22.75,116.875,890000000.0,0.377,15763.58,Guangdong,23.28592,116.72664,61.49545623679963,8.84670258682207
285,452,952,22.75,117.1875,670000000.0,0.393,12432.07,Guangdong,23.28592,116.72664,75.99797502540787,8.84670258682207
286,452,953,22.75,117.5,160000000.0,0.405,3029.58,Guangdong,23.42178,117.02348,89.19494869136304,35.6573670114712
287,453,946,23.0,115.3125,4000000.0,0.106,19.94,Guangdong,22.96657,115.32341,3.8813972089545037,94.22618079013915
288,453,947,23.0,115.625,8000000.0,0.195,73.34,Guangdong,22.94511,115.64462,6.425507594961691,100.29463836051852
289,453,948,23.0,115.9375,3000000.0,0.212,29.87,Guangdong,22.94511,115.64462,30.598858554833534,100.29463836051852
290,453,949,23.0,116.25,170000000.0,0.24,1866.12,Guangdong,23.03321,116.29511,5.911890407767723,53.25901923893125
291,453,950,23.0,116.5625,610000000.0,0.306,8734.93,Guangdong,23.03321,116.29511,27.613490673917756,53.25901923893125
292,453,951,23.0,116.875,890000000.0,0.365,15218.57,Guangdong,23.28592,116.72664,35.226314781941305,8.84670258682207
293,453,952,23.0,117.1875,770000000.0,0.392,14248.76,Guangdong,23.42178,117.02348,49.80515587218521,35.6573670114712
294,453,953,23.0,117.5,240000000.0,0.409,4650.02,Guangdong,23.42178,117.02348,67.60959282339223,35.6573670114712
295,453,954,23.0,117.8125,560000000.0,0.421,11053.48,Fujian,23.70132,117.42964,87.22964983337152,92.91777944224583
296,453,955,23.0,118.125,4000000.0,0.422,79.39,Fujian,23.70132,117.42964,105.45389846173089,92.91777944224583
297,454,950,23.25,116.5625,200000000.0,0.236,2240.91,Guangdong,23.26489,116.60157,4.321142989230892,12.876118767234455
298,454,951,23.25,116.875,810000000.0,0.321,12298.28,Guangdong,23.28592,116.72664,15.672632771207098,8.84670258682207
299,454,952,23.25,117.1875,740000000.0,0.379,13210.2,Guangdong,23.42178,117.02348,25.40252298146927,35.6573670114712
300,454,953,23.25,117.5,690000000.0,0.414,13519.35,Fujian,23.70132,117.42964,50.694965503631266,92.91777944224583
301,454,954,23.25,117.8125,760000000.0,0.432,15349.56,Fujian,23.70132,117.42964,63.58652015967948,92.91777944224583
302,454,955,23.25,118.125,490000000.0,0.435,9953.54,Fujian,23.70132,117.42964,86.88020441058296,92.91777944224583
304,455,950,23.5,116.5625,7000000.0,0.161,53.09,Guangdong,23.46244,116.67809,12.506629176192096,12.054369729738232
305,455,951,23.5,116.875,330000000.0,0.231,3634.51,Guangdong,23.46613,116.75608,12.699421621148435,14.57365998582601
306,455,952,23.5,117.1875,730000000.0,0.305,10412.86,Guangdong,23.42178,117.02348,18.856251093392682,35.6573670114712
307,455,953,23.5,117.5,800000000.0,0.409,15391.28,Fujian,23.70132,117.42964,23.505764755754765,92.91777944224583
308,455,954,23.5,117.8125,790000000.0,0.444,16492.97,Fujian,23.70132,117.42964,44.97776071366742,92.91777944224583
309,455,955,23.5,118.125,780000000.0,0.449,16478.73,Fujian,23.70132,117.42964,74.3053866023306,92.91777944224583
310,455,956,23.5,118.4375,240000000.0,0.451,4987.45,Fujian,24.41774,118.22694,104.26681081636958,15.538126394165303
311,456,951,23.75,116.875,0.0,0.123,0.0,Guangdong,23.66412,117.0039,16.23015003639371,38.84243062003904
312,456,952,23.75,117.1875,110000000.0,0.182,934.54,Fujian,23.71152,117.17508,4.461652372904707,101.19350661034466
313,456,953,23.75,117.5,470000000.0,0.311,6796.48,Fujian,23.70132,117.42964,8.977791412938428,92.91777944224583
313,456,953,23.75,117.5,470000000.0,0.311,6796.48,Fujian,23.70132,117.42964,8.977791412938428,92.91777944224583
314,456,954,23.75,117.8125,740000000.0,0.42,14567.42,Fujian,23.70132,117.42964,39.348088248763105,92.91777944224583
315,456,955,23.75,118.125,870000000.0,0.458,18735.07,Fujian,24.1171,117.61372,66.07893213843867,44.149034347226134
316,456,956,23.75,118.4375,610000000.0,0.471,13445.43,Fujian,24.41774,118.22694,77.26476277590638,15.538126394165303
317,456,957,23.75,118.75,43000000.0,0.466,943.23,Fujian,24.41774,118.22694,91.28179051963252,15.538126394165303
318,456,958,23.75,119.0625,0.0,0.463,0.0,Fujian,24.41774,118.22694,112.727995334121,15.538126394165303
319,457,953,24.0,117.5,68000000.0,0.138,441.43,Fujian,23.95806,117.33965,16.94560926125174,69.14612479467674
321,457,955,24.0,118.125,840000000.0,0.446,17604.57,Fujian,24.41774,118.22694,47.587142526628604,15.538126394165303
322,457,956,24.0,118.4375,350000000.0,0.483,7992.03,Fujian,24.41774,118.22694,51.1238935403919,15.538126394165303
323,457,957,24.0,118.75,150000000.0,0.491,3508.28,Fujian,24.41774,118.22694,70.5094560132559,15.538126394165303
324,457,958,24.0,119.0625,0.0,0.491,0.0,Fujian,24.73172,118.64805,91.55492372054519,16.07911749657532
326,458,954,24.25,117.8125,36000000.0,0.211,356.56,Fujian,24.44658,117.81813,21.866138254490313,18.780286093091316
327,458,955,24.25,118.125,650000000.0,0.407,12350.53,Fujian,24.41774,118.22694,21.320468669505797,15.538126394165303
328,458,956,24.25,118.4375,600000000.0,0.494,13967.98,Fujian,24.41774,118.22694,28.337159521448818,15.538126394165303
329,458,957,24.25,118.75,780000000.0,0.512,18844.93,Fujian,24.73172,118.64805,54.54920991561841,16.07911749657532
330,458,958,24.25,119.0625,200000000.0,0.517,4769.74,Fujian,24.73172,118.64805,68.02939847863178,16.07911749657532
331,458,959,24.25,119.375,64000000.0,0.517,1557.43,Fujian,24.73172,118.64805,90.99591123791853,16.07911749657532
333,459,954,24.5,117.8125,91000000.0,0.115,492.85,Fujian,24.44658,117.81813,5.967297792899091,18.780286093091316
334,459,955,24.5,118.125,450000000.0,0.299,6344.91,Fujian,24.5118,118.14577,2.477458204856254,6.718656634666822
335,459,956,24.5,118.4375,640000000.0,0.481,14535.86,Fujian,24.41774,118.22694,23.192022851925053,15.538126394165303
336,459,957,24.5,118.75,820000000.0,0.528,20271.66,Fujian,24.73172,118.64805,27.750792901614393,16.07911749657532
337,459,958,24.5,119.0625,560000000.0,0.54,14178.68,Fujian,24.73172,118.64805,49.18547328856588,16.07911749657532
338,459,959,24.5,119.375,96000000.0,0.545,2458.46,Fujian,24.73172,118.64805,77.87310893862555,16.07911749657532
339,459,960,24.5,119.6875,180000000.0,0.547,4603.61,Fujian,25.12014,118.91596,104.01488752006708,36.53336865140958
340,460,955,24.75,118.125,26000000.0,0.165,201.6,Fujian,24.72286,118.15207,4.072007458067646,27.75563992965976
341,460,956,24.75,118.4375,27000000.0,0.343,435.23,Fujian,24.78144,118.55199,12.076908973958506,16.187400341643364
342,460,957,24.75,118.75,590000000.0,0.49,13474.72,Fujian,24.73172,118.64805,10.494490422043988,16.07911749657532
343,460,958,24.75,119.0625,780000000.0,0.556,20309.88,Fujian,25.03065,118.79695,41.12551752799718,21.26934831412772
344,460,959,24.75,119.375,490000000.0,0.567,13140.21,Fujian,25.12014,118.91596,61.937415269113174,36.53336865140958
345,460,960,24.75,119.6875,570000000.0,0.572,15435.74,Fujian,25.49876,119.7901,83.89658404552495,78.68846486762054
348,461,957,25.0,118.75,100000000.0,0.378,1832.6,Fujian,25.03065,118.79695,5.830656382616662,21.26934831412772
349,461,958,25.0,119.0625,780000000.0,0.541,19757.98,Fujian,25.12014,118.91596,19.908218915787444,36.53336865140958
350,461,959,25.0,119.375,820000000.0,0.586,22518.83,Fujian,25.31839,119.10642,44.543173058726126,18.051580697456018
351,461,960,25.0,119.6875,760000000.0,0.592,21271.27,Fujian,25.49876,119.7901,56.41132836445504,78.68846486762054
352,461,961,25.0,120.0,870000000.0,0.592,24098.8,Fujian,25.49876,119.7901,59.341294934708884,78.68846486762054
354,462,957,25.25,118.75,4000000.0,0.211,39.65,Fujian,25.36215,118.69181,13.77426653988118,33.341381557888674
355,462,958,25.25,119.0625,340000000.0,0.447,7145.62,Fujian,25.31839,119.10642,8.793735301093903,18.051580697456018
355,462,958,25.25,119.0625,340000000.0,0.447,7145.62,Fujian,25.31839,119.10642,8.793735301093903,18.051580697456018
356,462,959,25.25,119.375,650000000.0,0.582,17690.21,Fujian,25.31839,119.10642,28.05405316618819,18.051580697456018
357,462,960,25.25,119.6875,800000000.0,0.606,22647.38,Fujian,25.49876,119.7901,29.51909109762497,78.68846486762054
358,462,961,25.25,120.0,850000000.0,0.598,23865.55,Fujian,25.49876,119.7901,34.78263306672618,78.68846486762054
360,463,958,25.5,119.0625,80000000.0,0.267,1002.81,Fujian,25.45879,119.1163,7.082564897660635,10.908188530334959
361,463,959,25.5,119.375,440000000.0,0.502,10490.77,Fujian,25.72024,119.38411,24.506600929255512,40.35583260845141
363,463,961,25.5,120.0,850000000.0,0.594,23792.67,Fujian,25.49876,119.7901,21.066731418876543,78.68846486762054
364,463,962,25.5,120.3125,120000000.0,0.585,3409.79,Fujian,25.49876,119.7901,52.42999955138461,78.68846486762054
365,464,959,25.75,119.375,51000000.0,0.279,668.87,Fujian,25.72024,119.38411,3.4326693495028646,40.35583260845141
366,464,960,25.75,119.6875,690000000.0,0.523,16864.14,Fujian,25.96283,119.52324,28.813457716011403,25.837480954511854
367,464,961,25.75,120.0,840000000.0,0.588,23247.68,Fujian,25.49876,119.7901,34.97593620522984,78.68846486762054
368,464,962,25.75,120.3125,590000000.0,0.569,15764.87,Fujian,25.49876,119.7901,59.359934640295975,78.68846486762054
369,464,963,25.75,120.625,0.0,0.553,0.0,Fujian,25.49876,119.7901,88.24461184067033,78.68846486762054
370,465,959,26.0,119.375,5000000.0,0.145,34.0,Fujian,25.98939,119.4556,8.14156856893575,18.501103268478417
370,465,959,26.0,119.375,5000000.0,0.145,34.0,Fujian,25.98939,119.4556,8.14156856893575,18.501103268478417
371,465,960,26.0,119.6875,520000000.0,0.373,9191.87,Fujian,25.96283,119.52324,16.931179960195102,25.837480954511854
372,465,961,26.0,120.0,740000000.0,0.556,19286.47,Fujian,25.96283,119.52324,47.83443481012497,25.837480954511854
373,465,962,26.0,120.3125,240000000.0,0.551,6193.88,Fujian,25.49876,119.7901,76.444770268125,78.68846486762054
374,465,963,26.0,120.625,0.0,0.537,0.0,Fujian,25.49876,119.7901,100.49049418655618,78.68846486762054
375,466,960,26.25,119.6875,440000000.0,0.195,4059.69,Fujian,26.19753,119.53957,15.867611826390638,27.855453384935576
376,466,961,26.25,120.0,780000000.0,0.455,16737.61,Fujian,26.19753,119.53957,46.29706039837243,27.855453384935576
377,466,962,26.25,120.3125,730000000.0,0.528,18119.94,Fujian,26.88517,120.00556,76.94222434321301,51.57394489814519
378,466,963,26.25,120.625,720000000.0,0.52,17522.04,Fujian,26.88517,120.00556,93.71997517273086,51.57394489814519
379,466,964,26.25,120.9375,83000000.0,0.504,1967.72,Fujian,26.88517,120.00556,116.52699988449795,51.57394489814519
380,467,960,26.5,119.6875,320000000.0,0.058,860.48,Fujian,26.48939,119.54969,13.765054717954449,19.596328179759297
381,467,961,26.5,120.0,730000000.0,0.25,8576.05,Fujian,26.88517,120.00556,42.832511550106226,51.57394489814519
382,467,962,26.5,120.3125,860000000.0,0.474,19135.77,Fujian,26.88517,120.00556,52.57498875430984,51.57394489814519
383,467,963,26.5,120.625,680000000.0,0.501,15937.1,Fujian,26.88517,120.00556,74.97487465103525,51.57394489814519
384,467,964,26.5,120.9375,34000000.0,0.489,781.67,Fujian,26.88517,120.00556,102.0093821862647,51.57394489814519
385,468,959,26.75,119.375,1000000.0,0.03,1.43,Fujian,26.66022,119.52623,18.03691490995793,2.238485736131944
386,468,960,26.75,119.6875,340000000.0,0.028,451.35,Fujian,26.66571,119.54819,16.713248445022078,0.027644089081122317
386,468,960,26.75,119.6875,340000000.0,0.028,451.35,Fujian,26.66571,119.54819,16.713248445022078,0.027644089081122317
387,468,961,26.75,120.0,380000000.0,0.113,2039.55,Fujian,26.88517,120.00556,15.040342019352009,51.57394489814519
388,468,962,26.75,120.3125,860000000.0,0.352,14154.86,Fujian,26.88517,120.00556,33.96586816567978,51.57394489814519
389,468,963,26.75,120.625,800000000.0,0.472,17830.57,Fujian,26.88517,120.00556,63.281284532271066,51.57394489814519
390,468,964,26.75,120.9375,370000000.0,0.469,8099.17,Zhejiang,27.51743,120.42631,99.2008945718947,59.441141301234076
391,468,965,26.75,121.25,39000000.0,0.474,868.6,Zhejiang,27.51743,120.42631,118.00699571073517,59.441141301234076
392,469,961,27.0,120.0,33000000.0,0.079,123.22,Fujian,26.88517,120.00556,12.780402595574575,51.57394489814519
393,469,962,27.0,120.3125,500000000.0,0.175,4138.45,Fujian,26.88517,120.00556,32.99633555814396,51.57394489814519
394,469,963,27.0,120.625,860000000.0,0.397,15945.62,Fujian,27.32436,120.21671,54.151885116694125,98.7725075497871
395,469,964,27.0,120.9375,710000000.0,0.443,14823.49,Zhejiang,27.51743,120.42631,76.57363367855089,59.441141301234076
396,469,965,27.0,121.25,510000000.0,0.457,10912.79,Zhejiang,27.83616,121.1572,93.42684143038518,48.29843358840456
398,470,962,27.25,120.3125,140000000.0,0.113,723.39,Fujian,27.32436,120.21671,12.568767828074805,98.7725075497871
398,470,962,27.25,120.3125,140000000.0,0.113,723.39,Fujian,27.32436,120.21671,12.568767828074805,98.7725075497871
399,470,963,27.25,120.625,710000000.0,0.3,10020.42,Zhejiang,27.51743,120.42631,35.624889627571996,59.441141301234076
400,470,964,27.25,120.9375,860000000.0,0.399,16029.88,Zhejiang,27.51743,120.42631,58.580986449509005,59.441141301234076
401,470,965,27.25,121.25,320000000.0,0.434,6611.14,Zhejiang,27.83616,121.1572,65.81704875177611,48.29843358840456
402,470,966,27.25,121.5625,20000000.0,0.453,425.62,Zhejiang,27.83616,121.1572,76.45201947079352,48.29843358840456
403,471,963,27.5,120.625,340000000.0,0.2,3207.62,Zhejiang,27.6621,120.56595,18.940976553681253,39.19612310762649
403,471,963,27.5,120.625,340000000.0,0.2,3207.62,Zhejiang,27.6621,120.56595,18.940976553681253,39.19612310762649
404,471,964,27.5,120.9375,830000000.0,0.344,13440.2,Zhejiang,27.6621,120.56595,40.81500860978909,39.19612310762649
405,471,965,27.5,121.25,810000000.0,0.407,15403.74,Zhejiang,27.83616,121.1572,38.480267933232014,48.29843358840456
406,471,966,27.5,121.5625,320000000.0,0.436,6580.42,Zhejiang,27.83616,121.1572,54.68387471926838,48.29843358840456
407,471,967,27.5,121.875,0.0,0.444,0.0,Zhejiang,27.83616,121.1572,79.96313960900612,48.29843358840456
408,472,963,27.75,120.625,140000000.0,0.12,794.29,Zhejiang,27.77838,120.65518,4.333186837428509,24.39518535054318
409,472,964,27.75,120.9375,750000000.0,0.259,9085.49,Zhejiang,27.83616,121.1572,23.639663858625166,48.29843358840456
410,472,965,27.75,121.25,810000000.0,0.372,14242.03,Zhejiang,27.83616,121.1572,13.233141771594468,48.29843358840456
411,472,966,27.75,121.5625,850000000.0,0.41,16438.58,Zhejiang,27.83616,121.1572,41.00316857117562,48.29843358840456
412,472,967,27.75,121.875,530000000.0,0.429,10619.01,Zhejiang,27.83616,121.1572,71.25486187716577,48.29843358840456
413,472,968,27.75,122.1875,0.0,0.434,0.0,Zhejiang,27.83616,121.1572,101.79921709283455,48.29843358840456
414,473,964,28.0,120.9375,360000000.0,0.163,2728.24,Zhejiang,28.11289,120.98338,13.335726433222467,30.834115138193557
415,473,965,28.0,121.25,700000000.0,0.311,10205.23,Zhejiang,28.13589,121.23164,15.217282290871442,54.54917248670976
416,473,966,28.0,121.5625,850000000.0,0.375,14995.8,Zhejiang,28.13589,121.23164,35.807423154239636,54.54917248670976
417,473,967,28.0,121.875,820000000.0,0.409,15698.14,Zhejiang,28.3718,121.38599,63.294692672829335,31.826325886301202
418,473,968,28.0,122.1875,170000000.0,0.421,3408.25,Zhejiang,28.3718,121.38599,88.7698694953721,31.826325886301202
419,473,969,28.0,122.5,0.0,0.423,0.0,Zhejiang,28.3718,121.38599,116.74779752500592,31.826325886301202
420,474,964,28.25,120.9375,38000000.0,0.12,214.34,Zhejiang,28.11289,120.98338,15.895291630151485,30.834115138193557
421,474,965,28.25,121.25,370000000.0,0.247,4243.25,Zhejiang,28.13589,121.23164,12.81539864571043,54.54917248670976
422,474,966,28.25,121.5625,680000000.0,0.338,10739.02,Zhejiang,28.3718,121.38599,21.95458952933218,31.826325886301202
423,474,967,28.25,121.875,850000000.0,0.388,15484.26,Zhejiang,28.3718,121.38599,49.750343289315,31.826325886301202
424,474,968,28.25,122.1875,610000000.0,0.407,11615.68,Zhejiang,28.3718,121.38599,79.62361200721097,31.826325886301202
425,474,969,28.25,122.5,0.0,0.411,0.0,Zhejiang,28.3718,121.38599,109.89288846885505,31.826325886301202
426,475,965,28.5,121.25,2000000.0,0.192,18.06,Zhejiang,28.58265,121.36508,14.51983716660516,9.836636358193354
427,475,966,28.5,121.5625,410000000.0,0.303,5779.26,Zhejiang,28.58265,121.36508,21.362252043599444,9.836636358193354
427,475,966,28.5,121.5625,410000000.0,0.303,5779.26,Zhejiang,28.58265,121.36508,21.362252043599444,9.836636358193354
428,475,967,28.5,121.875,830000000.0,0.368,14366.08,Zhejiang,28.67307,121.44297,46.365695781317946,2.8528374672878827
429,475,968,28.5,122.1875,840000000.0,0.392,15568.18,Zhejiang,28.67307,121.44297,75.19970414518869,2.8528374672878827
430,475,969,28.5,122.5,190000000.0,0.401,3562.91,Zhejiang,28.67307,121.44297,104.98661653597331,2.8528374672878827
431,476,966,28.75,121.5625,320000000.0,0.265,3944.65,Zhejiang,28.67307,121.44297,14.45890264215804,2.8528374672878827
432,476,967,28.75,121.875,820000000.0,0.346,13406.44,Zhejiang,28.67307,121.44297,42.99263637008868,2.8528374672878827
433,476,968,28.75,122.1875,840000000.0,0.379,15041.37,Zhejiang,28.67307,121.44297,73.11116625593138,2.8528374672878827
434,476,969,28.75,122.5,650000000.0,0.39,11853.69,Zhejiang,29.47665,121.86932,101.40171904603349,53.91850786082357
435,476,970,28.75,122.8125,10000000.0,0.392,184.34,Zhejiang,29.47665,121.86932,122.16291506547691,53.91850786082357
436,477,966,29.0,121.5625,220000000.0,0.225,2353.83,Zhejiang,29.10467,121.39568,19.96009930559757,49.90666894555181
437,477,967,29.0,121.875,770000000.0,0.31,11158.88,Zhejiang,29.10467,121.39568,48.02347731916074,49.90666894555181
438,477,968,29.0,122.1875,840000000.0,0.361,14314.38,Zhejiang,29.47665,121.86932,61.336843529110325,53.91850786082357
439,477,969,29.0,122.5,840000000.0,0.379,15039.42,Zhejiang,29.47665,121.86932,80.95514791241672,53.91850786082357
440,477,970,29.0,122.8125,270000000.0,0.382,4837.12,Zhejiang,29.47665,121.86932,105.75433450058809,53.91850786082357
441,478,966,29.25,121.5625,250000000.0,0.198,2348.85,Zhejiang,29.28807,121.42961,13.56750932383452,66.25131383612788
442,478,967,29.25,121.875,370000000.0,0.288,4949.11,Zhejiang,29.47665,121.86932,25.20834055458177,53.91850786082357
443,478,968,29.25,122.1875,830000000.0,0.346,13565.49,Zhejiang,29.47665,121.86932,39.823743226313375,53.91850786082357
444,478,969,29.25,122.5,840000000.0,0.369,14628.96,Zhejiang,29.47665,121.86932,66.11092933317887,53.91850786082357
445,478,970,29.25,122.8125,420000000.0,0.373,7440.11,Zhejiang,29.9492,122.30278,92.05048870323095,10.042613223626779
446,479,966,29.5,121.5625,200000000.0,0.184,1739.29,Zhejiang,29.65503,121.40686,22.884596421653463,28.06613651764725
447,479,967,29.5,121.875,320000000.0,0.272,4143.49,Zhejiang,29.47665,121.86932,2.653968111738289,53.91850786082357
448,479,968,29.5,122.1875,830000000.0,0.336,13163.52,Zhejiang,29.47665,121.86932,30.90597997345485,53.91850786082357
449,479,969,29.5,122.5,840000000.0,0.361,14282.16,Zhejiang,29.9492,122.30278,53.45615465517416,10.042613223626779
450,479,970,29.5,122.8125,500000000.0,0.365,8559.4,Zhejiang,29.9492,122.30278,70.12492861234406,10.042613223626779
451,480,967,29.75,121.875,330000000.0,0.271,4138.93,Zhejiang,29.89889,121.84431,16.81844244343001,28.46810731651894
452,480,968,29.75,122.1875,640000000.0,0.334,10018.72,Zhejiang,29.9492,122.30278,24.783723556916463,10.042613223626779
453,480,969,29.75,122.5,820000000.0,0.356,13783.54,Zhejiang,29.9492,122.30278,29.195954862470085,10.042613223626779
454,480,970,29.75,122.8125,770000000.0,0.359,13038.57,Zhejiang,29.9492,122.30278,53.91870832242501,10.042613223626779
455,481,964,30.0,120.9375,0.0,0.2,0.0,Zhejiang,30.03227,120.86858,7.543794247494659,27.759953086209013
456,481,966,30.0,121.5625,190000000.0,0.261,2308.2,Zhejiang,29.88615,121.55468,12.681945594612476,1.3548947313846331
457,481,967,30.0,121.875,490000000.0,0.299,6838.43,Zhejiang,29.89889,121.84431,11.625246467280004,28.46810731651894
459,481,969,30.0,122.5,780000000.0,0.35,12788.01,Zhejiang,29.9492,122.30278,19.81871517938583,10.042613223626779
460,481,970,30.0,122.8125,790000000.0,0.355,13104.35,Zhejiang,29.9492,122.30278,49.42121967259987,10.042613223626779
461,482,963,30.25,120.625,330000000.0,0.189,2921.53,Zhejiang,30.08189,120.49476,22.498825042661668,10.06378576446436
461,482,963,30.25,120.625,330000000.0,0.189,2921.53,Zhejiang,30.08189,120.49476,22.498825042661668,10.06378576446436
462,482,964,30.25,120.9375,580000000.0,0.225,6130.36,Zhejiang,30.03227,120.86858,25.101173313965553,27.759953086209013
463,482,965,30.25,121.25,250000000.0,0.256,3009.18,Zhejiang,30.16964,121.26647,9.074700403485712,42.70395024944512
464,482,966,30.25,121.5625,720000000.0,0.276,9355.91,Zhejiang,30.16964,121.26647,29.816932014066808,42.70395024944512
465,482,967,30.25,121.875,800000000.0,0.304,11364.82,Zhejiang,30.24369,122.20498,31.70471179399858,28.733017290980293
467,482,969,30.25,122.5,810000000.0,0.345,13075.39,Zhejiang,30.24369,122.20498,28.347474764827552,28.733017290980293
468,482,970,30.25,122.8125,510000000.0,0.349,8413.88,Zhejiang,30.24369,122.20498,58.36082470863881,28.733017290980293
469,483,963,30.5,120.625,15000000.0,0.243,171.55,Zhejiang,30.50938,120.68102,5.467359023832788,27.272473346897225
470,483,964,30.5,120.9375,290000000.0,0.255,3508.4,Zhejiang,30.52553,120.94579,2.9477953476450005,30.548324622342214
471,483,965,30.5,121.25,810000000.0,0.271,10365.56,Zhejiang,30.52553,120.94579,29.280098373472295,30.548324622342214
472,483,966,30.5,121.5625,830000000.0,0.294,11503.84,Zhejiang,30.16964,121.26647,46.43871613580717,42.70395024944512
473,483,967,30.5,121.875,830000000.0,0.306,11966.33,Shanghai,30.74185,121.34242,57.6224707449097,55.748839179030725
474,483,968,30.5,122.1875,780000000.0,0.325,11950.37,Zhejiang,30.24369,122.20498,28.549663786698595,28.733017290980293
475,483,969,30.5,122.5,750000000.0,0.337,11916.08,Zhejiang,30.72573,122.45137,25.527808920465464,85.60059608059322
476,483,970,30.5,122.8125,53000000.0,0.343,854.84,Zhejiang,30.72573,122.45137,42.71237135934664,85.60059608059322
477,484,965,30.75,121.25,200000000.0,0.298,2832.45,Zhejiang,30.67585,121.01606,23.835747965364344,26.107937816776705
478,484,966,30.75,121.5625,690000000.0,0.306,9870.13,Shanghai,30.91803,121.4741,20.502024792321652,34.735759140309256
479,484,967,30.75,121.875,780000000.0,0.308,11290.61,Shanghai,30.91803,121.4741,42.59383721272248,34.735759140309256
480,484,968,30.75,122.1875,830000000.0,0.318,12355.05,Shanghai,30.91803,121.4741,70.63006447814342,34.735759140309256
481,484,969,30.75,122.5,790000000.0,0.334,12327.84,Shanghai,30.91803,121.4741,99.71670537399176,34.735759140309256
482,484,970,30.75,122.8125,140000000.0,0.337,2268.48,Shanghai,30.91803,121.4741,129.14581762510105,34.735759140309256
483,485,967,31.0,121.875,410000000.0,0.324,6290.2,Shanghai,30.91803,121.4741,39.298828174535004,34.735759140309256
483,485,967,31.0,121.875,410000000.0,0.324,6290.2,Shanghai,30.91803,121.4741,39.298828174535004,34.735759140309256
484,485,968,31.0,122.1875,830000000.0,0.314,12215.8,Shanghai,31.22114,121.54409,66.00507326294006,6.7720354639735865
485,485,969,31.0,122.5,830000000.0,0.324,12588.48,Shanghai,31.22114,121.54409,94.26769126167753,6.7720354639735865
486,485,970,31.0,122.8125,210000000.0,0.331,3222.25,Shanghai,31.22114,121.54409,123.23251117511276,6.7720354639735865
487,486,966,31.25,121.5625,69000000.0,0.345,1118.65,Shanghai,31.25956,121.52609,3.620597739633062,5.941960293850234
488,486,967,31.25,121.875,670000000.0,0.313,9918.33,Shanghai,31.22114,121.54409,31.62495441465272,6.7720354639735865
489,486,968,31.25,122.1875,830000000.0,0.31,12033.1,Shanghai,31.22114,121.54409,61.257126004580144,6.7720354639735865
490,486,969,31.25,122.5,810000000.0,0.317,12117.76,Shanghai,31.22114,121.54409,90.94082248403932,6.7720354639735865
491,486,970,31.25,122.8125,64000000.0,0.324,976.21,Shanghai,31.22114,121.54409,120.63786604164174,6.7720354639735865
492,487,965,31.5,121.25,170000000.0,0.319,2610.39,Jiangsu,31.45911,121.12975,12.276334582772256,54.66861223376392
493,487,966,31.5,121.5625,470000000.0,0.319,7088.46,Shanghai,31.40527,121.48941,12.610416757001888,19.500059181285096
494,487,967,31.5,121.875,630000000.0,0.317,9439.04,Shanghai,31.40527,121.48941,38.062540633359255,19.500059181285096
495,487,968,31.5,122.1875,820000000.0,0.309,11946.36,Shanghai,31.40527,121.48941,67.05132896541068,19.500059181285096
496,487,969,31.5,122.5,820000000.0,0.313,12132.48,Jiangsu,31.80805,121.65787,86.7577883043214,74.5847019997926
497,487,970,31.5,122.8125,120000000.0,0.319,1832.53,Jiangsu,31.80805,121.65787,114.53033011928179,74.5847019997926
498,488,964,31.75,120.9375,97000000.0,0.283,1293.09,Jiangsu,31.65382,120.75237,20.521161709581058,38.686910149332164
501,488,967,31.75,121.875,530000000.0,0.326,8058.88,Jiangsu,31.80805,121.65787,21.515347594995415,74.5847019997926
502,488,968,31.75,122.1875,820000000.0,0.31,11986.51,Jiangsu,31.80805,121.65787,50.47773821629529,74.5847019997926
503,488,969,31.75,122.5,820000000.0,0.313,12063.4,Jiangsu,31.80805,121.65787,79.86358078059011,74.5847019997926
504,488,970,31.75,122.8125,220000000.0,0.318,3292.38,Jiangsu,31.80805,121.65787,109.33182069990711,74.5847019997926
505,489,965,32.0,121.25,7000000.0,0.328,108.09,Jiangsu,31.87165,121.18179,15.656185000873712,29.6949809800628
506,489,966,32.0,121.5625,130000000.0,0.337,1982.1,Jiangsu,31.80805,121.65787,23.16480922839854,74.5847019997926
507,489,967,32.0,121.875,700000000.0,0.313,10295.24,Jiangsu,31.80805,121.65787,29.591634245871166,74.5847019997926
508,489,968,32.0,122.1875,820000000.0,0.311,11937.84,Jiangsu,31.80805,121.65787,54.36092705676824,74.5847019997926
509,489,969,32.0,122.5,820000000.0,0.312,12017.14,Jiangsu,31.80805,121.65787,82.3099497491509,74.5847019997926
510,489,970,32.0,122.8125,110000000.0,0.318,1583.55,Jiangsu,31.80805,121.65787,111.06342957403788,74.5847019997926
511,490,965,32.25,121.25,90000000.0,0.329,1391.23,Jiangsu,32.32956,121.18502,10.75045114815231,47.52260863619753
512,490,966,32.25,121.5625,810000000.0,0.305,11627.09,Jiangsu,32.32956,121.18502,36.56908782198826,47.52260863619753
513,490,967,32.25,121.875,820000000.0,0.304,11664.67,Jiangsu,31.80805,121.65787,53.23488586638089,74.5847019997926
514,490,968,32.25,122.1875,820000000.0,0.311,11932.75,Jiangsu,31.80805,121.65787,70.05516324924777,74.5847019997926
515,490,969,32.25,122.5,620000000.0,0.312,9147.49,Jiangsu,31.80805,121.65787,93.36553276757361,74.5847019997926
516,491,964,32.5,120.9375,160000000.0,0.296,2216.25,Jiangsu,32.32956,121.18502,29.983770299771674,47.52260863619753
517,491,965,32.5,121.25,580000000.0,0.3,8211.89,Jiangsu,32.32956,121.18502,19.909453467731502,47.52260863619753
518,491,966,32.5,121.5625,810000000.0,0.296,11322.03,Jiangsu,32.32956,121.18502,40.1838104681836,47.52260863619753
519,491,967,32.5,121.875,820000000.0,0.305,11699.27,Jiangsu,32.32956,121.18502,67.48387159925065,47.52260863619753
520,491,968,32.5,122.1875,750000000.0,0.311,10935.15,Jiangsu,31.80805,121.65787,91.68341495081657,74.5847019997926
521,491,969,32.5,122.5,120000000.0,0.312,1773.76,Jiangsu,31.80805,121.65787,110.47522879521402,74.5847019997926
522,492,964,32.75,120.9375,540000000.0,0.276,7037.27,Jiangsu,32.53308,120.46759,50.17672531198497,51.78272193016617
523,492,965,32.75,121.25,810000000.0,0.284,10872.13,Jiangsu,32.32956,121.18502,47.14593265268971,47.52260863619753
524,492,966,32.75,121.5625,820000000.0,0.295,11293.71,Jiangsu,32.32956,121.18502,58.6319201552299,47.52260863619753
525,492,967,32.75,121.875,810000000.0,0.306,11609.03,Jiangsu,32.32956,121.18502,79.80513583334145,47.52260863619753
526,492,968,32.75,122.1875,180000000.0,0.311,2648.78,Jiangsu,32.32956,121.18502,104.95802337020366,47.52260863619753
527,493,963,33.0,120.625,7000000.0,0.304,100.21,Jiangsu,33.20107,120.50102,25.16446163669092,35.33946288302502
528,493,964,33.0,120.9375,660000000.0,0.275,8544.71,Jiangsu,33.20107,120.50102,46.39974979658001,35.33946288302502
529,493,965,33.0,121.25,810000000.0,0.285,10835.09,Jiangsu,33.20107,120.50102,73.26183824982812,35.33946288302502
530,493,966,33.0,121.5625,810000000.0,0.293,11165.94,Jiangsu,32.32956,121.18502,82.49962724694218,47.52260863619753
531,493,967,33.0,121.875,320000000.0,0.305,4613.08,Jiangsu,32.32956,121.18502,98.63636298971774,47.52260863619753
532,494,963,33.25,120.625,210000000.0,0.301,2949.28,Jiangsu,33.20107,120.50102,12.751238755682746,35.33946288302502
533,494,964,33.25,120.9375,810000000.0,0.277,10494.99,Jiangsu,33.20107,120.50102,40.96287588150445,35.33946288302502
534,494,965,33.25,121.25,810000000.0,0.287,10918.21,Jiangsu,33.20107,120.50102,69.87969913319444,35.33946288302502
535,494,966,33.25,121.5625,720000000.0,0.292,9889.03,Jiangsu,33.20107,120.50102,98.88483661906224,35.33946288302502
536,494,967,33.25,121.875,3000000.0,0.302,42.62,Jiangsu,32.32956,121.18502,120.97474992593065,47.52260863619753
537,495,963,33.5,120.625,500000000.0,0.269,6292.62,Jiangsu,33.20107,120.50102,35.17776748381488,35.33946288302502
538,495,964,33.5,120.9375,810000000.0,0.281,10636.15,Jiangsu,33.20107,120.50102,52.42609703615347,35.33946288302502
539,495,965,33.5,121.25,800000000.0,0.285,10752.69,Jiangsu,33.20107,120.50102,77.1007463284525,35.33946288302502
540,495,966,33.5,121.5625,350000000.0,0.291,4786.78,Jiangsu,33.20107,120.50102,104.04583072139965,35.33946288302502
541,496,962,33.75,120.3125,8000000.0,0.295,111.04,Jiangsu,33.77496,120.25815,5.7398308846383035,48.34557624890672
542,496,963,33.75,120.625,730000000.0,0.27,9255.38,Jiangsu,33.77496,120.25815,34.02561822647645,48.34557624890672
543,496,964,33.75,120.9375,800000000.0,0.281,10628.6,Jiangsu,33.77496,120.25815,62.861483654693096,48.34557624890672
544,496,965,33.75,121.25,780000000.0,0.284,10435.55,Jiangsu,33.77496,120.25815,91.7299857355717,48.34557624890672
545,496,966,33.75,121.5625,41000000.0,0.288,555.13,Jiangsu,33.20107,120.50102,115.83727391956701,35.33946288302502
546,497,962,34.0,120.3125,200000000.0,0.286,2623.03,Jiangsu,33.77496,120.25815,25.521260935879027,48.34557624890672
547,497,963,34.0,120.625,800000000.0,0.272,10220.08,Jiangsu,33.77496,120.25815,42.105161413892745,48.34557624890672
548,497,964,34.0,120.9375,800000000.0,0.28,10538.21,Jiangsu,33.77496,120.25815,67.51668782289254,48.34557624890672
549,497,965,34.0,121.25,600000000.0,0.284,8013.57,Jiangsu,33.77496,120.25815,94.9119831625359,48.34557624890672
550,498,961,34.25,120.0,2000000.0,0.303,28.47,Jiangsu,33.98975,119.82064,33.31732202407325,78.160392721727
551,498,962,34.25,120.3125,490000000.0,0.277,6445.04,Jiangsu,33.77496,120.25815,53.05904733942448,48.34557624890672
552,498,963,34.25,120.625,800000000.0,0.274,10279.22,Jiangsu,33.77496,120.25815,62.71738922362699,48.34557624890672
553,498,964,34.25,120.9375,800000000.0,0.279,10481.24,Jiangsu,33.77496,120.25815,81.92026039500371,48.34557624890672
554,498,965,34.25,121.25,300000000.0,0.283,4051.75,Jiangsu,33.77496,120.25815,105.58224806710645,48.34557624890672
555,499,960,34.5,119.6875,270000000.0,0.262,3324.21,Jiangsu,34.19919,119.57839,34.91616955577085,109.07140837806864
556,499,961,34.5,120.0,630000000.0,0.261,7687.59,Jiangsu,34.19919,119.57839,51.15562937200779,109.07140837806864
557,499,962,34.5,120.3125,800000000.0,0.266,9984.01,Jiangsu,33.98975,119.82064,72.54721474416401,78.160392721727
558,499,963,34.5,120.625,800000000.0,0.275,10280.52,Jiangsu,33.77496,120.25815,87.40492878206065,48.34557624890672
559,499,964,34.5,120.9375,790000000.0,0.279,10317.79,Jiangsu,33.77496,120.25815,102.02374190374316,48.34557624890672
560,499,965,34.5,121.25,70000000.0,0.283,933.09,Jiangsu,33.77496,120.25815,121.78821764840293,48.34557624890672
561,500,958,34.75,119.0625,18000000.0,0.246,207.97,Jiangsu,34.84065,119.1773,14.542692716118221,189.25431803780364
562,500,959,34.75,119.375,430000000.0,0.222,4443.33,Jiangsu,34.75974,119.33894,3.4678154076398053,174.4546363073663
563,500,960,34.75,119.6875,790000000.0,0.245,9080.19,Jiangsu,34.75974,119.33894,31.861995637144084,174.4546363073663
564,500,961,34.75,120.0,430000000.0,0.265,5365.36,Jiangsu,34.75974,119.33894,60.40244550689796,174.4546363073663
565,500,962,34.75,120.3125,450000000.0,0.271,5754.75,Jiangsu,34.75974,119.33894,88.94833476753372,174.4546363073663
566,500,963,34.75,120.625,790000000.0,0.277,10350.58,Jiangsu,33.98975,119.82064,112.23316875789308,78.160392721727
567,500,964,34.75,120.9375,460000000.0,0.28,6106.44,Jiangsu,33.77496,120.25815,125.10894324275732,48.34557624890672
568,501,958,35.0,119.0625,33000000.0,0.253,392.98,Jiangsu,34.84065,119.1773,20.579441032795703,189.25431803780364
569,501,959,35.0,119.375,690000000.0,0.229,7480.83,Jiangsu,34.84065,119.1773,25.275769485979083,189.25431803780364
570,501,960,35.0,119.6875,740000000.0,0.249,8666.27,Jiangsu,34.75974,119.33894,41.529098166217445,174.4546363073663
571,501,961,35.0,120.0,30000000.0,0.268,377.83,Jiangsu,34.75974,119.33894,65.95412387332209,174.4546363073663
572,501,962,35.0,120.3125,100000000.0,0.278,1345.76,Jiangsu,34.75974,119.33894,92.73814721798324,174.4546363073663
573,501,963,35.0,120.625,330000000.0,0.281,4349.87,Jiangsu,34.75974,119.33894,120.31573929882266,174.4546363073663
574,501,964,35.0,120.9375,6000000.0,0.282,79.64,Jiangsu,34.75974,119.33894,148.24448998398253,174.4546363073663
575,502,959,35.25,119.375,250000000.0,0.249,2950.68,Shandong,35.12206,119.31891,15.111913396687637,37.782631544687696
576,502,960,35.25,119.6875,780000000.0,0.252,9224.99,Shandong,35.41646,119.52719,23.538849237921113,0.02888143319226165
577,502,961,35.25,120.0,630000000.0,0.267,7888.58,Shandong,35.41646,119.52719,46.71350512299167,0.02888143319226165
578,502,962,35.25,120.3125,480000000.0,0.277,6272.99,Shandong,35.41646,119.52719,73.60300906521715,0.02888143319226165
579,502,963,35.25,120.625,500000000.0,0.281,6569.57,Shandong,35.95995,120.19653,87.93437034271314,20.54531806406571
581,503,959,35.5,119.375,0.0,0.263,0.0,Shandong,35.42545,119.46242,11.463094710467248,5.928215482694568
582,503,960,35.5,119.6875,590000000.0,0.251,6931.4,Shandong,35.41646,119.52719,17.23690468201333,0.02888143319226165
583,503,961,35.5,120.0,790000000.0,0.262,9681.2,Shandong,35.41646,119.52719,43.81948573313828,0.02888143319226165
584,503,962,35.5,120.3125,790000000.0,0.269,9914.56,Shandong,35.95995,120.19653,52.20439915109553,20.54531806406571
585,503,963,35.5,120.625,790000000.0,0.274,10155.43,Shandong,35.95995,120.19653,64.12127495260533,20.54531806406571
586,503,964,35.5,120.9375,600000000.0,0.277,7852.14,Shandong,36.07515,120.41283,79.55955084038186,2.857944090849714
587,503,965,35.5,121.25,190000000.0,0.282,2542.83,Shandong,36.10811,120.46803,97.69912506040698,8.926894454509457
588,504,960,35.75,119.6875,21000000.0,0.269,266.0,Shandong,35.99583,119.40983,37.05606550570058,65.2933700571401
589,504,961,35.75,120.0,460000000.0,0.262,5652.06,Shandong,35.95995,120.19653,29.303942720362418,20.54531806406571
589,504,961,35.75,120.0,460000000.0,0.262,5652.06,Shandong,35.95995,120.19653,29.303942720362418,20.54531806406571
590,504,962,35.75,120.3125,780000000.0,0.254,9269.95,Shandong,35.95995,120.19653,25.57817757515132,20.54531806406571
591,504,963,35.75,120.625,790000000.0,0.254,9387.04,Shandong,36.07515,120.41283,40.89359179733639,2.857944090849714
592,504,964,35.75,120.9375,780000000.0,0.266,9790.98,Shandong,36.10811,120.46803,58.07268949902179,8.926894454509457
593,504,965,35.75,121.25,760000000.0,0.278,9973.49,Shandong,36.10811,120.46803,80.88802395730593,8.926894454509457
594,504,966,35.75,121.5625,140000000.0,0.287,1834.63,Shandong,36.10811,120.46803,106.28574911871596,8.926894454509457
595,505,961,36.0,120.0,48000000.0,0.272,612.97,Shandong,35.95995,120.19653,18.236168416933136,20.54531806406571
596,505,962,36.0,120.3125,600000000.0,0.245,6959.56,Shandong,36.06623,120.38299,9.716571358867656,0.09985302784310339
597,505,963,36.0,120.625,740000000.0,0.2,6922.21,Shandong,36.10811,120.46803,18.537383680302387,8.926894454509457
598,505,964,36.0,120.9375,770000000.0,0.247,8956.22,Shandong,36.10811,120.46803,43.88251082256703,8.926894454509457
599,505,965,36.0,121.25,780000000.0,0.276,10181.37,Shandong,36.10811,120.46803,71.31691335691583,8.926894454509457
600,505,966,36.0,121.5625,610000000.0,0.285,8226.95,Shandong,36.77645,121.15846,93.60627219756314,80.62636736525694
601,505,967,36.0,121.875,250000000.0,0.296,3533.5,Shandong,36.92021,121.5402,106.61317881879724,60.99688767387642
602,505,968,36.0,122.1875,33000000.0,0.302,468.4,Shandong,36.92021,121.5402,117.56196977434738,60.99688767387642
603,505,969,36.0,122.5,16000000.0,0.304,229.07,Shandong,37.16523,122.48628,129.57345507892836,50.41955006161703
604,506,961,36.25,120.0,36000000.0,0.271,458.29,Shandong,36.26445,120.03354,3.4096609613201134,38.25868487379473
605,506,962,36.25,120.3125,200000000.0,0.244,2310.19,Shandong,36.30744,120.39629,9.85940386200112,26.7546536491148
606,506,963,36.25,120.625,250000000.0,0.187,2209.95,Shandong,36.14508,120.43294,20.811572952501123,9.779630531010026
607,506,964,36.25,120.9375,780000000.0,0.244,8913.57,Shandong,36.10811,120.46803,44.993651044293436,8.926894454509457
608,506,965,36.25,121.25,780000000.0,0.272,9964.51,Shandong,36.77645,121.15846,59.1074423629957,80.62636736525694
609,506,966,36.25,121.5625,780000000.0,0.282,10298.6,Shandong,36.77645,121.15846,68.77927154193657,80.62636736525694
610,506,967,36.25,121.875,780000000.0,0.292,10668.77,Shandong,36.92021,121.5402,80.29563709790175,60.99688767387642
611,506,968,36.25,122.1875,780000000.0,0.301,11037.47,Shandong,36.92021,121.5402,94.30791292204388,60.99688767387642
612,506,969,36.25,122.5,650000000.0,0.307,9414.99,Shandong,37.16523,122.48628,101.77628144296838,50.41955006161703
613,506,970,36.25,122.8125,42000000.0,0.308,609.21,Shandong,37.16523,122.48628,105.8421279676111,50.41955006161703
614,506,971,36.25,123.125,0.0,0.308,0.0,Shandong,37.16523,122.48628,116.61347279955848,50.41955006161703
615,507,963,36.5,120.625,58000000.0,0.246,670.02,Shandong,36.38932,120.44715,20.113225269114732,36.29545712706971
616,507,964,36.5,120.9375,500000000.0,0.245,5693.35,Shandong,36.77645,121.15846,36.518798359315184,80.62636736525694
617,507,965,36.5,121.25,760000000.0,0.259,9279.24,Shandong,36.77645,121.15846,31.806411955099193,80.62636736525694
618,507,966,36.5,121.5625,770000000.0,0.276,10040.87,Shandong,36.92021,121.5402,46.76748584419374,60.99688767387642
619,507,967,36.5,121.875,780000000.0,0.287,10489.01,Shandong,36.92021,121.5402,55.44309241154819,60.99688767387642
620,507,968,36.5,122.1875,780000000.0,0.301,10999.55,Shandong,36.92021,121.5402,74.24718901635768,60.99688767387642
621,507,969,36.5,122.5,780000000.0,0.313,11435.09,Shandong,37.16523,122.48628,73.98027853962083,50.41955006161703
622,507,970,36.5,122.8125,620000000.0,0.317,9295.99,Shandong,37.16523,122.48628,79.46383202957811,50.41955006161703
623,507,971,36.5,123.125,120000000.0,0.314,1695.88,Shandong,37.16523,122.48628,93.28938730795771,50.41955006161703
624,507,972,36.5,123.4375,0.0,0.312,0.0,Shandong,37.16523,122.48628,112.42012109899926,50.41955006161703
625,508,963,36.75,120.625,0.0,0.258,0.0,Shandong,36.88808,120.51777,18.078929422698682,92.08683000878422
626,508,964,36.75,120.9375,48000000.0,0.261,589.45,Shandong,36.77645,121.15846,19.901633088538663,80.62636736525694
627,508,965,36.75,121.25,220000000.0,0.266,2685.54,Shandong,36.77645,121.15846,8.668567382853007,80.62636736525694
628,508,966,36.75,121.5625,530000000.0,0.279,6950.01,Shandong,36.92021,121.5402,19.030256872612966,60.99688767387642
629,508,967,36.75,121.875,750000000.0,0.28,9859.54,Shandong,36.92021,121.5402,35.29888632542664,60.99688767387642
630,508,968,36.75,122.1875,720000000.0,0.307,10395.56,Shandong,37.19397,122.0581,50.6879300705442,35.90709752902434
631,508,969,36.75,122.5,760000000.0,0.327,11714.1,Shandong,37.16523,122.48628,46.18756008295817,50.41955006161703
632,508,970,36.75,122.8125,780000000.0,0.331,12072.15,Shandong,37.16523,122.48628,54.51580969436642,50.41955006161703
633,508,971,36.75,123.125,630000000.0,0.323,9553.07,Shandong,37.16523,122.48628,73.16157348636068,50.41955006161703
634,508,972,36.75,123.4375,16000000.0,0.317,238.64,Shandong,37.16523,122.48628,96.30779870543384,50.41955006161703
635,509,958,37.0,119.0625,0.0,0.289,0.0,Shandong,36.77506,119.21994,28.66469077556461,9.194284067101053
636,509,959,37.0,119.375,19000000.0,0.3,267.99,Shandong,36.85884,119.39862,15.836065618458669,27.03501634411051
637,509,960,37.0,119.6875,41000000.0,0.291,561.76,Shandong,37.17702,119.94217,29.9621325663413,86.85873284311285
638,509,967,37.0,121.875,150000000.0,0.329,2355.04,Shandong,37.19397,122.0581,26.998389724901912,35.90709752902434
639,509,968,37.0,122.1875,140000000.0,0.345,2253.64,Shandong,37.19397,122.0581,24.431764534463646,35.90709752902434
640,509,969,37.0,122.5,470000000.0,0.353,7804.73,Shandong,37.16523,122.48628,18.413004784931783,50.41955006161703
641,509,970,37.0,122.8125,770000000.0,0.349,12647.92,Shandong,37.16523,122.48628,34.277904989711075,50.41955006161703
642,509,971,37.0,123.125,730000000.0,0.333,11506.59,Shandong,37.16523,122.48628,59.5635810863806,50.41955006161703
643,509,972,37.0,123.4375,120000000.0,0.323,1745.01,Shandong,37.16523,122.48628,86.35710361818764,50.41955006161703
644,510,957,37.25,118.75,44000000.0,0.289,598.06,Shandong,37.43365,118.67466,21.479636481045507,0.12278960293003029
645,510,958,37.25,119.0625,510000000.0,0.267,6395.1,Shandong,37.43365,118.67466,39.90697044990134,0.12278960293003029
646,510,959,37.25,119.375,770000000.0,0.276,9934.44,Shandong,36.85884,119.39862,43.54548279024786,27.03501634411051
647,510,960,37.25,119.6875,730000000.0,0.291,10004.34,Shandong,37.17702,119.94217,23.967693112927407,86.85873284311285
648,510,961,37.25,120.0,67000000.0,0.302,950.73,Shandong,37.17702,119.94217,9.595774216333115,86.85873284311285
649,510,969,37.25,122.5,240000000.0,0.377,4169.86,Shandong,37.16523,122.48628,9.503984910512932,50.41955006161703
650,510,970,37.25,122.8125,770000000.0,0.361,13090.18,Shandong,37.16523,122.48628,30.38921506993182,50.41955006161703
651,510,971,37.25,123.125,570000000.0,0.342,9215.36,Shandong,37.16523,122.48628,57.34564373619164,50.41955006161703
652,510,972,37.25,123.4375,700000000.0,0.329,10835.97,Shandong,37.16523,122.48628,84.76647563180212,50.41955006161703
654,511,957,37.5,118.75,22000000.0,0.295,305.68,Shandong,37.43365,118.67466,9.931952061316835,0.12278960293003029
655,511,958,37.5,119.0625,710000000.0,0.266,8835.37,Shandong,37.43365,118.67466,35.01527523979708,0.12278960293003029
656,511,959,37.5,119.375,760000000.0,0.278,9966.99,Shandong,37.17702,119.94217,61.67647856554233,86.85873284311285
657,511,960,37.5,119.6875,630000000.0,0.288,8581.35,Shandong,37.17702,119.94217,42.38754228260671,86.85873284311285
658,511,961,37.5,120.0,630000000.0,0.29,8533.06,Shandong,37.17702,119.94217,36.27581792403396,86.85873284311285
659,511,962,37.5,120.3125,130000000.0,0.299,1825.44,Shandong,37.35531,120.43421,19.34820131527752,90.34473299949995
660,511,965,37.5,121.25,120000000.0,0.321,1780.88,Shandong,37.49794,121.26757,1.5668259414559234,16.36121840230729
661,511,966,37.5,121.5625,500000000.0,0.343,7995.42,Shandong,37.51104,121.44547,10.395989358872447,5.254904761401606
662,511,967,37.5,121.875,500000000.0,0.35,8229.52,Shandong,37.51348,122.12171,21.81357132978164,0.12273804084627896
663,511,968,37.5,122.1875,470000000.0,0.362,7993.82,Shandong,37.50212,122.12348,5.652481201625393,1.2469453609198105
664,511,969,37.5,122.5,670000000.0,0.366,11598.01,Shandong,37.50212,122.12348,33.2157573951815,1.2469453609198105
665,511,970,37.5,122.8125,750000000.0,0.36,12711.07,Shandong,37.16523,122.48628,47.091000975849376,50.41955006161703
666,511,971,37.5,123.125,720000000.0,0.346,11671.95,Shandong,37.16523,122.48628,67.6367047257422,50.41955006161703
667,511,972,37.5,123.4375,720000000.0,0.334,11235.4,Shandong,37.16523,122.48628,91.97070310088864,50.41955006161703
669,512,957,37.75,118.75,6000000.0,0.308,86.8,Shandong,37.88624,118.52544,24.871348870405452,51.89559734294115
670,512,958,37.75,119.0625,610000000.0,0.284,8153.09,Shandong,37.58748,118.54768,48.783526831224876,20.34859931326823
670,512,958,37.75,119.0625,610000000.0,0.284,8153.09,Shandong,37.58748,118.54768,48.783526831224876,20.34859931326823
671,512,959,37.75,119.375,530000000.0,0.29,7247.03,Shandong,37.43365,118.67466,71.0277522776948,0.12278960293003029
672,512,960,37.75,119.6875,10000000.0,0.298,140.22,Shandong,37.17702,119.94217,67.5610070281522,86.85873284311285
673,512,961,37.75,120.0,410000000.0,0.3,5739.33,Shandong,37.64345,120.47872,43.75422103061619,87.74282407316022
674,512,962,37.75,120.3125,620000000.0,0.303,8776.46,Shandong,37.64345,120.47872,18.821586483645387,87.74282407316022
675,512,963,37.75,120.625,270000000.0,0.309,3926.14,Shandong,37.81072,120.75882,13.560994403095638,71.90180329063433
676,512,964,37.75,120.9375,300000000.0,0.315,4507.04,Shandong,37.81072,120.75882,17.093189062916792,71.90180329063433
677,512,965,37.75,121.25,730000000.0,0.317,10813.75,Shandong,37.54061,121.40011,26.77267723325423,9.523840990662142
678,512,966,37.75,121.5625,760000000.0,0.335,12019.45,Shandong,37.54061,121.40011,27.32259291110749,9.523840990662142
679,512,967,37.75,121.875,760000000.0,0.344,12344.51,Shandong,37.51348,122.12171,34.11271226759339,0.12273804084627896
680,512,968,37.75,122.1875,720000000.0,0.349,11750.97,Shandong,37.51348,122.12171,26.930384906608975,0.12273804084627896
681,512,969,37.75,122.5,760000000.0,0.354,12713.17,Shandong,37.51348,122.12171,42.442946039853844,0.12273804084627896
682,512,970,37.75,122.8125,760000000.0,0.351,12619.39,Shandong,37.51348,122.12171,66.27321717752861,0.12273804084627896
683,512,971,37.75,123.125,760000000.0,0.344,12348.13,Shandong,37.16523,122.48628,86.06057810191317,50.41955006161703
684,512,972,37.75,123.4375,510000000.0,0.338,8082.23,Shandong,37.16523,122.48628,106.19469787939313,50.41955006161703
685,513,954,38.0,117.8125,23000000.0,0.317,343.27,Shandong,37.76993,117.62577,30.381199491755066,99.64404248764143
687,513,956,38.0,118.4375,270000000.0,0.321,4132.34,Shandong,37.88624,118.52544,14.81479793536207,51.89559734294115
688,513,957,38.0,118.75,200000000.0,0.321,3004.08,Shandong,37.88624,118.52544,23.404662913917637,51.89559734294115
689,513,958,38.0,119.0625,670000000.0,0.303,9512.48,Shandong,37.88624,118.52544,48.764312273450045,51.89559734294115
690,513,959,38.0,119.375,550000000.0,0.305,7886.69,Shandong,37.88624,118.52544,75.56452454491789,51.89559734294115
691,513,960,38.0,119.6875,0.0,0.307,0.0,Shandong,37.64345,120.47872,80.01015369439753,87.74282407316022
692,513,961,38.0,120.0,0.0,0.309,0.0,Shandong,37.64345,120.47872,57.79195427834321,87.74282407316022
693,513,962,38.0,120.3125,340000000.0,0.309,4915.23,Shandong,37.92135,120.73645,38.182596284194474,80.66765562166769
694,513,963,38.0,120.625,730000000.0,0.31,10610.92,Shandong,37.92135,120.73645,13.113040157733376,80.66765562166769
695,513,964,38.0,120.9375,760000000.0,0.316,11277.93,Shandong,37.92135,120.73645,19.676363154789627,80.66765562166769
696,513,965,38.0,121.25,760000000.0,0.328,11728.68,Shandong,37.92135,120.73645,45.86426246134202,80.66765562166769
697,513,966,38.0,121.5625,750000000.0,0.341,12047.28,Shandong,37.54061,121.40011,53.0385175112651,9.523840990662142
698,513,967,38.0,121.875,170000000.0,0.35,2829.96,Shandong,37.51348,122.12171,58.28426319679688,0.12273804084627896
699,513,968,38.0,122.1875,180000000.0,0.35,2961.79,Shandong,37.51348,122.12171,54.40684889667921,0.12273804084627896
700,513,969,38.0,122.5,720000000.0,0.35,11893.7,Shandong,37.51348,122.12171,63.502969254056126,0.12273804084627896
701,513,970,38.0,122.8125,750000000.0,0.347,12279.9,Shandong,37.51348,122.12171,81.33024692981724,0.12273804084627896
702,513,971,38.0,123.125,510000000.0,0.343,8249.95,Shandong,37.51348,122.12171,103.4699100841713,0.12273804084627896
705,514,955,38.25,118.125,760000000.0,0.28,9978.13,Shandong,37.88624,118.52544,53.52481285260336,51.89559734294115
706,514,956,38.25,118.4375,760000000.0,0.289,10336.51,Shandong,37.88624,118.52544,41.17434685436027,51.89559734294115
707,514,957,38.25,118.75,750000000.0,0.303,10735.66,Shandong,37.88624,118.52544,44.97228626834176,51.89559734294115
708,514,958,38.25,119.0625,760000000.0,0.307,10946.86,Shandong,37.88624,118.52544,62.01968212129163,51.89559734294115
709,514,959,38.25,119.375,710000000.0,0.315,10445.58,Shandong,37.88624,118.52544,84.65878291351656,51.89559734294115
710,514,960,38.25,119.6875,0.0,0.316,0.0,Shandong,37.64345,120.47872,96.75840989506767,87.74282407316022
711,514,961,38.25,120.0,0.0,0.319,0.0,Shandong,37.92135,120.73645,74.09310702667884,80.66765562166769
712,514,962,38.25,120.3125,3000000.0,0.326,45.97,Shandong,37.92135,120.73645,52.078703707377905,80.66765562166769
713,514,963,38.25,120.625,500000000.0,0.333,7818.56,Shandong,37.92135,120.73645,37.82356400907445,80.66765562166769
714,514,964,38.25,120.9375,720000000.0,0.337,11388.28,Shandong,37.92135,120.73645,40.559768964748855,80.66765562166769
715,514,965,38.25,121.25,760000000.0,0.341,12237.92,Shandong,37.92135,120.73645,57.927606066660296,80.66765562166769
716,514,966,38.25,121.5625,550000000.0,0.345,8846.48,Shandong,37.54061,121.40011,80.15722648741885,9.523840990662142
717,514,967,38.25,121.875,0.0,0.349,0.0,Shandong,37.51348,122.12171,84.71107653933421,0.12273804084627896
718,514,968,38.25,122.1875,97000000.0,0.351,1599.2,Shandong,37.51348,122.12171,82.10056832362284,0.12273804084627896
719,514,969,38.25,122.5,290000000.0,0.347,4653.03,Shandong,37.51348,122.12171,88.3706703226007,0.12273804084627896
720,514,970,38.25,122.8125,25000000.0,0.346,406.54,Shandong,37.51348,122.12171,101.89490007790121,0.12273804084627896
721,515,953,38.5,117.5,69000000.0,0.311,1010.13,Hebei,38.37139,117.33012,20.577858068787865,43.4898707385767
722,515,954,38.5,117.8125,720000000.0,0.278,9343.52,Hubei,31.56096,114.12694,841.1912616206205,73.52686096966862
723,515,955,38.5,118.125,750000000.0,0.285,10013.19,Hubei,31.56096,114.12694,852.903210242563,73.52686096966862
724,515,956,38.5,118.4375,760000000.0,0.299,10615.51,Shandong,37.88624,118.52544,68.67833463232807,51.89559734294115
725,515,957,38.5,118.75,760000000.0,0.312,11109.45,Shandong,37.88624,118.52544,71.0124556174796,51.89559734294115
726,515,958,38.5,119.0625,710000000.0,0.317,10567.56,Shandong,37.88624,118.52544,82.82774027024355,51.89559734294115
727,515,959,38.5,119.375,370000000.0,0.32,5511.14,Shandong,37.88624,118.52544,100.84488133239755,51.89559734294115
728,515,960,38.5,119.6875,0.0,0.326,0.0,Shandong,37.92135,120.73645,111.97742189116312,80.66765562166769
729,515,961,38.5,120.0,0.0,0.333,0.0,Shandong,37.92135,120.73645,90.99473453535924,80.66765562166769
730,515,962,38.5,120.3125,0.0,0.341,0.0,Liaoning,38.85129,121.26208,91.2184753727763,31.306951932449724
731,515,963,38.5,120.625,66000000.0,0.351,1088.63,Liaoning,38.85129,121.26208,67.70796152232768,31.306951932449724
732,515,964,38.5,120.9375,750000000.0,0.351,12338.45,Liaoning,38.85129,121.26208,48.16354433738596,31.306951932449724
733,515,965,38.5,121.25,760000000.0,0.348,12386.88,Liaoning,38.85129,121.26208,39.07573937067611,31.306951932449724
734,515,966,38.5,121.5625,720000000.0,0.347,11771.51,Liaoning,38.90463,121.59451,45.078465516340245,2.032886218599679
735,515,967,38.5,121.875,290000000.0,0.349,4758.59,Liaoning,38.91864,121.64511,50.644339482171446,2.682551909174114
736,515,968,38.5,122.1875,760000000.0,0.348,12342.18,Liaoning,38.91864,121.64511,66.19515237064981,2.682551909174114
737,515,969,38.5,122.5,600000000.0,0.346,9722.69,Liaoning,39.27276,122.58861,86.2685705241033,93.03611036470106
738,515,970,38.5,122.8125,78000000.0,0.344,1261.92,Liaoning,39.27276,122.58861,88.08492412347395,93.03611036470106
739,516,953,38.75,117.5,190000000.0,0.289,2610.94,Tianjin,38.9375,117.3571,24.24551260494322,21.163277951378983
740,516,954,38.75,117.8125,760000000.0,0.276,9785.67,Hubei,32.12836,112.77398,865.9402885723584,62.81412762063634
741,516,955,38.75,118.125,610000000.0,0.288,8274.43,Hubei,31.56096,114.12694,877.8830565374284,73.52686096966862
742,516,956,38.75,118.4375,750000000.0,0.307,10897.14,Hubei,31.56096,114.12694,889.9786257901368,73.52686096966862
743,516,957,38.75,118.75,750000000.0,0.318,11269.04,Hubei,31.56096,114.12694,902.80270070668,73.52686096966862
744,516,958,38.75,119.0625,350000000.0,0.325,5322.69,Hubei,31.56096,114.12694,916.3245706884842,73.52686096966862
745,516,959,38.75,119.375,31000000.0,0.327,477.09,Hubei,31.56096,114.12694,930.5136847146038,73.52686096966862
746,516,960,38.75,119.6875,0.0,0.334,0.0,Hubei,31.17333,115.00869,943.8697758623897,81.04956935453964
747,516,961,38.75,120.0,0.0,0.345,0.0,Hubei,31.17333,115.00869,957.0188438683475,81.04956935453964
748,516,962,38.75,120.3125,0.0,0.355,0.0,Liaoning,38.85129,121.26208,83.05517848329359,31.306951932449724
749,516,963,38.75,120.625,0.0,0.363,0.0,Liaoning,38.85129,121.26208,56.3448834376107,31.306951932449724
750,516,964,38.75,120.9375,470000000.0,0.364,8117.1,Liaoning,38.85129,121.26208,30.298504699508378,31.306951932449724
751,516,965,38.75,121.25,500000000.0,0.361,8447.48,Liaoning,38.85129,121.26208,11.31147759276589,31.306951932449724
752,516,966,38.75,121.5625,680000000.0,0.355,11290.96,Liaoning,38.90463,121.59451,17.41622531287028,2.032886218599679
753,516,967,38.75,121.875,750000000.0,0.347,12286.17,Liaoning,38.91864,121.64511,27.352023207566994,2.682551909174114
754,516,968,38.75,122.1875,750000000.0,0.346,12264.67,Liaoning,39.05015,121.78259,48.39069910993266,20.971961170462684
755,516,969,38.75,122.5,760000000.0,0.345,12261.17,Liaoning,39.27276,122.58861,58.630259393085495,93.03611036470106
756,516,970,38.75,122.8125,600000000.0,0.344,9743.21,Liaoning,39.27276,122.58861,61.26244829517926,93.03611036470106
757,516,971,38.75,123.125,44000000.0,0.344,711.59,Liaoning,39.27276,122.58861,74.34149944168044,93.03611036470106
758,517,953,39.0,117.5,4000000.0,0.309,58.09,Tianjin,38.9375,117.3571,14.174698516654649,21.163277951378983
759,517,954,39.0,117.8125,600000000.0,0.278,7784.93,Hubei,32.12836,112.77398,889.3071143517469,62.81412762063634
760,517,955,39.0,118.125,730000000.0,0.283,9670.87,Hubei,31.56096,114.12694,903.0266566566137,73.52686096966862
761,517,956,39.0,118.4375,650000000.0,0.302,9250.81,Hubei,31.56096,114.12694,914.7509333529066,73.52686096966862
762,517,957,39.0,118.75,750000000.0,0.312,11030.6,Hubei,31.56096,114.12694,927.1911936070103,73.52686096966862
763,517,958,39.0,119.0625,470000000.0,0.324,7168.21,Hubei,31.56096,114.12694,940.318899087544,73.52686096966862
764,517,959,39.0,119.375,14000000.0,0.333,219.1,Hubei,31.56096,114.12694,954.1055457763614,73.52686096966862
765,517,960,39.0,119.6875,0.0,0.339,0.0,Hubei,31.17333,115.00869,968.4535340377962,81.04956935453964
766,517,961,39.0,120.0,0.0,0.353,0.0,Hubei,31.17333,115.00869,981.2309639597821,81.04956935453964
767,517,962,39.0,120.3125,0.0,0.364,0.0,Liaoning,38.85129,121.26208,83.79121815284726,31.306951932449724
768,517,963,39.0,120.625,0.0,0.373,0.0,Liaoning,38.85129,121.26208,57.538022730413125,31.306951932449724
769,517,964,39.0,120.9375,300000000.0,0.384,5365.3,Liaoning,38.85129,121.26208,32.58528360439409,31.306951932449724
770,517,965,39.0,121.25,450000000.0,0.383,8131.24,Liaoning,38.85129,121.26208,16.56878370144411,31.306951932449724
771,517,966,39.0,121.5625,280000000.0,0.373,4878.02,Liaoning,38.95223,121.5255,6.20039749106781,8.807523925311923
772,517,967,39.0,121.875,460000000.0,0.349,7589.68,Liaoning,39.05015,121.78259,9.737597776352048,20.971961170462684
773,517,968,39.0,122.1875,740000000.0,0.338,11810.57,Liaoning,39.05015,121.78259,35.41946505168341,20.971961170462684
774,517,969,39.0,122.5,750000000.0,0.342,12110.88,Liaoning,39.27276,122.58861,31.277573406396147,93.03611036470106
775,517,970,39.0,122.8125,730000000.0,0.35,11994.96,Liaoning,39.27276,122.58861,35.95490973170527,93.03611036470106
776,517,971,39.0,123.125,660000000.0,0.346,10793.24,Liaoning,39.27276,122.58861,55.31799731962453,93.03611036470106
777,517,972,39.0,123.4375,460000000.0,0.342,7327.86,Liaoning,39.27276,122.58861,79.2479749550519,93.03611036470106
778,517,973,39.0,123.75,80000000.0,0.342,1286.08,Liaoning,39.68037,122.96611,101.32999311604225,123.78397120075172
779,517,974,39.0,124.0625,96000000.0,0.35,1581.25,Liaoning,39.86172,124.15209,96.12732438375538,23.164654055653003
780,517,975,39.0,124.375,13000000.0,0.352,215.39,Liaoning,39.86172,124.15209,97.7126625757687,23.164654055653003
781,518,954,39.25,117.8125,120000000.0,0.297,1704.66,Tianjin,39.33076,117.82474,9.041670550487629,60.334319847672305
782,518,955,39.25,118.125,200000000.0,0.289,2692.4,Hebei,39.57487,118.08505,36.286564281587715,10.257343502091322
783,518,956,39.25,118.4375,34000000.0,0.319,510.18,Hebei,39.42564,118.91252,45.28035072023515,66.82554382313631
784,518,957,39.25,118.75,140000000.0,0.329,2226.02,Hebei,39.42564,118.91252,24.016299051035972,66.82554382313631
785,518,958,39.25,119.0625,350000000.0,0.32,5197.65,Hubei,31.56096,114.12694,964.5160916859645,73.52686096966862
785,518,958,39.25,119.0625,350000000.0,0.32,5197.65,Hebei,39.42564,118.91252,23.405111089155355,66.82554382313631
786,518,959,39.25,119.375,380000000.0,0.329,5796.04,Hubei,31.56096,114.12694,977.9168926138801,73.52686096966862
787,518,960,39.25,119.6875,0.0,0.344,0.0,Hubei,31.56096,114.12694,991.9413300328006,73.52686096966862
788,518,961,39.25,120.0,0.0,0.356,0.0,Hubei,31.17333,115.00869,1005.6271667812605,81.04956935453964
789,518,962,39.25,120.3125,0.0,0.368,0.0,Hubei,31.17333,115.00869,1018.6844334005372,81.04956935453964
790,518,963,39.25,120.625,0.0,0.379,0.0,Liaoning,38.85129,121.26208,70.65410507422824,31.306951932449724
791,518,964,39.25,120.9375,63000000.0,0.388,1149.34,Liaoning,38.85129,121.26208,52.451224626152644,31.306951932449724
792,518,965,39.25,121.25,730000000.0,0.388,13331.36,Liaoning,38.95223,121.5255,40.76108767545706,8.807523925311923
793,518,966,39.25,121.5625,580000000.0,0.371,10061.36,Liaoning,39.05015,121.78259,29.223569040433894,20.971961170462684
794,518,967,39.25,121.875,19000000.0,0.357,318.63,Liaoning,39.39443,121.96323,17.7629012905425,61.2946046254812
796,518,969,39.25,122.5,680000000.0,0.321,10249.79,Liaoning,39.27276,122.58861,8.037667905935562,93.03611036470106
797,518,970,39.25,122.8125,720000000.0,0.337,11476.05,Liaoning,39.27276,122.58861,19.44113541023675,93.03611036470106
798,518,971,39.25,123.125,740000000.0,0.33,11447.26,Liaoning,39.27276,122.58861,46.249486703436006,93.03611036470106
799,518,972,39.25,123.4375,700000000.0,0.329,10807.43,Liaoning,39.68037,122.96611,62.670217389604645,123.78397120075172
800,518,973,39.25,123.75,380000000.0,0.334,5964.98,Liaoning,39.86172,124.15209,76.25625293370214,23.164654055653003
801,518,974,39.25,124.0625,740000000.0,0.342,11862.45,Liaoning,39.86172,124.15209,68.45241984194476,23.164654055653003
802,518,975,39.25,124.375,690000000.0,0.337,10851.67,Liaoning,39.86172,124.15209,70.65367125722315,23.164654055653003
805,519,958,39.5,119.0625,4000000.0,0.312,58.68,Hebei,39.42564,118.91252,15.301632587686493,66.82554382313631
806,519,959,39.5,119.375,600000000.0,0.319,9002.75,Hubei,31.56096,114.12694,1001.9320761119031,73.52686096966862
807,519,960,39.5,119.6875,210000000.0,0.346,3477.88,Hubei,31.56096,114.12694,1015.5789813211826,73.52686096966862
808,519,961,39.5,120.0,0.0,0.358,0.0,Hubei,31.56096,114.12694,1029.8173442628233,73.52686096966862
809,519,962,39.5,120.3125,0.0,0.371,0.0,Liaoning,40.32565,120.34431,91.84816709362136,164.3476639477455
810,519,963,39.5,120.625,0.0,0.382,0.0,Liaoning,38.85129,121.26208,90.65804653367283,31.306951932449724
811,519,964,39.5,120.9375,21000000.0,0.393,387.91,Liaoning,38.85129,121.26208,77.36918093447987,31.306951932449724
812,519,965,39.5,121.25,440000000.0,0.408,8395.24,Liaoning,39.39443,121.96323,62.35682604995611,61.2946046254812
813,519,966,39.5,121.5625,89000000.0,0.383,1605.02,Liaoning,39.39443,121.96323,36.35627529236951,61.2946046254812
814,519,967,39.5,121.875,37000000.0,0.317,552.45,Liaoning,39.39443,121.96323,13.971236594410048,61.2946046254812
815,519,968,39.5,122.1875,3000000.0,0.274,38.68,Liaoning,39.39443,121.96323,22.552990506152145,61.2946046254812
816,519,969,39.5,122.5,210000000.0,0.275,2739.12,Liaoning,39.27276,122.58861,26.390525535274907,93.03611036470106
817,519,970,39.5,122.8125,490000000.0,0.265,6117.35,Liaoning,39.68037,122.96611,23.98977710712306,123.78397120075172
818,519,971,39.5,123.125,680000000.0,0.283,9113.67,Liaoning,39.68037,122.96611,24.240972603559797,123.78397120075172
819,519,972,39.5,123.4375,750000000.0,0.303,10627.66,Liaoning,39.68037,122.96611,45.09817581688188,123.78397120075172
820,519,973,39.5,123.75,750000000.0,0.306,10752.77,Liaoning,39.86172,124.15209,52.93179666323592,23.164654055653003
821,519,974,39.5,124.0625,750000000.0,0.311,10926.89,Liaoning,39.86172,124.15209,40.94561384326197,23.164654055653003
822,519,975,39.5,124.375,680000000.0,0.299,9605.07,Liaoning,39.86172,124.15209,44.51575525430868,23.164654055653003
826,520,960,39.75,119.6875,380000000.0,0.328,5825.66,Hubei,31.56096,114.12694,1039.4208596370524,73.52686096966862
827,520,961,39.75,120.0,180000000.0,0.354,3066.84,Hubei,31.56096,114.12694,1053.2899094411755,73.52686096966862
828,520,962,39.75,120.3125,27000000.0,0.374,475.26,Liaoning,40.32565,120.34431,64.0666186421532,164.3476639477455
829,520,963,39.75,120.625,0.0,0.387,0.0,Liaoning,40.32565,120.34431,68.32423650561829,164.3476639477455
830,520,964,39.75,120.9375,0.0,0.398,0.0,Liaoning,40.32565,120.34431,81.53146235470703,164.3476639477455
831,520,965,39.75,121.25,250000000.0,0.414,4901.79,Liaoning,39.62644,121.97995,63.95334986092487,85.2312840420047
832,520,966,39.75,121.5625,230000000.0,0.403,4306.47,Liaoning,39.62644,121.97995,38.27146641136055,85.2312840420047
833,520,970,39.75,122.8125,2000000.0,0.243,22.83,Liaoning,39.68037,122.96611,15.250520210194951,123.78397120075172
834,520,971,39.75,123.125,180000000.0,0.254,2176.49,Liaoning,39.68037,122.96611,15.641291652867459,123.78397120075172
835,520,972,39.75,123.4375,450000000.0,0.285,6056.41,Liaoning,39.68037,122.96611,41.056705729170254,123.78397120075172
836,520,973,39.75,123.75,600000000.0,0.267,7554.43,Liaoning,39.86172,124.15209,36.52476007993974,23.164654055653003
837,520,974,39.75,124.0625,610000000.0,0.263,7582.75,Liaoning,39.86172,124.15209,14.590785638643325,23.164654055653003
838,520,975,39.75,124.375,660000000.0,0.269,8274.7,Liaoning,39.86172,124.15209,22.735391771326956,23.164654055653003
841,521,959,40.0,119.375,0.0,0.2,0.0,Hebei,39.87634,119.24444,17.691125554624076,31.071914396232444
842,521,960,40.0,119.6875,120000000.0,0.278,1541.68,Hebei,39.97892,119.77606,7.900455335878713,15.727823055646445
843,521,961,40.0,120.0,480000000.0,0.317,7207.23,Liaoning,40.32565,120.34431,46.55376324363067,164.3476639477455
844,521,962,40.0,120.3125,610000000.0,0.363,10341.7,Liaoning,40.32565,120.34431,36.311380057178695,164.3476639477455
845,521,963,40.0,120.625,82000000.0,0.392,1510.29,Liaoning,40.32565,120.34431,43.36045067889037,164.3476639477455
846,521,964,40.0,120.9375,0.0,0.41,0.0,Liaoning,40.32565,120.34431,62.06515130647741,164.3476639477455
847,521,965,40.0,121.25,11000000.0,0.418,216.13,Liaoning,39.62644,121.97995,74.91660360033801,85.2312840420047
848,521,966,40.0,121.5625,650000000.0,0.416,12733.08,Liaoning,40.22675,122.12169,53.823479780298534,49.891828546344264
849,521,967,40.0,121.875,300000000.0,0.379,5353.31,Liaoning,40.22675,122.12169,32.79939426095089,49.891828546344264
850,521,974,40.0,124.0625,0.0,0.25,0.0,Liaoning,39.86172,124.15209,17.169070443168955,23.164654055653003
851,521,975,40.0,124.375,86000000.0,0.261,1053.73,Liaoning,39.9998,124.35601,1.6177282882466777,0.13556853810410885
852,522,962,40.25,120.3125,130000000.0,0.342,2042.43,Liaoning,40.32565,120.34431,8.834018944599393,164.3476639477455
853,522,963,40.25,120.625,450000000.0,0.386,8215.8,Liaoning,40.32565,120.34431,25.25050196671188,164.3476639477455
854,522,964,40.25,120.9375,140000000.0,0.412,2637.82,Liaoning,40.61019,120.75619,42.8907176586794,124.22625911717546
855,522,965,40.25,121.25,0.0,0.42,0.0,Liaoning,40.61019,120.75619,57.88826258531122,124.22625911717546
856,522,966,40.25,121.5625,160000000.0,0.414,3154.52,Liaoning,40.22675,122.12169,47.535526019039416,49.891828546344264
857,522,967,40.25,121.875,470000000.0,0.389,8524.08,Liaoning,40.22675,122.12169,21.098562291223214,49.891828546344264
858,522,968,40.25,122.1875,28000000.0,0.38,500.48,Liaoning,40.22675,122.12169,6.155333681444809,49.891828546344264
859,522,975,40.25,124.375,4000000.0,0.234,44.05,Liaoning,40.15823,124.4282,11.15981063019543,18.620202168347728
861,523,963,40.5,120.625,260000000.0,0.325,3994.25,Liaoning,40.61019,120.75619,16.521735124618274,124.22625911717546
862,523,964,40.5,120.9375,650000000.0,0.394,11979.71,Liaoning,40.61019,120.75619,19.615271180645674,124.22625911717546
863,523,965,40.5,121.25,270000000.0,0.409,5263.94,Liaoning,40.73545,120.89393,39.85817041716441,107.71337112623229
864,523,966,40.5,121.5625,10000000.0,0.405,190.29,Liaoning,40.22675,122.12169,56.28317556053918,49.891828546344264
865,523,967,40.5,121.875,57000000.0,0.388,1040.3,Liaoning,40.66629,122.20668,33.56264608527206,2.4250906374285246
866,523,968,40.5,122.1875,100000000.0,0.37,1811.33,Liaoning,40.40053,122.3488,17.567547294805088,31.142226703636357
867,523,976,40.5,124.6875,7000000.0,0.222,73.18,Liaoning,40.73131,124.78366,26.97078247545352,89.01832455802952
869,524,964,40.75,120.9375,290000000.0,0.331,4512.22,Liaoning,40.73545,120.89393,4.0113635910534695,107.71337112623229
870,524,965,40.75,121.25,720000000.0,0.384,12989.94,Liaoning,40.73545,120.89393,30.04126308294916,107.71337112623229
871,524,966,40.75,121.5625,620000000.0,0.397,11489.51,Liaoning,41.17371,121.35771,50.154373117900334,59.99953138805075
872,524,967,40.75,121.875,540000000.0,0.389,9796.97,Liaoning,40.66629,122.20668,29.46621779237333,2.4250906374285246
873,524,968,40.75,122.1875,100000000.0,0.398,1929.88,Liaoning,40.66629,122.20668,9.447482077411365,2.4250906374285246
874,525,965,41.0,121.25,140000000.0,0.404,2567.62,Liaoning,41.09515,121.12703,14.774350333680227,79.11232359797123
875,525,966,41.0,121.5625,98000000.0,0.424,1953.81,Liaoning,41.17371,121.35771,25.839361561727614,59.99953138805075
876,525,967,41.0,121.875,240000000.0,0.424,4728.43,Liaoning,41.00247,122.08245,17.411014449426958,13.105397029010437
