112.723,36.7345,50
114.9333,41.052,49.5
114.9333,41.05,49.5
119.4744019,35.96232555,48
116.6933,43.4973,9.75
116.6935,43.4973,5.25
116.8833,43.4,30
116.6935,43.4973,3.96
106.0687,38.0187,10.2
105.6414,37.96,200
105.6333,38.25,49.5
105.4667,38.1667,49.5
114.5333,41.051,100.5
112.809,41.18,49.5
97.23877403,40.4714835,201
97.21310029,40.46980294,201
111.4272478,24.81273384,49.5
112.5933548,25.46403885,49.9
123.6,45.4333,49.5
123.6,45.4333,49.5
114.308,41.9,49.5
108.6968012,19.10098728,48
115.2667,41.3333,49.5
113.7059492,25.50660457,49.5
108.7379484,19.13453631,8.7
108.7269422,19.1036648,35
96.088835,40.66136093,201
114.2833,41.517,49.5
106.6333,41.5,30
122.0833,37.0333,49.3
107.0968326,26.60261783,60
107.0909835,26.54085549,48
107.2922565,26.67694401,45
107.2959831,26.68747108,47.5
107.3276941,26.67053121,47.5
107.6192971,26.33506715,150
108.239291,26.45898623,48
96.04763378,40.62401123,49.5
95.99622577,40.69564164,49.5
114.5674191,26.2661001,46
92.9333,44.3333,200
127.4,46.4029,49.5
106.9845491,27.119926,40
114.1838606,31.54756431,80
124.0667,46.4167,49.5
124.4033,46.8367,49.5
101.4223703,25.81693989,49.5
109.8167,40.65,49.5
123.6333,45.3667,42
123.5167,45.2667,49.5
123.5167,45.2667,49.5
123.5167,45.2667,49.5
123.25,44.8333,49.5
111.66025,35.28762,200
116.5361,26.5068,60
98.897552,36.716871,49.5
107.8303484,26.22464393,99
103.3756449,25.65015381,49.5
96.05660006,40.6783681,600
96.08603352,40.63792602,201
96.00968019,40.6695084,100
106.8966764,28.21159584,48
112.124856,25.15457,50
114.7,41.15,99
114.2209075,29.27024764,50
119.1651412,36.49698499,40
119.2412574,36.46651078,100
123.8167,44.1833,49.5
123.8167,44.5,49.5
110.44,27.22,49.9
106.6519553,26.26619917,49.5
106.6477633,26.22443481,49.5
118.8833,26.4667,48
104.9923631,26.6265971,48
102.2370525,27.49515747,47.5
102.2526494,27.43866048,45
102.2998682,27.50205884,47.5
102.2263677,27.4744204,107.5
102.2508491,27.48626632,46
96.07261644,40.61891895,199.5
96.01717933,40.67985263,201
98.27292381,36.43343073,49.5
92.7167,44.2167,200
106.6905019,26.47794021,49.5
100.6459759,25.93462797,49.5
100.6034325,25.94587848,49.5
101.4047276,25.59475991,44
101.4365626,25.55912268,48
101.4358313,25.58450366,46
101.3818858,25.60317224,48
112.6442559,28.40106429,50
112.6534882,25.55705824,48
112.6278293,25.49626906,30
112.8152776,25.61170045,50
105.7637422,26.36264369,30
105.719968,26.011201,48
94.7333,41.9667,200
116.359,30.849,49.5
130.5312737,44.92459226,30
110.9636822,22.30090088,49.5
105.8727228,26.81630889,50
120.241,29.289,15
117.0476528,23.47059151,3
123.3,45.55,49.5
123.4167,46.0333,49.5
103.4276166,26.45085207,48
110.4158681,20.58124684,49.5
110.1664721,20.49763379,49.5
108.9712898,25.87459019,150
110.9160101,21.54643466,49.5
121.7267,48.8267,100
120.1133,31.9167,1.6
114.0118,39.6022,49.5
113.7666667,40.2,48
130.5167,44.9167,30
130.90499,45.21072,49.5
93.4667,42.9333,200
92.6,44.3167,200
87.77751893,43.33827948,49.5
87.7833,43.55,49.25
108.1814593,26.44834201,49.5
111.6494142,25.21915889,48
111.618,25.3122,48
122.2833,43.55,49.5
103.3945465,26.47904606,32
114.58,35.67,49.5
111.4079453,24.88653823,48
111.3916402,24.7998416,48
111.3569031,24.8593031,48
118.9833,32.75,48
117.9333,33.0167,50
123.0667,44.8547,49.5
123.0667,44.8167,49.5
110.2988336,26.37812465,49.5
112.8322179,25.68985261,48
112.1253,42.35,49.5
113.6167,43.866,49.5
111.7102901,25.50963276,70
112.4289,39.9278,100
124.2667,45.5,49.5
92.9218,44.163,300
115.19,36.08,100
114.7503,35.6232,80
109.70178,20.01700919,50
106.1167,38.0333,19.5
106.0744519,38.02110206,10.5
110.209,41.173,100
102.61638,26.72295433,85
102.6184319,26.64116995,77.5
102.64156,26.69880053,49.5
102.654293,29.31673664,47.5
92.8333,44.15,200
108.8790583,37.7172461,49
122.545449,42.392707,48
107.4863,37.73418299,50
93.1667,44.0833,49.5
121.8641,31.0326,48
110.4167,41.7,48
111.75,41.1333,49.5
113.6333,39.4167,100
111.7933,38.4267,49.5
112.2,39.1333,200
115.05,35.13,100
128.9833,46.9833,28.05
129.1667,47.05,37.5
129.9833,46.9833,16.15
119.5667,34.2,201
106.9212,25.1016,100
114.32,41.9,49.5
124.0167,42.55,49.5
121.2167,30.1667,49.5
104.5761955,25.91661822,48
103.4668935,24.40975204,49.5
97.55647282,37.6497264,3
127.4667,45.75,49.5
127.4667,45.75,49.5
108.7855782,30.35669933,48
108.8039165,30.37133376,48
110.6405,41.8408,199.5
122.6333,44.2167,30
125.34379,46.41773,49.5
124.0457,46.4276,300
95.6043737,37.99106824,49.5
95.64579904,37.94698627,49.5
106.099891,34.77826795,60
99.574413,36.438547,49.5
119.176,25.388,200
119.27,25.1053,200
112.4295,39.3278,100
112.4167,39.3167,150
106.7772723,39.23916301,49.5
109.8402184,40.65781064,50
109.7667,41.6833,201
114.9167,42.6333,49.5
109.7667,42.0333,50
110.8852571,24.99511613,49.5
117.4833,38.2333,100
122.8333,45.6167,49.5
121.5333,44.9167,49.5
115.0917619,31.18934112,80
106.8504149,27.62040291,48
118.4909978,37.97896802,48
113.84,41.26,49.5
118.6264247,36.4745365,48
124.0467,42.58,49.5
124.1667,42.8,49.5
121.3667,42.2667,49.5
121.45,42.1833,49.5
112.1842952,24.18111976,100
114.3,34.79,48
125.0167,46.6,49.5
117.8833,43.4167,1.2
123.127384,42.628812,50
117.8833,42.6833,49.5
122.1067,46.1167,49.5
122.0667,46.1167,49.5
122.0667,46.1167,300
115.4833,42.4667,49.5
115.3667,42.5167,49.5
113.0833,43.25,49.5
114.05,44.4167,49.5
113.2167,40.7667,30
119.65,45.5167,49.5
118.6667,43.5167,49.5
119.0169,42.9169,49.5
115.7333,40.3333,49.5
115.8167,40.3667,15
121.2,41.2677,10.5
121.2,41.2667,10.5
118.3,42.8167,49.5
118,42.7333,49.5
118.1333,42.8333,50
117.98,36.61,49.5
111.5553,35.4298,42
120.15,33.05,6
120.8167,33.2167,3
120.4,33.2,2.2
130.5667,45.75,49.5
112.8707205,29.72679459,49.5
120.9833,41.3667,50
121.2167,41.5167,49.5
121.3333,41.4833,48
117.5732949,36.61962484,50
94.5167,42.4167,200
119.9167,41.5333,47.5
110.4167,41.7,49.5
110.4167,41.7,49.5
110.4167,41.7,49.5
87.1167,47.5167,49.5
104.0667,40.3667,49.5
116.4768841,42.19000109,20
115.05987,24.962291,126
105.9167,36.9667,300
106.1833,37.8333,6
123.0667,44.8167,45.06
110.6457,39.6167,30
115.72418,37.51337,150
109.8054478,22.24788676,50
118.227722,36.12857434,50
121.114838,36.78060505,49.8
121.0108,36.76,49.8
112.5333,38.9,120
112.7676,32.34758987,49.5
112.415,32.5144759,49.8
122.1081447,37.51117309,49.8
113.3755353,31.83772986,28.5
118.7667,25.0667,46
107.2966141,36.5225843,50
119.9358967,36.79886632,49.8
119.9333,36.8667,49.8
109.1523954,26.33168696,48
109.1608838,26.34244224,48
108.5267581,26.81660525,49.5
118.9667,35.8,49.8
118.8,35.78,49.8
117.9851816,35.24736903,80
112.0167,35.9167,99
96.05890825,40.6240284,201
115.6318221,29.72218908,56
115.7098888,29.4052421,48
121.45,41.3167,49.5
116.6464168,23.20090943,49.6
130.1333,46.7333,49.5
132.109,47.3475,49.5
116.8167,35.42,49.8
116.9044195,35.49203034,49.5
122.2333,42.1833,49.5
122.3,42.2167,49.5
122.2833,42.2167,49.5
118.5137581,37.64004207,49.8
121.13,36.78,100
113.75,40.3667,49.5
113.75,40.3667,49.5
114.3333,40.35,99
114.0667,40.4167,49.5
114.0667,40.4167,49.5
114.3,39.65,49.5
114.2667,39.7667,49.5
117.3167,42.25,49.5
119.7333,41.8,49.5
119.8,41.8333,49.5
120.8667,42.0333,49.5
106.9594858,35.14695893,100
113.3512087,32.77526302,32
114.1833,41.4167,49.5
115.5875,40.3793,49.5
95.7364,40.5736,49.5
119.9167,37.1667,48.75
121.0833,44.7333,49.5
112.3,38.75,49.5
116.1167,44.5833,300
114.3333,41.9667,49.5
113.5167,41.9,49.5
114.3333,41.9833,49.5
113.1747,41.4517,68.5
118.8642375,36.76554898,49.5
118.78,36.84,49.5
122.4643901,37.22429861,19.5
122.4212928,37.22459609,6
122.4167,37.1867,49.5
122.7167,44.2333,300
122.6,44.05,49.5
122.6167,44.0667,28.5
122.2833,43.3,100.5
122.2833,43.2667,49.5
124.15,42.7556,48
119.1833,39.3667,49.5
104.4446945,25.67205121,48
115.05,35.76,500
122.08245,41.00247,49.5
121.115,32.317,48
121.65,31.8167,91.5
104.6111958,25.86373039,49.5
104.5670715,25.86910518,49.5
102.4130109,26.71647703,49.5
102.3706315,26.67733891,49.5
102.9395901,27.73167084,49.5
102.9228022,27.72708582,49.5
96.05554288,40.61078481,199.5
96.00107012,40.68446892,400
96.09001542,40.66421191,50
116.1105104,29.32244303,26
132.88,47.93,49.5
132.85,47.95,49.5
132.8833,47.9333,49.5
115.46,27.33,52
115.4209417,27.39711048,48
115.3431794,27.38308396,80
119.7667,49.2167,49.5
119.4667,49.15,49.5
115.9879,37.1023,49.5
115.9432,37.1589,49.5
111.64,41.1256,49.5
92.4333,44.2833,200
110.2587,20.5579,100.5
122.7421,42.6455,300
121.4667,42.3667,49.5
105.3731958,35.2751289,200
124.2933,46.1253,49.5
124.5333,46.2333,48
124.2733,46.162,49.5
124.4667,46.25,48
124.2833,46.1833,48
100.2271298,25.69791066,49.5
100.2643478,25.29992522,48
100.3303292,25.2862991,49.5
100.3068077,25.28798982,48
100.1133964,26.61021238,49.5
100.0908874,26.29345952,49.5
100.1060433,26.31009737,49.5
100.0989487,26.22533623,39
100.1088457,26.30058221,40.5
100.0840128,26.25068175,49.5
100.0955566,26.2362417,49.5
100.2247127,25.6899373,48
118.1167,42.95,300
117.0783,42.36,200
113.8550471,26.03818444,36
118.05,37.73,100
104.244869,27.12963285,48
104.1682719,27.05084555,49.5
104.8609656,27.19912884,49.5
104.9055181,27.22444363,49.5
104.8559229,27.29082672,49.5
99.82011577,24.94436084,49.5
109.7667,41.5833,49.5
109.7667,41.6,49.5
116.7833,30.5333,50
114.6267,41.2007,49.5
114.7,41.0833,49.5
114.7333,41.1167,49.5
117.5167,42.35,48
117.5167,42.35,48
117.6,42.55,48
117.5167,42.35,49.5
117.6333,38.45,100
130.8333,44.1833,49.5
129.1833,45.85,49.5
129.7333,46.2667,49.5
105.7,36.45,200
114.6467,41.87,49.5
114.6167,41.85,49.5
110.4048294,20.5428026,49.5
106.5383,37.775,49.5
105.7,36.45,100
120.3046,34.1167,201
120.9833,37.8833,49.8
120.68,36.61,49.5
88.323,43.334,300
112.5833,41.7333,20
112.5833,41.8,202.5
119.3627012,36.8937972,49.5
120.9,43.8,49.5
120.8,28.5767,42
123.55,42.8167,25.5
117.9205,24.9613,20
107.2762645,36.58900758,49.5
107.2971178,36.54865882,49.5
107.2480258,36.59584315,49.5
107.3141796,36.5279604,400
130.75,44.5833,49.5
116.5333,25.2167,46
119.6906,34.5167,100
116.6273,25.7739,46
102.5011386,24.91010629,166
97.16213548,40.46996873,400
96.05905423,40.67930425,201
94.37969362,39.75903838,49.5
129.90495,46.73068,49.5
119.8167,30.7,70
120.0167,30.9333,22
93.5333,44.2667,49.5
93.5333,44.2667,49.5
93.0333,44.2667,49.5
93.5333,44.2667,49.5
128.04392,45.95038,12
122.7667,42.7,25.5
119.5167,25.3833,24
119.2667,25.4167,30
119.55,25.3833,48
117.6167,31.4833,50
117.7833,31.81,20
114.2667,39.7667,49.5
117.1263,43.4542,49.5
112.8478504,25.60715944,36.3
110.0833,41.05,49.5
117.9967,32.7438,200
104.7043285,36.61871954,49.5
104.7642896,36.64091911,49.5
104.7249024,36.65099413,49.5
104.1327913,37.30481231,49.5
116.9167,30.55,49.8
111.4636,24.6825,48
114.6565329,29.32694454,13.6
115.0483898,31.1842716,49.5
108.8484732,30.3908906,49.3
113.8397019,31.70378729,50
124.1998,46.457,49.5
124.1665,46.4403,49.5
110.3667,41.3167,49.5
110.4167,41.3,49.5
117.5833,44.2833,49.5
110.2167,41.9,49.75
110.2,41.85,49.5
117.7167,42.5667,49.5
117.5833,42.55,49.5
117.5833,42.55,49.5
117.7,42.5667,2.4
117.5333,42.5833,49.5
117.75,41.9167,49.5
117.7,42.5767,49.5
113.05,35.58333,48
114.4667,41.85,49.5
115.7011,41.6575,200
115.7,41.6667,199.5
115.2833,41.0833,49.3
115.45,41.2,49.3
102.859122,23.79699848,100
117.75,41.9167,150
117.2933,42.23,199.5
117.6021,42.4433,49.5
117.75,38.2167,49.5
114.7,41.15,400
114.6667,41.08,50.8
114.7,41.15,49
114.7,41.15,48.6
114.7667,41.95,102
88.37682042,43.398,54.3
124.6333,44.4667,57.4
96.08694486,40.64835849,48
96.05238827,40.64392675,201
121.1167,41.1167,3.75
108.7167,39.8167,49.5
108.7167,39.8167,49.5
124.25,40.45,21
122.9667,39.7,7.4
122.5667,39.2667,10.2
122.0463,39.6367,22.5
109.7833,41.65,40
96.04144471,40.64345942,49.5
96.0247791,40.70597201,201
108.2722806,30.02349327,49.5
105.1833,37.1667,49.5
103.0828418,27.01546343,39
112.3167,36.5,100
125.3,44.7167,49.5
117.4167,23.643,30
117.3982,23.6028,49.5
114.3127,41.134,49.5
114.3157,41.1336,25.5
114.1,41.2833,199.5
114.3,41.0763,34.5
114.2667,41.1667,49.5
114.2167,41.1333,49.5
114.3067,41.1333,49.5
114.3167,41.1333,49.5
114.3167,41.1333,150
114.35,41.5,49.5
114.5267,41.8767,300
115.7,41.6664,49.5
115.7,41.6659,49.5
115.7,41.6662,49.5
115.7012,41.6557,49.5
115.7,41.6657,49.5
115.7,41.6665,100
115.4167,41.2017,49.5
115.2667,40.9667,49.5
115.908,41.172,49.5
115.8567,40.78,49.5
115.5167,41.2067,49.5
115.648,41.299,49
110.1552881,20.53585158,49.5
108.8673725,37.79710906,49.5
108.8538132,37.7707396,49.5
108.8815418,37.73343902,49.5
108.8695864,37.79905165,49.5
108.8421109,37.78208015,49.5
107.8424748,37.66099047,50
107.8364298,37.65199742,50
111.6441684,25.5457441,48
114.3231173,28.59278799,4.84
129.9833,47.9833,49.5
111.9460638,21.91024651,25.74
120.25,33.7667,49.5
120.3,32.85,90
120.3,32.85,110
120.3,32.85,201
120.3,32.85,200.4
120.7925503,37.77335321,49.5
115.9990016,42.24728661,49.5
116.0515,43.4167,49.5
115.2667,41.9,49.5
113.0833,43.25,49.5
114.03,44.4245,49.5
119.65,35.9833,100
119.4112226,36.05553828,49.5
119.3767165,36.05081424,36
119.4,36.02,49.5
119.4833,35.9333,49.5
119.42,35.99,49.5
119.3404811,35.99846929,49.5
119.4644918,35.9617795,49.5
118.5931395,36.50036728,49.5
118.7333,36.4167,49.5
122.07,37.0667,49.5
122.5061339,37.11968177,49.5
122.5343,37.1702,48.75
122.4487,37.1387,49.5
122.17,37.4,49.5
120.935,43.378,49.5
122.8,44.2667,49.5
122.9323,44.2472,49.5
123.55,42.4667,49.5
124.3833,42.4667,49.5
124.2167,42.8667,49.3
124.2167,42.8333,49.3
113.8249792,31.72593429,49.5
113.8286657,31.68171719,48.3
113.832636,31.74942341,50
123.9833,44.1667,49.5
124,44.2167,49.5
112.4078,39.3845,97.5
112.6107684,35.03257895,52
112.5552628,35.03876699,49.5
123.28,42.69,49.5
96.12,40.66,49.5
123.35,42.75,49.5
122.7,42.5167,49.5
120.1332,50.2256,49.3
123.456,42.5354,49.3
110.6550961,26.55542992,50
110.6956082,26.54112419,49.9
121.7333,31.6167,47.5
119.2333,35.6,49.5
118.7904491,35.63973147,48
119.8981824,35.76435838,49.5
119.65,35.8167,49.5
124.4667,47.8167,49.5
88.05,43.55,49.5
121.4167,29.2667,49.5
121.4,29.65,22.5
122.0828,29.8667,45
120.9,32.7833,49.5
120.9,32.7833,100.5
121.65,31.8167,100.5
108.8424319,22.88763273,48
108.7988115,22.94428772,47.5
111.24396,37.8947,48
118.82,35.14,49.5
102.7292518,25.16082217,30
102.6160071,25.26572752,38
97.16720384,40.40591478,49.5
97.14771661,40.44122745,49.5
96.03552402,40.64276362,201
116.2023139,29.75913289,48
121.35,41.1833,49.5
121.3667,41.1667,49.5
121.5833,41.2833,49.5
122.0833,41.9167,49.5
122.1237,41.73,49.5
122.1167,41.7,49.5
121.855,41.7042,49.5
121.85,41.6167,49.5
130.0167,46.4167,24.65
130.7167,47.0167,49.5
130.7167,47.0167,49.5
130.7167,47.0167,49.5
130.7167,47.0167,49.5
130.7167,47.02,49.5
134.3167,48.3,31.5
117.2667,35.6667,49.5
116.75,36.53,49.5
132.1167,45.5333,49.5
120.7167,40.6167,49.5
120.8667,40.7667,49.5
118.6047,48.4333,49.5
117.1458,49.5292,49.5
116.7815,48.7192,49.5
119.1087,49.2663,49.5
93.513435,42.832,200
93.5235,42.835,600
94.5833,42.0167,200
94.8,42.1667,200
92.79372365,43.60399517,200
92.5,44.2333,200
129.8833,46.1167,24.65
129.8833,46.1167,24.65
111.0691961,25.91083334,50
111.1163512,25.84608203,50
110.9246865,24.99311396,49.5
110.8882011,25.04794013,49.5
122.2455,42.2234,47.5
119.7667,25.5167,6
119.7667,25.6,100
119.3667,25.7167,14
118.3069224,37.4553722,49.5
118.2667,37.55,49.5
118.2261519,37.55244168,49.5
118.2833,38.1,49.5
118.4838864,37.89645229,49.5
118.547777,37.8570319,49.5
118.5149222,37.96352242,49.5
118.5167,37.8667,49.5
118.2667,38.0667,49.5
118.38333,37.05,49.5
113.9567,39.69,100
114.2876,39.7867,48
100.1106038,26.23992749,49.5
100.0557648,26.2436496,40.5
101.9714575,25.82238828,49.5
117.9667,32.7667,49.5
117.5667,32.8667,49.5
119.0163,42.9166,49.5
119.0165,42.9162,49.5
119.0168,42.9167,49.5
118.06,42.667,49.5
118.0833,42.7667,49.5
118.3,42.6,49.5
118.7126,41.7639,49.3
118.7256,41.7539,49.3
118.9833,43.5667,49.5
117.9167,42.2667,49.5
117.65,42.4833,49.5
117.8,42.55,150
116.9667,42.0333,200
117.6833,42.5167,49.5
117.8333,42.5167,49.5
117.0833,42.0833,49.5
117.8333,42.45,49.5
120.7667,41.8,49.5
82.6183,45.1308,49.5
104.2277802,27.1133666,49.5
104.1670705,27.06987853,49.5
106.567852,33.86291873,49.5
106.6124672,33.86129734,49.5
122.2833,44.7167,49.5
122.0333,44.2167,49.3
122.0333,44.2167,100.3
124.2667,45.5,48
108.35,40.9167,49.5
108.3833,41.95,49.3
106.4,41.4,49.5
105.8833,40.2167,49.5
105.2,40.2167,49.5
106.6833,41.8333,49.5
106.9167,41.6,49.5
116.2,30.25,49.5
116.2,30.25,49.5
111.7217198,25.45715063,50
108.8732022,37.76669049,49.5
108.8850493,37.77644978,49.5
129.1,47.1167,49.3
120.8167,33.1167,200
109.8570311,35.65497308,49.5
114.1424485,31.52671753,30
102.9920606,37.5257464,100
123.9533,44.1654,49.5
123.3833,44.4833,49.5
123.9667,44.2667,49.5
124.6333,44.4667,49.5
111.77,34.74,48
105.8084582,25.11584818,40
126.1,48.1833,49.5
95.401406,36.514021,49.5
111.1167,37.0333,50
103.4282534,25.62468891,49.5
115.9615675,29.54313363,34.5
116.0333,29.4833,21
116.036704,29.51635088,19.5
116.1525588,29.37480187,49.5
116.2415119,29.24005147,30
130.7167,46.35,43.5
117.6167,36.55,100
126.4167,50.9833,49.5
126.4833,50.2,49.5
95.11375349,36.50381613,49.5
95.08428614,36.55884459,49.5
95.14528926,36.53612476,49.5
92.7167,44.3,100
129.9167,46.5333,49.5
111.9667,43.6333,20
124.4833,46.35,49.5
101.4268841,25.15515986,100
102.2314304,25.23468975,49.5
102.2301349,25.2487896,100
120.9,42.2333,49.5
110.0167,41.6333,199.5
104.1585846,37.29450298,50
104.1761519,37.26874752,49.5
104.0991065,37.29403194,49.5
105.1477144,35.89603824,49.5
123.2,45.85,49.5
108.63,40.7567,49.5
109.1902,23.0743,50
110.5575103,23.55685728,60.95
114.2567,39.7567,100
111.7307598,23.27326658,49.6
108.7142424,19.13122544,49.5
115.3157825,23.0973805,14
106.25,38.2667,49.5
112.1524567,37.9423378,48
95.13183114,36.50589498,50
95.12286743,36.53402454,50
95.11793677,36.56105059,50
103.2134059,38.62058771,49.5
96.00385066,40.68060932,201
96.025293,40.6972198,200
111.0833201,39.08758238,50
118.645,24.561,32
118.8,25.0167,22
132.2505,47.2175,49.5
119.8833,26.3333,30
119.5167,26.2,48
119.499,25.476,32
119.4629,25.477,48
119.4663,25.7933,47.5
119.5388,25.578,48
119.5389,25.572,48
113.3063333,33.36666667,48
92.7,44.2,99
106.3908,36.4108,96
123.87464,43.00655,48
107.8422405,29.8701851,49.5
107.8500713,29.85655133,49.5
113.4167,36.2,49.5
115.2667,40.8,49.5
115.2667,40.9667,48
107.8008791,37.69427519,49.5
107.7826681,37.73617484,49.5
120.5667,34.2333,300
109.3587293,37.05293557,49.5
120.7964041,37.41629763,49.5
120.2743,37.237,49.5
120.55,37.3,49.5
121.137578,36.75505217,49.5
122.0833,44.3833,49.5
122.1833,44.3833,49.5
122.15,46.35,49.3
111.6667,38.55,49.5
113.25,38.9167,48
113.5667,43.7167,30
116.35,42.25,49.5
116.35,42.25,30.6
116.35,42.25,30
119.6,45.8167,30
115.9333,43.4833,49.5
115.95,42.4833,49.5
115.9658,43.4935,49.5
115.95,43.4833,49.5
115.8167,43.4667,49.5
103.2293208,38.65550687,49.5
112.849,41.19,49.5
122.0833,37.0333,49.5
88.65117036,42.79250603,49.5
88.5167,43.0167,49.5
88.5167,43.0333,49.5
119.633,45.4618,48
122.4333,42.9167,49.5
119.693,45.4925,49.5
119.3167,45.45,49.5
124.1,42.7667,49.5
124.1,42.7667,49.5
123.73,42.8532,48
124.1,42.7667,49.5
116.4739277,35.89092429,49.5
123.6333,43.8833,49.5
123.6333,43.8833,49.3
112.15,39.95,49.5
112.9833,39.65,49.5
130.7667,46.7667,49.5
131.1167,46.7167,49.5
123.4,42.5,48
110.2734914,26.34543464,49.5
111.76,34.77,130
111.73,34.77,48
111.72,34.72,45
110.92,34.57,40
111.19,34.77,50
119.9363273,36.79316257,49.5
107.6507458,25.90196549,48
108.352269,26.81152942,49.5
113.2167,33.9667,34
92.8,44.245,200
129.05,44.9333,45
111.6423141,27.72491801,49.9
97.14608039,40.40833339,49
97.1941051,40.46705499,201
95.99766382,40.61292618,400
115.8882275,29.02290474,48
115.8434536,28.97115746,48
121.2167,30.6667,32
130.45,46.0833,49.5
130.5167,46.1833,49.5
116.946587,35.44451019,49.5
116.8406683,36.52711211,49.5
116.5087,36.2533,49.5
116.5093,36.258,49.5
109.5982588,27.61423535,49.5
120.2333,49.2167,49.5
131.95,47.2833,49.5
111.3465546,24.82591346,49.5
94.8,43.75,200
110.9527666,25.0063719,49.5
105.907486,32.54193169,36
105.8774158,32.37467055,102
121.7167,42.2833,50
121.6,42.2717,49.5
119.5767,25.9667,28
112.7,36.7443,49.5
112.7,36.7563,49.5
113.6833,39.5667,49.5
113.9167,39.65,49.5
125.0548,45.9533,49.5
124.9833,45.9167,49.5
121.628553,39.7767,49.5
121.528509,39.776839,49.5
100.0695359,26.29319828,48.75
100.1047803,26.2923849,49.5
119.17,43.75,49.5
118.1333,42.7833,49.5
118.1262,42.7833,49.5
119.75,42.6167,49.5
117.9167,42.5833,49.3
117.75,43.9833,49.5
117.67,44.02,48.75
117.8833,43.4167,49.5
117.8833,43.4167,49.5
117.75,42.8333,49.5
117.7,42.75,49.5
117.75,42.7,49.5
117.75,42.8333,49.5
118.051,42.7,49.5
120.2167,43.9833,49.5
116.1833,41.8333,150
116.0333,41.4,48
116.0233,41.412,200
116.1833,41.5,49.5
116.1167,41.4,48
119.6333,41.0833,49.5
119.8167,41.4333,30
119.75,41.3,48
120.7667,41.8,48
104.1130917,37.29493909,49.5
104.1317518,37.29502665,49.5
104.0964893,37.30029148,49.5
121.6333,45.0333,49.3
121.6333,46.0167,49.5
123.2833,45.55,49.5
88.2,38.9333,49.5
108.85,42.1667,49.5
106.6,41.4333,49.5
114.9333,41.1,36
120.168,33.355,125.25
124.5522,45.7451,49.5
117.9667,42.8333,99
134.0167,46.8,49.5
132.05,47.4167,24.3
132.05,47.4167,48
132.05,47.4167,18
122.9917,45.7917,49.5
122.1167,40.2667,6
122.4,42.9333,3
103.1870344,23.36296458,42
124.7167,46.5,49.5
94.75,43.6167,48
125.5167,45.3667,49.5
125.5333,45.3667,49.5
116.65,41.2,48
116.512,41.7267,49.5
96.08333333,36.33333333,50
108.8808273,37.70697469,49.5
119.7333,35.9167,49.5
112.7833333,39.85,49.9
114.3,41.3667,49.5
112.15,39.6,49.5
122.3167,37.167,48
104.6017013,25.9127349,47.5
104.1587163,27.10655699,49.5
110.267778,26.43672335,26
118.4632,30.1977,48
115.1333,41.0667,100.5
105.4248985,27.42247215,49.5
113.9833,42.5333,49.5
120.6712292,37.90212518,48
114.8092464,23.84357212,49.5
93.526,42.835,49.5
112.6189187,25.47956197,49.9
111.3166667,25.98333333,50
113.282431,24.782333,40
104.8867487,27.20859728,49.5
119.8333,25.4167,50
121.233,32.9333,200
120.93,32.72,302.4
119.4833,25.2267,246
121.192438,32.335873,150
110.82695,20.5809038,198
122.294,30.253,234
121.311,32.685,150
121.181,32.325,50
118.0488,32.0928,48.8
119.4166667,25.35,400
118.75,39.09,300
120.7957135,37.40913954,150
118.5333,26.0167,48
105.94671,36.9678,49.5
112.4879,41.4245,49.5
116.4945962,23.21404765,49.5
108.1025462,26.66869511,50
110.4638857,20.60576463,49.5
123.95,47.3167,49.5
108.65,40.7167,49.5
108.5167,41.5667,100
108.8332817,37.73212613,50
113.519,22.10755,15.75
119.2704037,36.42013533,70
112.76,41.37,49.5
117.9205,24.9613,48.4
118.5167,36.5167,38.25
116.5146692,23.1458626,49.3
117.15,37.84,39.6
116.932,37.73852291,50
97.21573419,40.46145641,49.5
94.9667,43.75,48
91.0833,45.5833,48
124.6833,46.7,49.5
115.8928971,30.03666827,38
82.8667,44.6,49.5
111.35,25.08333333,40
111.3651402,24.84063796,100
111.3582516,24.82970204,50
104.2173842,27.09178909,49.5
115.30629,36.53529,50
119.0167,42.9167,49.5
120.95,42.2564,49.5
117.68,36.24,49.5
105.5064049,32.34700122,101.2
115.6301644,24.98522648,108
121.6884795,37.35947099,32
112.2333333,43.28333333,49.5
112.83,34.16,42.5
123.2,45.85,49.5
123.1167,43.8333,49.5
105.4191969,27.34773207,49.5
120.5167,27.1667,7.5
120.4,27.5,15.3
110.6166667,22.51666667,11
114.726375,41.164944,100
109.8167,40.65,45
104.5911317,25.89557812,47.5
104.8975531,36.86216451,45
104.9596591,36.87645896,49.5
118.4167,32.45,49.5
118.4167,32.45,49.5
120.0994744,35.98577264,18
97.41666667,37.05,49.5
111.11,34.75,40
107.7987363,37.64041305,50
107.7952159,37.65032924,50
111.364,21.59,49.5
120.2333,37.2167,49.5
119.9494725,37.23968421,49.5
95.14858483,36.51468811,49.5
97.14511122,40.40091611,49.3
111.597447,38.601528,100
108.1248333,37.38333333,50
104.1432559,37.30602595,49
113.1137813,33.99201384,32
113.4833,39.4333,49.5
111.628,25.299,48
107.5141397,28.27875309,49.5
123.0667,44.8167,49.5
118.018,31.6795,49.5
88.12,42.0667,49.5
88.12,42.1334,49.5
117.949,32.756,49.5
118.1167,37.7,49.5
93.5333,44.2667,49.5
93.5333,44.2667,49.5
118.0333,24.3,48
125.1833,46.9833,49.5
121.103,40.95,30
123.05,42.6833,49.5
96.02750901,40.65287474,100.5
111.8798,26.9668,49.5
117.0330441,23.45946684,33
117.0945333,23.48598073,29.25
118.392572,24.966362,20
109.8310454,22.25759506,96.8
120.95,43.3,49.3
118.29,32.557,49.5
118.9516,25.77,30
110.2156601,26.85157736,49.5
106.1183,37.1694,100
116.35,26.33,64
123.2833,42.3167,48
124.2667,45.5,49.5
110.4333,42.075,49.5
105.418932,27.40731209,49.5
116.6433,43.4273,30.6
107.5237909,28.24528436,49.5
98.26774023,36.45365624,49.5
114.9833333,41.98333333,50
111.05,34.76,47
112.3041667,31.81666667,50
113.4667,37.4833,49.5
122.1127312,37.130927,49.5
131.9333,47.2667,49.5
91.1833,43.2333,49.5
116.5097,36.26,49.5
100.2216639,25.70737621,30.75
110.2762591,26.90653099,50
102.250614,27.93779879,205
107.0573401,26.54186538,49.5
118,42.8929,49
106.5833,37.65,50
121.1167,41.7,48
93.598,42.8656,200
123.29,42.58,49.5
109.95,26.2,49.5
114.1,41.45,49.5
121.4867,30.9645,13.7
119.784,25.448,48
118.05,33.08,48
120.747,28.9667,28.8
112.5795,27.646,100.8
121.4,31.6167,20
112.4723,39.3249,150
103.2322478,37.07783442,50
115.98253,38.0412,32.2
113.198531,41.441771,49.5
105.4347506,27.33976086,49.5
130.8,46.1833,49.5
94.3887153,39.72280649,49.5
115.38,25.14,32.5
123.4,42.5,48
105.953873,32.50344007,50
88.1,43.4667,49.5
107.0968984,26.54735416,48
117.9667,32.7667,49.5
110.05,41.6,200
119.9,42.6833,50.25
117.2833,42.8833,49
116.9333,43.4333,49
107.2838311,36.59748577,49.5
108.525,25.38166667,120
115.4294275,25.06069137,47.5
118.111,32.303,49.5
112.8058,41.1833,49.5
111.75199,40.84149,50
104.6167,26.1667,24
104.2557888,27.08270421,54
101.9165925,26.5556322,49.5
86.2333,41.8,30
111.410901,27.66231144,49.9
118.5833,48.1667,49.5
121.8667,29.4667,20.4
112.4167,39.3167,49.5
100.9167,27.3333,49.5
105.2667,37.1667,100
105.25,37.1333,49.5
111.23035,35.15221,49.5
120.095,26.865,48
129,43.6,49.5
105.63557,37.4687,150
109.8167,40.65,49.5
114.5167,41.8667,100.5
111.02,27.52,50
96.01607181,40.6236278,201.5
124.5523,45.5533,49.5
111.6256742,25.17072869,1.65
108.3038485,27.68081383,48
106.9128456,28.97149546,32
118.5,36.1333,49.5
113.45,40.9,50
89.2833,43.5833,49.5
100.6124477,39.11706443,49.5
91.1,44.4667,49.5
105.3,36.65,50
112.38,31.4,30
110.5554098,22.78734088,48
111.225,22.37,49.5
117.5138333,49.48333333,49.5
118.4584438,37.96426396,49.5
121.4167,41.3167,49.5
116.6064266,23.17027585,49.6
113.8358152,31.6897599,60
115.2667,41.9,49.5
117.356,38.675,49.5
106.9333333,23.008,50
89.1667,42.95,50
113.25,39.1667,48
122.481,37.12,15
106.4,37.7167,49.5
101.6167,23.7167,49.5
101.6267,23.7267,47.5
88.0333,43.5333,49.5
88.5787,43.2202,40.5
101.9112953,26.51680658,49.5
106.2,37.9667,49.5
120.4292194,36.98196034,48
118.1,37.75,49.5
114.83,34.84,45
88.3656,43.367,49.5
106.1167,38.0333,49.5
106.55,38.9667,49.5
117.086,43.1657,50
105.94571,36.979,49.5
117.35795,49.62794,49.6
123.2,42.55,49.5
121.3533,43.8933,49.5
115.13,35.84,100
119.4833,25.2133,48.45
94.4167,42.45,49.5
86.55,47.6,200
89.5,46.2167,49.5
87.616,43.8,30
92.9322,44.111,49.5
122.2667,43.6,49.5
114.1227,41.1122,49.5
121.9167,30.85,49.5
121.4933,45.3,49.5
88.7,38.2,49.5
92.9542,44.268,49.25
109.3602,22.1,49.5
117.145,43.1625,49.5
119.2167,26.25,30
119.2358,25.5055,47.5
103.1951808,38.64372668,300
119.5333333,25.98333333,48
94.625,42.5583,200
94.7833,42.4667,201
88.38639,43.35567,49.5
122.6333,44.05,49.5
122.9167,44.2333,49.5
122.6833,44.0333,49.5
116.5732082,23.11837476,37.5
118.8520683,35.49464224,49.8
112.6568029,28.32516151,49.9
115.066,40.18,48
113.3432085,32.64154085,50
109.4142596,30.74577351,110
119.3667,27.9667,34.5
112.0916246,21.97342507,49.5
120.9735,41.3874,49.5
122.0167,44.3667,49.5
106.45,36.6,49.5
112.1,31.16666667,48
106.4667,37.5,49.5
83.62393727,46.52573796,49.5
113.3227697,31.80319413,49.5
90.6708,45.0167,49.5
106.2,37.9667,49.5
106.2,37.9667,49.5
113.4867,37.4788,10
117.975,33.2383,50.4
106.0833,36.95,49.5
88.39081204,43.38636813,25.5
90.28898853,43.85459339,49.5
88.5518,43.2185,49.5
100.6,25.45,49.5
118.691,25.362,36
109.8122625,26.13765641,33.4
120.5833,33.4167,49.5
113.2312,34.5952,49.5
111.7333333,35.38333333,99.5
112.0333,39.4167,200
112.4057,39.3789,49.5
115.9667,37.1833,49.3
112.85,32.66,40
123.4167,47.35,49.5
114.3355233,25.59953013,49.5
121.8,29.1333,49.3
88.39344171,43.3873,49.5
113.39,34.52,49.5
115.3986535,34.3784624,100
112.4299,39.3191,49.5
112.6782,39.6378,49
114.2689465,25.69046101,18
111.7833,38.4167,50
108.8928171,37.70869238,49.4
120.7581277,37.73545033,48
104.4667,25.7167,42
111.3657126,27.70735363,49.9
117.3185169,38.65182469,33
114.25,40.6167,49.5
123.75,42.8833,114
124.1247,42.89,49.5
108.8647662,37.76701799,49.5
122.4364508,37.23481376,48
117.7270181,23.65944003,49.5
115.516036,23.10529627,49.5
118.5811139,37.7896601,49.5
118.53,38.01,49.5
107.7733221,37.65191158,100
119.9167,37.1667,49.8
119.94,37.367,48
87.5667,43.5333,49.5
94.9,41.9833,49.5
118.13,37.67,49.5
121.161,32.335,150
106.55,38.0167,49.5
106.55,38.0167,45
113.4598481,29.56340374,50
102.5,23.7167,49.5
112.73,41.12,49.5
112.5667,40.9,49.5
117.5177156,38.90412214,26
111.5,38.1667,48
112,39.2833,49.5
112.4499,39.3567,15
116.8667,44.4167,49.5
121.2666667,36.98333333,140
121.1284819,36.71177541,110
106.1,37.05,49.5
116.2333,41.7267,49.5
111.4115,28.5497,50
103.2964993,26.20592618,48
107.0667,38.3,50
114.2667,39.7667,48
112.5406125,28.27861554,0.25
106.2,37.9667,48.3
120.0703,26.4311,42
102.4457799,28.28135522,49.5
103.6167,23.4,49.8
86.45781543,48.09599619,49.5
118.6563763,34.91463712,49.9
106.5833,36.8333,300
113.15,40.2667,50
92.79372365,43.60399517,49.5
102.0822817,38.337196,49.5
107.42554,37.7436,49.5
106.3667,37.5,49.5
111.6223525,25.21051316,48
113.8833,29.25,50
110.3333333,37.83333333,50
112.25,25.16666667,100
108.7949424,30.33818269,49.5
108.8419466,30.39541189,49.5
103.8265348,24.61777434,48
114.3137,41.1337,100.5
116.5,41.7167,150
114.9833333,37.82806667,50
95.63333333,36.36666667,400
103.4214163,26.50762934,48
112.33,41.05,200
112.0748874,27.18187782,50
95.59252635,37.95049867,100
112.6,41.2892,49.5
113.0833,41.2667,48
114.5667,39.85,49.5
114.5667,39.85,49.5
117.2833,42.1667,49.5
115.4506923,23.04831798,30.4
109.65,40.7833,48
117.7267,42.5768,49.5
117.5167,42.45,49.5
117.88,42.188,49.5
106.9387,28.9123,49.3
106.1167,38.0333,49.5
117,33.8333,48
116.29,30.17,46
111.67,41.51,400
113.6407,26.3412,10
113.6208,26.3212,200
107.7941489,37.68617664,49.5
112.5333,39.0667,48
102.6035,26.9098,48
88.9833,43.05,49.5
106.55,37.4667,100
106.2,37.9667,49.5
106.0833,36.95,49.5
106.0833,36.95,49.5
103.143708,38.6769277,49.5
112.3667,28.85,2
102.0306181,38.36510729,49.5
95.33333333,37.18333333,100
92.38333333,37.23333333,50
112.6460431,24.48144374,2.2
106.2,36.45,49.5
106.0687,38.0187,49.5
106.0687,38.0187,48
106.3,37.5667,100
106.3354253,38.10256019,49.5
105.93,37.92,48
86.7667,47.7167,49
113.363582,33.632492,48
113.0833,43.25,49.5
118.8833,25.5667,30
111,41.2833,49.5
107.2667,37.9833,49.5
115.6167,44.0333,49.5
122.5057736,37.15801622,49.5
106.4,41.4,49.5
113.4967,41.4833,49.5
122.0167,44.8,49.5
121.1,46.3667,49.5
95.2167,42.55,201
121.4932,29.0327,60
117.6833,28.6833,50
117.13,23.77,48
118.3166667,33.13333333,66
118.7485698,35.21296889,40
112.4567,39.9567,48.3
117.7333,24.1167,45
122.7667,42.6,49.5
114.3,41.3867,49.5
88.9833,43.1167,49.5
96.01379906,40.67420854,49.5
131.25,46.6667,49.5
106.3354253,38.10256019,50
106.55,38.0167,45
111.9667,43.6333,49.5
114.4,25.55,49.5
120.7333,44.0667,49.5
112.7,41.2667,49.5
111.8667,43.6333,100
87.6234,43.88,49.5
112.5667,40.9,49.5
113.501,41.505,49.5
88.38784171,43.3545,49.5
111.3741,34.5428,50
102.7604005,27.0241956,49.5
90.220094,42.874759,49.5
108.2449261,29.96278245,100
103.8291473,25.59316909,150
113.3667,41.0567,49.3
128.0457,41.9,300
98.60503319,37.11552794,200
107.8833,41.9333,49.5
110.7195462,39.08474126,49.5
119.2666667,36.11666667,49.5
119.15,36.05,49.5
103.9037419,25.66470125,48
123.7833,43.9,48
117.6935677,23.68464288,49.5
113.6836,39.3048,49.5
124.2489,42.8538,49.5
118.0561796,36.61457926,48
120.4167,43.15,49.6
123.8167,42.3,48
114.3036,41.7857,49.5
115.6667,41.6663,49.5
117.3199132,37.80164324,49.7
114.6,41.152,49.5
106.3,37.5667,49.5
123.4167,45.2667,49.5
116.3833,29.6667,49
117.349,23.948,30
102.5456759,25.22987639,33
103.8072777,24.60955625,40.5
97.22721373,40.4866384,48
95.7667,40.5333,48
112.383,22.8253,49.5
99.67107423,25.98201567,49.5
86.81247231,47.77630173,99
106.3354253,38.10256019,50
104.2154979,27.06002453,49.5
111.6276567,25.16224424,48
104.6063223,25.89996178,48
113.957,41.9167,49.5
121.7167,48.8167,49.41
119.01645,42.9158,48
114.4667,25.3167,49.5
87.623,44.35,400
112.8667,41.3333,49.5
112.5667,41.1,40
104.1993403,24.1191462,48
114.623,39.661,49.5
114.9302,39.8308,49.5
103.7082848,23.35129902,250
129.9567,46.5833,49.3
98.24888671,36.50425164,50
124.2667,45.5,49.5
112.12,25.226,24
113.56032,37.33963,40
91.6667,43.3,49.5
123.0167,42.35,49.5
114.1407503,31.56406204,22
113.24567,40.05648,50
110.4771839,20.59828123,49.5
102.74582,24.06416425,48
117.85,31.6,49.5
103.2392885,38.71332044,49.5
97.21779735,40.40966995,48
112.5628,40.1002,49.5
110.8833333,39.4,50
114.9283,40.425,41.8
114.94,40.45,49.5
110.6777831,25.68225109,49.5
114.1666667,42.01666667,50
114.312,41.9,49.5
113.05,33.53333333,38
113.3171274,31.84072296,49.8
112.2063973,24.16587754,49.8
118.5167,37.8667,49.5
107.7869452,37.67268715,50
107.8218717,37.66900344,50
107.7872025,37.71385846,50
112.1888211,24.17212789,49.8
100.0791292,26.22819536,48.75
115.4505384,23.10504833,48
122.14,46.31,49.5
112.7434671,22.31108479,36.55
124.4333,43.0167,49.5
111.0833,37.0167,49.5
111.062,37.0425,49.5
103.0706019,27.00002844,49.5
122.8167,42.5,49.5
115.2333,41.4333,30
85.8167,48.0667,49.5
119.277,34.299,100
113.5097,41.9,49.5
116.14437,37.86885,100
107.4874,37.7094,150
114.2367,41.514,49.5
124.0667,47.386,49.5
116.99,24.66,48
122.0167,30.0333,45
116.1688403,29.31498605,48
129.4167,48.6,30
113.4034527,33.61523154,48
111.6637377,21.8143415,49.3
129.01079,42.54641,49.5
117.4928,37.5736,48
120.07,34.3367,48.8
112.0839259,21.96912242,49.5
116.15437,37.87885,50
118.7574586,35.61577106,48.6
110.1730278,21.84105381,49.5
123,44.9167,100.5
122.6518,44.6,49.5
121.35,43.9333,15
123.7,43.8833,49.5
118.9833,36.85,25.5
108.8793015,37.75992572,49.5
90.2122,45.9583,49.5
111.75,39.4333,49.5
120.76,37.71,49.8
114.7,41.15,49.5
111.1,21.79,50
114.6167,41.1,49.5
114.7,41.2167,49.5
114.7,41.0667,49.5
114.8667,41.05,49.5
110.4004092,20.60504114,49.5
116.23,29.4,44
93.9,41.95,10
103.7533876,28.32735633,49.5
103.86311,24.63632697,49.5
110.875821,21.94410589,34
100.6769474,25.56141686,49.5
101.4284992,25.6297558,46
101.4046502,25.80572091,40
109.7,42.4667,49.5
112.96,33.07,48
114.6167,41.85,49.5
110.922129,25.35356193,49.5
82.0667,44.9,49.5
105.970783,32.65392876,30
111.4,26.11666667,25
110.5167,30.15,49.5
121.25,36.9,30
103.25,25.5667,200
113.925,25.975,3
119.68,42.1438,46
113.4968234,32.34302138,50
123.0667,44.8167,49.3
114.25,35.89,151.8
118.1409614,36.19034601,48
115.568051,29.83361768,54
91.6667,43.3,49.5
97.1599588,40.43496425,49.5
117.7333,31.45,48
124.2667,45.5,49.5
117.3201,38.0783,60
113.9911524,32.92501071,50
114.0999177,31.53186709,30
114.1866598,31.56295629,48
112.6592919,25.50812027,50
117.85,36.5,36
118.85,33.76666667,33
112.7833,34.3333,49.5
113.07,34.47,48
99.99389201,22.61949151,48
101.828,24.1595,48
102.0209394,24.1048011,49.5
114.1793382,31.54242855,36
97.19265316,40.43116015,48
96.05280846,40.64623045,201
106.6610371,33.91122003,45.1
116.65,41.56,48
113.8981112,31.75156477,42
120.56139,41.747078,49.5
82.0667,44.9,49.5
125.36096,41.26706,24.65
121.6833,42.3833,49.5
112.9833333,26.23333333,50.6
114.4167,39.38333333,49.5
117.35,38.3667,49.5
117.5667,38.4833,49.5
114.35,41.9,49.5
114.398,41.9,49.5
102.0281317,38.29894762,49.5
110.05,36.36666667,17.6
116.2167,43.5,48
115.9833,42.6167,49.3
97.2058992,40.45467025,48
121.1700039,27.98163224,50
121.151,28.08,49.5
109.2733,37.6792,50
117.5038965,35.03450949,300
118.6167,35.7667,100
120.8833333,41.41666667,50
117.5077996,36.32998222,49.5
110.2833333,20.66666667,100
112.4967,39.9967,49.5
111.5755843,25.17009932,48
115.453,29.8315,49.5
114.7666667,37.13333333,39.6
110.5727407,25.82709137,49.5
110.406863,20.56159879,49.5
96.36666667,36.31666667,50
111.5333,38.4667,48
118.445,32.452,49.5
100.218107,25.68318873,49.5
120.3,32.85,49.25
117.2333333,38.36666667,200
124.0167,47.3,49.5
117.2910961,35.5998884,48
89.0167,47.9167,49.5
122.5319437,37.1202435,49.5
121.4,41.94166667,50
112.9079024,33.13356211,48
83.5333,46.5167,49.5
112.4167,39.3167,49.5
112.3167,38.6,49.5
106.4667,37.6,50
106.4833,37.6167,59.5
115.7,27.73333333,144
102.432342,28.24492534,49.5
83.6167,46.5167,49.5
111.412,34.6447,49.5
105.635459,37.49878464,99.5
121.86,30.4833,25.5
122.035,30.179,12
107.47686,37.798,49.4
107.4568,37.722367,49.98
88.336,43.326,49.5
118.5,32.5667,48
93.1,44.0833,49.5
124.2667,45.5,49.5
110.4333,42.025,49.5
119.6167,41.4,49.5
120.7667,41.8,48
109.6643035,23.06795073,64
105.9562,32.5305,62
113.22,24.5,120
124.75,46.5333,49.5
98.64719378,39.88177355,50
113.4667,40.42,49.5
121.9167,46.0667,49.5
110.6997777,25.67191628,49.5
110.2002667,34.59816667,48
112.5482374,37.8746125,99.5
112.373,22.8153,20
113.1,34.23333333,42
117.9467,32.164,49.5
117.52,32.06,49.5
122.5167,42.3667,49.5
119.827621,33.995647,300
121.192438,32.335873,300
121.4167,29.2667,49.5
118.5217859,36.56020646,48
114.5667,41.15,49.5
114.7,41.15,49.5
114.9775,41.2035,49.5
103.4272329,24.91373106,49.5
113.5167,31.3833,40
117.309,23.998,19.5
103.9094064,25.14737625,49.5
105.531576,32.293479,100
114.84,26.0968,56
106.3513625,34.96480373,49.5
97.22111934,40.43335062,48
99.9477695,26.60033003,49.5
103.3872957,25.63831771,49.5
100.0393909,26.63277631,49.5
121.5167,31.2167,102.2
121.715856,30.964982,102
122.305,29.9426,252
110.3157,20.4607,49.5
112.35,34.2,46.2
114.0919414,31.56895026,49.6
114.1186187,31.57317926,48
114.1526686,31.58330521,22
114.1648258,31.59780582,48
112.5870028,29.46438531,49.65
111.17953,37.3572,49.9
118.1,24.9,48
119.2056498,36.49786182,49.3
118.857,27.366,48
103.0814046,24.18445023,48
101.624239,25.53117779,49.5
110.1781552,36.71795083,50.4
117.51,31.36,49.5
111.694639,23.18230644,44
119.584601,34.204743,202
113.116,34.22,100
121.191,32.315,200
121.192438,32.335873,50
119.584601,34.204743,12.5
114.2933,41.2367,49.5
130.0333,46.1167,49.3
109.8349779,29.03302593,50
115.1505042,29.80173483,36
105.0714,26.9697,44
111.1,34.8,49.5
111.12,34.73,44
111.085,34.725,42
113.3666667,34.93333333,48.6
122.6333,30.8167,19.5
108.9087331,37.74063263,49.5
113.4166667,35.66666667,100
114.9624729,26.71197887,48
115.1201597,31.36206514,34.5
129.8167,46.0833,49.3
101.419346,25.63493998,49.5
114.5174804,29.09630175,32
121.65,39.8667,44
117.15,37.48333333,48
121.63,39.7688,49.5
107.42325,37.7245,49.5
101.5946155,27.47580336,49.5
110.6,41.6833,49.5
107.4033,37.7747,49.5
112.1833,39.8267,48
103.3786884,25.62472484,49.5
115.4675462,27.6989703,76
123.1167,45.8333,49.5
123.2,45.85,49.5
110.8167,34.8333,49.5
118.108,31.4,48.3
86.4235,48.045,49.5
123.408,42.548,49.5
123.467,42.534,49.5
123.408,42.587,49.5
107.34,37.31333333,50
88.38,43.353525,49.5
118.12,37.76,49.5
121.4685,45.0432,49.5
109.2939847,22.43865977,48
114.3733,39.7067,49.5
113.4089873,29.52960818,50
120.4,27.5,21.3
123.9833333,43.19361667,49.5
117.885,33.145,50
111.4148,38.4105,49.5
104.1473634,37.30424572,49.5
113.15,37.41666667,200
121.078,32.635,100
115.118,36.98,302.4
120.3833333,33.68333333,100
123.3,45.55,49.5
107.06525,26.59918634,48
108.3166667,37.3,50
113.417,33.3,36
115.5028944,23.11150854,49.6
110.35,34.56666667,49.4
113.3579802,31.88887902,72
107.7560849,37.698817,50
121.65,31.8167,16
112.1908422,24.13684005,49.8
112.4884414,31.25121185,150
121.3546,41.4587,49.5
117.2833,34.4667,49.5
116.2045448,29.17977265,48
115.6667,40.3667,49.5
122.0083,39.9167,48
122.8167,44.5,49.5
108.828176,37.78505769,50
121.5673681,36.90943695,42
116.7166667,41.55,48
106.8826041,27.58963511,49.3
130.5241,44.9254,27
88.65117036,42.79250603,49.5
118.52,31.1,48.3
101.7730569,23.51779663,49.5
106.4667,36.7667,49.5
120.9853,43.0198,49.5
111.9451849,38.36533871,150
92.09495494,31.46913308,7.5
123.25,42.6,49.5
123.25,42.49,49.5
96.85,41.7333,49.5
119.2878,25.1972,47.5
119.196,25.498,48
93.8667,43.3833,200
121.2434,44.1558,49.5
114.3117,41.521,49.5
112.4167,39.3167,49.5
112.2138531,32.12436404,48
96.0040091,40.65517459,49.5
113.5167,41.55,49.5
112.4256,39.3233,80
112.4167,39.3167,160
120.75,37.8167,49.6
115.9575,25.0585,50
111.63,41.1508,49.5
106.3333333,36.28333333,49.5
116.7111667,28.38766667,47.85
110.6990079,39.05087271,99
112.4189,39.9178,49.5
88.3524,43.3367,48
87.6136,43.867,10.5
87.6983,43.243435,30
114.54,35.59,82
117.4962764,38.93391488,12
114.2667,39.7667,49.5
113.25,39.1667,100
107,37.7833,49.5
112.5104907,28.34578627,49.5
105.2667,37.1833,49.5
118.211,24.966,48.4
100.5906034,25.58356298,199.25
117.6,37.7167,98
121.6873426,37.29700316,42
106.2086067,37.98451939,50.4
86.4,47.5,49.5
88.399,43.329,49.5
120.44,36.87,48
106.3833,37.55,48.5
106.55,38.0167,49.5
105.6333,37.6667,50
83.6167,46.5167,49.5
113.3408505,31.8163649,49.5
116.7667,31.0167,50
106.25,38.2667,49.5
112.209,39.1233,10
116.8732,34.1122,49.5
102.222538,27.949583,47.5
108.870212,30.39287783,48
82.0478858,44.85383207,49.5
106.3354253,38.10256019,50
118.1818172,37.53034845,49.5
102.5667,26.9167,48
106.55,38.0167,49.5
88.65117036,42.79250603,49.5
100.0493197,26.22978116,49.5
122.4499299,37.17799996,0.17
112.514,40.8843,49.5
110.6724285,39.09331343,49.5
107.4645153,27.20372717,96
118.670394,43.540132,49.5
109.7,41.4,49.5
110.4789,42.038,49.5
98.57176815,37.09902176,100
113.183,41.3667,49.5
104.3970721,25.68404382,40
114.8667,39.8333,49.5
117.45,49.5667,49.5
100.7260684,36.3649459,450
98.26187815,36.45409183,100
110.4167,41.7,49.5
112.46,33.44,100
113.05,33.25,23.25
103.8385335,25.14171251,49.5
103.7915949,24.5781592,48
103.8308141,24.63595447,49.5
103.4463655,24.40108028,48
120.83699,40.711,48
118.495,32.472,50
112.6833,26.0333,49.5
118.1167,24.9,49.5
119.2432864,36.40235727,49.3
101.9598708,25.78733685,49.5
103.0291742,24.14006402,48
112.5528,40.1202,48
110.1632136,36.63929786,50.6
97.16374503,40.47633594,48
109.4247039,38.05306332,47.6
114.96201,41.43114,100.5
115.5333333,25.05,102
110.6498487,25.64635591,49.5
110.6010177,25.81583453,49.5
111.456,41.64,200
116.726,33.915,48.4
114.8756096,26.81771434,84
121.6333,39.8,43.2
118,42.419,49.5
114.9517,44.0327,49.5
105.9656462,36.94545453,49.5
118.151,32.363,44
119.89,42.67,100
107.4767,37.7123,49.4
87.95,43.3833,49.5
115.76,25.58,52
120.4212121,37.43862862,49.5
121.4333,45.5833,49.5
103.4223923,25.64840169,49.5
96.08886274,40.61068727,199.5
110.4519753,28.45482929,50
116.5956063,29.97162275,46.2
106.5833,41.5,199.25
95.67562873,38.03163873,50
120.17962,50.24315,49.5
109.9333,41.5833,99.5
93.5333,44.2667,49.5
109.8666667,41.73333333,201
118.0333,24.3,40
129.9833,45.2833,49.5
104.55,26.08333333,48
114.733,41.7267,48
112.2171194,39.09688539,49.5
112.0583333,39.21666667,98
111.1193344,25.88047337,49.5
109.8167,40.65,49.5
122.19,46.32,49.5
106.65,41.4333,200
119.01645,42.9168,50
106.3167,41.5667,49.5
132.01,47.4467,30
90.90398805,38.44550005,50
95.1018367,36.53853026,49.5
109.6469222,19.87418661,49.5
114.5757,39.5912,49.5
114.7167,39.6333,49.5
108.2200191,23.70826716,40.9
108.2402604,23.69758727,48
100.7246494,36.41318022,49.5
112.44,33.46,17.6
117.55,42.5,49.5
117.6167,42.2333,48
121.9833,44.9833,49.5
122.17,46.38,49.3
112.8151263,22.31114907,48.45
113.6167,43.85,49.5
111.67,41.501,49.5
102.8934065,28.09600647,48
110.6536589,25.59244052,49.5
115.914,31.707,64
113.15,38.0833,49.5
112.4667,39.9667,20
113.2333333,38.28333333,50
114.3,41.3667,49.5
97.22553472,40.4022784,20
114.6567,41.25,49.5
113.27,21.9359,39
112.667,41.266,296.5
93.37906932,38.94951862,30
131.6,46.3333,49.5
104.1295346,24.96512163,40
106.7424678,27.09192228,48
113.1,34.03333333,3
112.6667,41.1,49.5
122.0833333,42.16666667,48
119.041,33.618,11
110.4610199,28.44189917,49.5
111.5293,35.4043,45.05
111.5667,35.4667,20.4
105.3,36.65,250
112.5983826,31.73576389,100
101.6478,23.7478,60
113.3268834,32.63320356,49.4
113.331,32.11616667,19.8
85.9833,48.15,49.5
104.569321,25.94112189,49.5
113.25,38.7167,49.5
112.6212958,31.71714007,49.8
112.8,41.15,49.5
120.7556,41.84,49.5
112.65,39.1,49.5
120.45,36.3667,49.5
122.8167,44.5667,49.5
105.3370224,35.26611382,49.5
123.8431,42.36,49.5
122.95,45.8167,49.5
123.65,43.8833,49.5
118.9333,36.9167,49.5
108.89644,37.75342485,50
118.9833,35.77,49.5
110.4847945,21.28453467,49.5
115.4991714,23.08758276,49.5
119.3022045,36.88664846,49.5
93.4237,44.2925,49.5
114.1333,41.2833,49.5
119.3743728,36.86978175,48
120.35,37.55,50
120.9,43.8,49.5
86.9833,47.1,49.5
112.5,26.044,50
112.5696164,31.19328081,50
111.7584796,40.8475472,50
103.8245311,24.58959694,48
117.75,41.9167,49.5
104.1762243,27.07218121,49.5
120.25,33.7667,49.5
98.19431247,36.48601673,49.5
120.5182255,37.29539235,49.5
113.5656,41.9,49.5
111.7,38.6,50
114.55088,34.999,40
98.59369708,37.06327504,50.6
115.8167,40.9167,49.5
83.5333,46.5167,49.5
107.7441615,37.66598102,49.5
111.35,32.48,50
115.0167,26.9218,49.5
118.17,42.6,49.5
114.6167,41.85,49.5
113.1669583,25.63317982,48
110.67,25.38,60
119.4167,32.7833,50
96.01413876,40.61503211,49.5
97.15738542,40.44539132,57.8
97.21197582,40.45952947,32.5
110.6167,41.9,49.5
117.2,42.3833,49.5
122.6587,45.7178,15
118.4167,32.45,49.5
114.3057,41.1335,100
124.0167,45.0167,49.5
117.1131852,23.41606337,24
118.2632,24.8315,70
132.2833,45.4167,49.8
118.8666667,30.16666667,48.3
117.3598432,38.74412981,48
105.7057322,26.05807875,48
120.9,43.3,49.5
121.9167,42.85,49.5
117.4333,49.5667,49.5
123.1655,42.7567,49.5
95.00248833,39.6373141,49.5
94.6833,42.5167,200
87.7833,43.95,201
119.65,45.5167,49.5
121.3833,43.8833,49.5
113.5716,41.72,48
114.0417,41.0533,49.5
109.8666667,23.93333333,50
119.9017,34.3333,18
112.6404767,28.35543612,49.9
113.5167,41.55,49.5
112.4513,39.3288,50
102.4717562,25.61534704,48
112.4667,39.9667,49.5
112.4667,39.9667,48
120.4825,28.8935,19.8
106.922915,28.2514536,48.3
117.3264649,38.6541104,14
117.5334,38.6644,49.5
112.4167,39.3167,48
101.8694594,26.57633875,49.5
105,37.2,49.5
105.3,37.1333,49.5
114.05,44.4167,49.3
120.0667,26.9833,40
102.4179174,28.29195593,49.5
117.5336,38.6646,49.5
90.28398853,43.83459339,49.5
107.1667,37.9167,49.4
87.95,43.4333,49.5
118.147,39.18,22.5
123.55,46.4,49.5
106.55,38.0167,49.5
116.967,33.612,48
115.0167,43.6833,49.5
116.46,31.1,49.5
113.53,29.155,74
110.4166667,37.5,50
106.2,37.9667,50
106.2,37.9667,49.5
102.3939402,38.60139701,49.5
102.3785613,38.62068413,49.5
106.1833,36.2833,49.5
110.5667,41.9167,49.5
119.55,25.5,20
125.5167,45.3667,49.5
113.8647114,31.72219256,48
115.8372126,28.08516959,48
130.75,46.8667,49.5
115.55,37.3,100
115.9766,37.1228,100
113.6667,39.7,49.5
112.55,39.53333333,99.5
114.2999,41.2467,49.5
119.9882172,36.75232695,48
119.9219152,37.23380793,49.5
110.2649634,26.43084514,49.5
124.2667,45.5,49.5
118.09,37.72,36
106.2,37.9667,100
94.0167,42.7333,49.5
88.9833,43.1667,49.5
108.55,27.55,49.5
103.9226353,25.17210889,42
101.0446474,27.30881026,49.5
106.55,38.0167,12
112.106666,28.47569326,50
103.2667,24.7667,30.6
102.6461966,23.81027144,48
110.45,38.65,20.4
119.5248333,32.93333333,22
117.7278616,23.69822421,49.5
113.85,41.18333333,49.5
113.7,41.001,200
113.8667,40.8667,200
112.2047,39.0455,49.5
103.7975287,25.64152168,48
117.38,37.77,100
104.8818807,27.22346911,48
105.72898,38.85153,28
113.2167,40.7667,49.5
111.79,41.1833,49.5
107.5167,26.9833,30
105.656641,37.4234,100
95.56666667,37.2,50
110.263,41.194,100
117.97,42.43,49.5
114.5667,39.85,49.5
114.5667,39.85,49.5
114.8167,39.8667,49.3
117.5212037,49.51151528,49.5
117.5432,49.54,49.5
103.6079758,25.52218023,47.5
96.16666667,36.35,49.5
98.2678715,36.46654099,50
115.7667,43.4667,49.5
117.7333,42.534,49.5
110.7282298,25.62604271,49.5
121.9833,44.8,49.5
112.7890153,22.25305658,35.7
103.0867415,27.03324934,49.5
114.1516369,32.04883914,20.4
117.9833,24.1667,26
118.1,35.79,20.4
112.6282,39.6167,48
116.5712427,29.8769473,51.5
118.7402,36.5133,49.5
115.14257,27.23526,42
131.1584,46.64618,49.5
111.4,25.8833,49.5
94.97546362,39.60970196,200.5
113.8965565,31.72795491,38
100.0360964,26.64603115,33
101.4412444,25.82399528,48
112.6094539,25.5380354,50
100.5662278,22.17276736,49.5
119.364,33.237,101.2
112.3603552,28.80240559,49.9
95.59255319,37.96576231,50
102.0418818,23.71839042,164
113.6167,43.85,49.5
114.9667,44.0167,50
97.18674618,40.41138099,49.5
109.8037339,38.30018771,100
109.2833,37.6892,49.5
110.85,39.46666667,50
109.4681052,38.08113926,49.5
112.5391667,23.81466667,48
120.4712457,37.34572265,49.5
121.6007,28.42,40
105.2167,37.1667,200
112.5428,40.1102,99.5
113.3367,37.46,50
112.4767,39.9767,49.5
118.6232187,35.78386826,49.5
114.5760401,25.71059703,50
121.3,43.6,150
113.2406477,25.89433678,50
120.82,37.31,49.5
113.13,27.13,38
113.3166667,35.56666667,50
115.0168,26.4502,49.5
114.9453562,26.7453972,48
100.855587,36.648159,49.5
104.3,25.75,49.5
130.0289,46.1367,49.5
129.43773,48.36,49.5
104.3921122,25.66967048,48
121.629553,39.770762,49.5
101.6012165,27.55899507,25.5
113.07,27.14,49.5
106.2,37.1833,49.5
116.2706,37.69234,50
117.65,38.36666667,40
111.5253,35.4198,49.5
111.4333333,35.4,63.3
103.354564,26.52124637,48
112.345,32.53,20
114.2866,39.7865,30
113.7031,32.8125,34
93.5167,44.2667,49.5
112.5629,27.64413,41.8
117.969,32.716,49.8
109.1331132,26.63432494,32
113.8982026,31.74045703,49.8
120.781391,37.78800846,49.8
95.2,37.31666667,50
112.6718518,28.32090016,48
112.0259531,21.93261826,49.5
118.3342036,37.43225076,49.5
132.8562,47.9208,49.5
122.9167,44.5167,49.5
114.05,40.4333,49.5
122.9,45.8667,49.5
113.2846792,31.79014786,72
107.8172614,37.67669843,50
121.9666667,40.86666667,49.5
112.4167,38.7,49.5
111.7767811,34.72734316,72
116.3919557,37.43541017,32
116.54,26.57,94
106.6962966,26.48603222,30
121.4715036,36.98041797,48
114.1667,41.3167,49.5
110.44,27.22,49.9
112.05,31.33333333,72
115.1874003,29.95221574,80
117.3104,38.0683,40
117.8533,42.7367,100
100.6836585,36.36330851,50
94.7,41.7,199.5
93.93333333,42.18333333,200
117.76,38.2267,50
117.474,43.4575,50
91.0833,45.7833,49.5
107.4033,37.7747,49.4
105.3333,26.35,40
113.4033333,34.73633333,49.5
121.6027363,37.37089084,49.5
110.236323,20.59047786,50
110.1533011,20.73,140
110.2484126,20.55584808,49.5
121.85,29.9167,13.5
120.5167,27.1667,15.6
115.261,35.35,50
112.35,35.08333333,50
118.5833333,33.06666667,8
111.6,25.1667,49.5
119.6666667,34.41666667,100
115.9155052,26.57216953,48.4
117.9550556,37.30102287,98.7
117.648,32.569,48.3
88.1667,43.4333,200
108.3333,41.9833,49.5
110.919604,24.87955002,49.5
110.9069906,24.94293127,49.5
102.5416571,25.26819832,42
114.3233,39.7667,49.5
110.8985835,34.52,48
110.925329,34.305947,100
115.50104,36.87082,100
112.6615997,28.33648069,48
118.7399439,34.83779124,48.3
114.4267,39.5475,49.5
111.2167,34.8367,49.5
118.8,25.2167,30
120.5833,37.3833,49.5
115.6167,44.0333,49.5
115.9667,43.45,49.5
113.0833,43.25,49.5
117.5833,38.6167,48
118.40167,37.03167,49.5
118.5385,34.6878,48.3
111.4333,41.9367,49.5
114.1232,43.407,49.5
104.1935528,27.07202798,49.5
105.7167,35.9667,49.5
115.8833,41.6833,49.5
110.8333333,24.91666667,15
109.510818,23.265595,60
96.09162257,40.70248908,49.5
104.8863363,27.2881192,49.5
97.58274499,37.6123369,49.5
120.2833,37.3333,49.5
109.4101901,37.05180175,49.5
120.8021307,37.40795014,49.5
120.35,33.66666667,47.5
120.1,36.7833,48
120.7964041,37.42629763,48
120.1833,36.7667,49.5
100.2105825,25.68410642,49.5
100.2942765,25.74608173,49.5
107.0922041,26.54949387,48
120.4333333,33.4,50
119.937245,43.690321,400.5
124.2667,45.5,49.5
110.35,41.83333333,50
105.4524202,27.39110733,49.5
112.45,41.73,40.5
99.30422116,24.70522688,48
110.2834404,26.39840781,48
119.1667,39.7,48
112.7,41.2167,49.5
110.334795,22.71141237,30.8
110.6333333,22.23333333,48.4
100.5502267,39.15548872,49.5
103.3,26.98333333,49.5
123.9833,45.1667,49.5
124.5167,45.5833,49.5
89.85,43.56666667,99
121.5667,45.3667,49.5
107.8666667,38.1,50
119.136,25.358,48
109.5680178,22.33148377,94
101.6833,23.5667,49.5
119.4,25.83,48
91.9167,31.4167,49.5
96.15,40.6,49.5
96.02556944,40.70033866,201
106.0833,36.95,49.5
106.0833,36.95,49.5
115.7667,43.4667,49.5
102.3074574,27.97895777,47.5
118.8954679,42.26452635,13.6
97.1787851,40.39709003,99
106.0833,36.95,49.5
93.9833,42.2333,49.5
113.2666667,25.31666667,46
116.654,26.261,48
112.2166164,25.49715674,50
106.7167,41.5,200
103.4775167,24.98631826,49.5
108.5167,37.5167,48
112.8333,41.15,19.5
87.58,43.22,49.5
113.5167,41.55,49.5
117.5166667,37.68333333,45
112.9833333,39.98333333,48
111.9667,39.1333,48
104.1652624,24.93792628,42
111.3833333,41.15,49.5
117.8765,43.4203,300
107.6397327,26.60570916,32.5
112.4167,41.4059,50
109.8667,41.355,200
118.2667,42.6167,49.5
112.5667,40.9,49.5
114.94,39.79,49.5
103.5739484,25.5366698,90
95.68111581,38.03865262,50
100.722679,36.3975083,49.5
112.7166667,33.53333333,100
113.01,33.26,32.5
117.6,42.4333,150
105.5013614,26.8522909,80
112.17,34.52,48
110.7091874,25.61917965,49.5
121.4833,45.1,49.5
121.4833,45.2,49.5
121.7167,46.1667,49.5
114.45,29.75,58
112.7723776,22.31234357,47.6
102.8043971,28.0816995,49.5
112.6,36.15,74.8
115.4330486,31.71930983,20.4
112.1267,40.06,49.5
112.55126,37.42119,99
122.5645,42.3438,49.5
115.6833,41.5367,30.6
114.6167,41.05,100.5
105.6666667,28.1,48
114.7,41.151,45
114.2833,41.2167,100
104.1958234,24.17699622,48
103.9035053,25.12966982,49.5
103.8637105,25.11330967,49.5
102.5759895,25.26629458,40.5
113.8539558,31.74423329,62
110.8822407,21.9206487,32
110.6667,34.7,200
99.96618707,26.57169328,49.5
100.0142663,26.5893449,49.5
103.4884124,24.36258418,48
119.126,25.448,49.5
119.0167,25.4,48
94.8,42.575,201
122.35,43.4,49.5
121.4333,44.2167,49.5
121.4333,44.2333,48
113.2167,33.05,49.8
114.4666667,25.31666667,49.5
114.1952758,25.08883709,49.5
112.4166667,37.11666667,100
111.2167,34.8167,49.5
112.626347,25.55698385,22
92.79372365,43.60399517,49.5
94.6667,43.75,49.5
121.6333,31.6667,40
107.8017615,37.71136204,49.5
112.4167,39.3167,49.5
108.3188508,23.15982528,50
115.8808,31.7,50
93.587,42.898,49.5
106.283754,36.00346296,48
120.75,37.8167,48
88.0755,43.5765,48
88.357,43.387,49.5
111.04,27.8178,49.5
101.6333333,26.26666667,100
105.3,37.1333,49.5
105.2,37.1667,49.5
114.05,44.4167,49.5
111.05,36.9,49.5
92.9333,44.2333,49.5
101.4847,25.77931221,40.5
120.3667,32.6333,33.05
109.2721436,23.15810288,50
119.1566,39.4667,49.5
106.55,38.0167,49.5
117.1167,33.9833,48
112.8145535,31.85885355,48
104.1932993,27.11219272,50
106.4,37.5167,49.5
95.60858599,37.97778232,49.5
116.49,31.9,21
106.2,37.9667,49.5
121.5333,44.9167,49.5
113.8803,35.7032,48
118.9833333,36.45,59.4
104.1882493,26.35305045,48
101.6204789,25.46196897,49.5
103.0231184,24.19967882,40
97.17169066,40.47561198,48
102.2833,28.1833,49.5
105.15,37.1667,100
114.7344,41.18,49.5
102.2045336,25.20343797,46.5
120.1,34.25,50.6
114.8267,40.33,100
113.3267,37.45,99.5
112.1902666,22.66311487,39.1
102.5388659,25.64275252,36
111.6554007,38.4778,48
117.4887422,37.6645553,48
129.5167,48.2667,150
106.5287124,29.54163956,49.5
107.3494453,29.34461654,44
111.5333,30.95,200
111.6336141,21.79012398,49.3
107.3,37.9833,49.5
120.8903,42.2208,48.3
120.2639,37.2,48.6
107.46878,37.743,49.4
107.4585,37.7667,49.5
101.9362079,26.67258574,46
113.044,41.12,49.5
96.04068615,40.70845396,199.5
121.5002,37.2009,48
121.5777279,37.40563883,80
119.1353,37.22,49.5
114.5767,40.9635,39
105.8404522,26.85030447,30
121.0667,29.2667,10.92
115.5,35.55,150
116.957,34.178,48
102.4354161,38.64713361,49.5
88.65117036,42.79250603,49.5
121.3667,29.1167,49.5
119.9833333,34.98333333,44
119.8167,26.35,48
118.018,31.6795,48.3
86.49815427,48.035,49.5
120.1667,50.2167,49.5
111.2210403,31.79498719,48
82.495,45.1283,49.5
108.5333,41.5833,49.5
116.958,24.7525,49.3
104.2311247,27.10971581,46
108.9833333,22.39166667,52
123.4,42.5,49.5
102.5833953,26.65501843,49.5
104.251659,27.10043106,48
112.176,25.177,50
111.671922,38.27936727,49.5
114.6167,41.85,48
114.5966667,33.25,49.5
114.7538333,35.98333333,100
121.1167,41.7,48
120.08,36.27,50
120.0981921,36.20854945,50
110.6166667,22.51666667,46.2
121.455,32.3433,49.5
115.4347567,23.1126923,49.6
113.3375352,31.83301071,49.5
114.5984,35.6006,200
112.1833,40.1667,49.5
112.6167,40.1667,49.5
93.1,44.0667,49.5
107.255,38.8333,100
107.2167,38.5,100
120.65,37.3333,49.5
118.5883933,36.49660492,36
117.5677,38.5917,150
121.7667,42.7167,49.5
110.7113921,26.54322697,49.9
98.26969004,36.43698911,49.5
114.2667,39.7667,49.5
110.4412227,20.55763045,49.5
111.7,41.5167,49.5
102.6297555,25.19937859,48
123.55,42.5667,49.5
121.2667,42.0667,49.5
117.3833333,23.58333333,6
115.0343333,35.05383333,50
119.783301,35.90114893,49.5
123.0667,45.2,400.05
116.84822,37.4627,47.5
116.0228868,29.53962322,40
88.5167,43.0333,49.5
102.5954606,27.48157947,24
100.1248093,26.28683251,48.75
100.2502139,25.70009605,15
114.667,35.4838,300
115.7055268,24.89647208,66
119.9833,43.6333,45
110.4667,42.0333,49.5
113.2167,40.7667,24
117.8833,43.4167,45.05
112.4833333,41.3,50
112.7333,41.15,49.5
120.4,27.5,16
120.817366,37.62417144,49.8
119.1917511,35.84882858,49.8
118.834,35.58,49.8
118.91,40.21667,100
102.8890631,28.10994233,49.5
112.6667,39.0833,49.5
121.162803,37.0182,49.5
102.396837,26.72398512,49.5
122.75,44.5667,49.5
122.6333,44.5667,49.5
121.5667,44.2,49.5
108.8967495,37.80398404,50
107.7569928,37.70374474,50
118.5833333,32.58333333,49.5
113.6675,39.3228,49.5
107.7698414,37.69398134,100
109.7667,41.5333,201
88.3454171,43.39636813,49.5
117.7,42.9,49.5
110.274,41.189,50.2
115.9167,42.5333,49.5
114.1,41.3,49.5
120.027756,37.13525643,49.8
119.9542034,37.22272122,49.8
115.7,41.6669,100.5
115.7,41.6668,100.5
112.9379252,25.52016491,49.5
112.892632,26.129491,46
113.0019,32.41,47
112.9166667,26.91666667,2.6
111.76522,40.81733,50
116.2833333,41.53333333,200
94.4,41.95,300
120.3333,33.9,100
120.7667,32.8,99
120.1667,33.1167,100
82.0478858,44.85383207,49.5
112.1036365,26.8607464,50
118.03,32.08,46
96.07056155,40.64840712,300
119.2667,25.1893,47.5
88.341,43.395,49.5
122.95,44.2333,30
109.8833,26.1167,48.3
114.2733,41.518,49.5
114.0943,41.0803,48
114.1267,41.09,49.5
118.8333,26.9667,48
120.1333,26.5667,30
103.5942,37.1238,48
116.4,23.21,18
115.9396,37.1406,49.5
114.5881264,24.65837578,100
120.48,36.87,36
108.8725118,37.78032724,49.5
109.0488316,34.33609471,49.5
112.4489,39.9478,49.5
120.7056399,37.74088431,48
120.4495,28.856,16.2
101.8432799,26.52583629,50
87.652,43.8356,33.6
87.40608819,43.47131851,49.5
112.4623,39.3612,199.5
117.3635183,38.66255333,49.5
114.2967,39.7967,49.5
112.55,28.25,50
120.025,26.835,40
113.85,41.1833,300
86.2667,47.5,49.5
111.06,36.94,49.5
116.8361667,37.43333333,76
121.17,36.7667,49.5
106.0367,37.1572,49.5
106.0687,38.0187,49.5
106.5,36.8,49.5
106.3667,36.7,49.5
106.1167,38.0333,49.5
116.1667,41.7367,49.5
88.16443408,39.02380075,50
106.55,38.0167,49.5
106.55,38.0167,49.5
112.827966,31.82108335,48
118.0833,33.1333,26
106.5333,37.5667,49.5
106.2,37.9667,49.5
112.3045,39.00147,84
106.0687,38.0187,49.5
112.75,42.7167,49.5
88.3525,43.323556,49.5
90.9333,44.4667,49
88.1167,43.55,49.5
106.55,38.0167,49.5
111.05,41.25,49.5
111.2126439,27.54043161,50
106.2,37.9667,49.5
106.7772723,39.23916301,49.5
102.5676765,23.84500667,49.5
92.9667,44.2167,49.5
115.6833,40.3333,36
116.6766394,36.22372999,45.3
91.2,44.5083,30
117.0259236,23.39704773,45.05
105.4956714,26.88456876,2.5
118.8667,31.1667,150
113.5167,41.55,49.5
113.5167,41.55,49.5
110.6973105,39.04118657,49.5
103.7898629,25.57060763,40
112.4667,41.4167,49.5
108.5908,41.5546,100
90.86625312,38.52328202,20
99.55,36.28333333,49.5
95.61101093,38.01182705,100
112.5667,41.11,48.75
113,41.2333,48
113.82,36.06,48
115.855,41.7033,199.95
100.5331729,22.13112261,20
101.636809,25.5201394,152.5
117.838,31.621,49.5
103.1470721,38.62419869,49.5
85.87159345,47.44322504,49.5
114.05,44.4167,49.5
97.20870546,40.4040407,48
117.96,36.64,43.5
111.2833333,34.86666667,42
112.4167,39.7333,49.5
112.1667,40.0333,49.5
110.2384806,28.94729875,49.9
112.5166667,40.51666667,49.5
83.6167,46.5167,49.5
83.62393727,46.52573796,49.5
113.3635316,22.10800741,49.5
129.5167,45.25,48.3
112.42,34.44,42
101.4115299,25.63053729,49.5
114.4642201,29.09476491,20
111.6676893,31.1133333,49.5
119.9,42.6833,49.5
91.15,44.4667,49.5
120.3113,34.1407,56.7
120.205,34.265,48.3
120.2639,37.2093,49.5
107.4356,37.73657,49.4
107.0667,38.3,49.4
101.9149975,26.70904552,100
105.6482,31.9658,200
110.1489011,30.13755322,56
120.6,37.3667,49.8
121.4168333,37.52966667,80
103.4033716,25.59621148,49.5
112.3166667,43.41666667,49.5
116.458,36.214,44
121.3667,28.3667,45
114.1832,43.457,49.5
108.5667,41.875,45
88.2833,43.0333,50
121.3667,29.1167,49.5
119.8333,26.35,4
118.1167,32.8833,201
117.678,32.599,49.5
118.05,37.7,49.5
108.2667,41.95,49.3
105.0189586,25.8296388,42
114.3833,39.7167,49.5
109.7017761,20.01700919,6
123.45,42.4167,22.1
112.6583,39.6167,48
102.1568471,28.59125844,70
103.1985853,28.41441745,150
96.01309581,40.67643601,49.5
104.1910412,27.08381687,48
122.9667,44.1833,49.5
103.3864678,23.76743323,40
103.4076719,23.80337399,48
104.1814182,37.27756174,45
112.8348076,31.78072485,100
113.2167,40.7667,100
111.348276,35.327744,99
117.75,41.9167,49.5
117.0934,42.0933,49.5
108.1661834,23.64704405,70
95.67650275,37.948559,50
97.45806667,37.08205,50
98.23204231,36.42088044,50
101.3374983,36.70181973,15
112.83,32.67,25.2
117.3833,42.25,49.5
117.5433,42.5933,49.5
117.4535,42.51066667,200
122.0859291,37.111821,49.5
110.7418848,25.66095803,36
110.74,25.6,50
122.25,46.2667,49.5
112.7936738,22.31796485,42.75
112.7656535,22.27954239,39.95
120.4395,33.63333333,47.9
114.9833333,41.98333333,200
103.1076891,27.00370321,36
124.6265,44.4234,49.5
114.9455989,31.63095647,29.75
113.9,35.65,48
117.6167,24.1167,30.6
110.2465,20.5245,49.5
97.18857971,40.46817275,48
103.1333,39.0333,49.5
96.03324643,40.65640976,47.5
108.789442,30.36133225,49.6
110.182473,20.331724,49.5
102.3851404,28.27608396,49.5
121.046,30.635,5
123.4167,45.2667,49.5
118.4167,30.1833,49.5
104.2161169,24.1680539,49.5
104.2607906,24.17146862,48
103.8507598,25.1557667,49.5
112.0833,38.1833,48
112.1823214,37.91324512,48
114.1430461,31.54618569,52
110.4186291,20.62126383,49.5
117.3333,42.3167,49.5
128.0667,45.9333,49.5
122.0333,44.2167,100.3
113.6067,39.5156,50
104.1797152,27.05091545,46.5
114.3992,36.172,250
112.9007,42.2122,49.5
111.6795847,21.87048228,49.8
112.85,32.48333333,250
113.03,33.36667,36.5
112.7166667,34.75,30
113.3042654,31.87033308,49.5
110.5628034,22.7722,48
93.5333,44.2667,49.5
121.35,41.1667,49.5
114.7784029,25.57879343,64
122.1167,37.5,49.8
119.1715661,35.79691246,49.8
118.9833333,37.91666667,49.8
120.8333,41.9667,99
112.0890657,21.97268441,49.5
108.8710709,37.74299405,50
122.85,45.8,49.3
123.0167,44.3667,49.5
112.1,39.0333,100
111.4965974,39.44110089,49.5
96.0118835,40.67353545,201
94.9667,43.75,49.5
111.2833333,35.15,100
123.5,43.5167,49.5
106.5433,37.7733,50
91.7,43.3,49.5
110.4419258,20.52798395,49.5
132.9667,45.7667,45
112.5166667,26.11666667,80
108.7666667,30.41666667,34
103.6933473,23.37056913,49.5
121.022575,30.682241,49.4
91.8167,43.2,49.5
114.2333,41.2667,49.5
115.7,41.66567,49.5
108.6968609,19.13637172,48
94.65,43.5833,49.5
112.5,40.1333,49.5
114.324,41.9,49.5
108.5666667,34.58333333,49.5
117.0833333,38.58333333,99
108.2433623,29.94781359,60
116.4807,30.3507,48
107.7628947,37.65877938,49.5
118.1833,42.6,49.5
111.3781115,24.83479827,49.5
104.1759706,27.08138091,49.5
106.45,36.3667,48
110.2,41.25,49.5
104.2260291,27.05946179,49.5
124.6667,46.7167,49.5
119.5833,25.5,36
102.2655847,27.49522334,46
118.4167,32.45,49.5
107.486,37.32,100
100.6681956,36.38867519,50
124.063287,45.02455255,49.5
124.02797,45.00457,49.5
130.5247103,44.91884405,49.5
88.31081204,43.34636813,49.5
121.2575,28.3773,49.5
131.0667,45.7667,46
103.1642353,38.71573579,400
116.4443,30.2741,48
119.7833,45.4417,48.75
122.95,44.2333,49.5
106.1667,37.0367,49.5
122.45,44.0333,50.4
119.9833333,26.26843333,85
119.4637,25.21,48
94.65,42.4167,200
122.25,43.625,49.5
119.7333,45.4333,49.5
121.4167,44.2667,49.5
114,41.513,49.5
103.1952502,38.6568893,300
100.5875138,25.55022847,49.5
109.7399671,26.09544027,48
123.4,47.55,49.5
112.4566,39.3466,100
112.05,39.71666667,100
107.4293317,29.40046827,46.75
116.0427927,37.24109844,50
91.7833,43.25,6
88.35771,43.37568,49.5
109.726,38.68333333,100
88.0333,44.3667,49.5
111.7,35.46666667,100
111.26025,35.16021,49.5
115.9213,42.3,49.5
117.36,38.6745,49.5
121.2238147,36.91230762,49.5
117.6031121,37.83513606,48
106.3333,37.7167,49.5
106.1845,37.0727,49.5
106.3667,36.6167,49.5
102.0852706,24.17546748,49.5
93.1167,44.1,49.5
112.79,32.63,48
118.8767,37.5234,49.5
106.55,38.0167,49.5
106.4167,37.7833,49.5
106.6967,39.34,50
106.5476731,37.41864005,49.5
123.478518,42.386413,49.5
106.2,37.9667,49.5
111.9533333,34.31666667,74
118.0413,33.2407,8
95.59609688,37.94410692,49.5
91.1167,43.25,49.5
88.9833,43.1333,49.5
93.9833,42.1167,200
102.6643072,26.69140963,49.5
112.8,37.95,49.5
107.3738969,29.66709102,42
125.5167,45.3667,49.5
113.8,31.76666667,60
113.8167,39.6,49.5
122.0013859,37.27931992,49.5
111.1,34.78,145
102.5816207,27.46847473,22
106.3833,37.5667,50
100.6777563,25.58610041,36
109.9833333,27.98333333,42
124.4167,46.1833,48
115.5167,41.3667,49.3
114.07,44.4479,49.5
117.7433,42.6333,45.05
115.88,35.003,49.9
116.5026111,23.19995686,34.85
115.8666667,37.35,80
108.8183333,23.11666667,100
110.55,22.38333333,41.8
105.7353805,38.8577611,50
121.6114873,37.37485332,48
119.1474166,37.159,49.5
116.7222494,37.6598923,50
113.7546216,25.55531998,50
113.3167,29.45,49.5
102.6527037,23.83456888,48
112.3333333,25.43333333,50
109.5761151,25.26845395,48.4
119.75,35.7,49.5
117.9267,42.5733,49.3
118.0417,42.6635,49.3
113.4667,41.4333,49.5
117.846,42.73,49.5
106.6833,41.5,30
103.0590785,27.0100734,49.5
106.0744519,38.02110206,48
112.8,41.1067,49.5
117.69,42.747,300
104.9392,26.85,49.5
118.055,42.6789,49.5
118.182743,42.636469,50
117.6667,33.2667,48
111.8617,27.011,49.5
97.52974328,37.58005336,49.5
105.2932301,25.99180825,42
98.19727808,36.44619016,49.5
114.5667,39.85,49.5
114.5667,39.85,49.5
96.11666667,36.36666667,50
114.3733,39.7067,49.5
110.83469,36.99857,47.5
124.266,44.2934,49.5
117.14,25.01,48.4
122.5167,42.3667,49.5
103.0745,38.6185,48
96.09231346,40.63464823,47.5
108.8616787,30.33563522,70
93.37866797,38.8993555,50
114.7,41.15,49.5
106.2086067,37.98451939,50
104.1958969,24.10113849,49.5
103.8517067,25.63526334,49.5
103.841226,24.60680898,31.5
103.4989683,24.43465466,48
99.63825241,26.0242681,49.5
114.1530513,31.59003157,96
114.0936157,31.57595302,36
112.6833,26.0333,39.6
94.5167,42.4167,200
112.5667,40.9,49.5
110.3366553,22.69078591,25.5
118.3176,42.84,49.5
112.4540983,23.033676,26
111.791554,23.151373,44
112.1217748,28.5030422,50.2
112.1278376,28.50768639,48.4
121.8413333,41.75,48
120.1,34.25,49.35
110.3167,20.5167,74
110.4348976,20.60886112,49.5
118.524965,35.8709883,49.5
106.8706189,28.21908093,30
111.496,34.736,57
109.9682692,24.96990349,100
118.9833333,25.98333333,20
113.51,34.12,48
118.2584,42.6097,100
115.8532682,29.62986957,48
128.8,46.9833,21
103.2685675,26.21567449,48
114.35,26.08333333,50
88.36780417,43.3999,49.5
112.0122151,21.98630989,49.5
120.1333,34.2833,34.8
120.0282821,37.15031662,49.5
107.42425,37.798,49.4
102.015287,26.25,20
110.4437,41.756,100
109.9000904,35.62728265,50
121.15,37.49,48
121.15,36.77,49.8
105.8971284,26.85395589,48
107.0331047,26.57017615,48
130.1667,46.4167,45.5
114.379,41.9,49.5
112.6641667,31.54866667,50
120.4166667,33.56666667,44
114.7463,35.9067,400
113.6758,32.8796,49
112.2155958,24.1734292,49.8
113.3677968,31.84011192,49.5
113.1243333,32.33116667,36
114.0259033,24.0281393,49.5
117.5333,49.5,49.5
106.8724241,27.65373458,48
114.6416667,34.98333333,40
122.82,45.8667,49.5
123,44.9167,100.5
88.5833,43.0667,49.5
105.3364,35.33589207,49.5
114.05,40.4233,49.5
122.85,45.8167,49.6
123.5667,43.8833,49.5
118.95,36.95,34.5
112.4167,38.7,49.5
117.0824835,23.41643937,10
117.0923403,23.44605868,15
113.6,25.85,50
110.1803203,27.12238121,150
119,32.4,59.4
111.3311106,24.85250924,49.5
118.5167,37.8667,49.5
113.9195029,26.02092789,48
86.84372309,47.72324,49.5
94.9,43.6833,49.5
104.7240702,36.68405519,49.5
117.65,31.32,48
123.8167,42.3,48
120.4208508,36.97537557,49.8
93.5167,42.8167,49.5
128.97,46.87,98
111.5,38.98333333,100
116.6701358,36.24600035,49.9
114.3833,41.1333,200
98.21795847,36.47623196,49.5
114.8,42.06666667,100.5
113.5807,41.9,49.5
114.38,41.9,49.5
108.55,42.06666667,400
121.3,43.6,300
107.5166667,37.25,100
121.5167,29.8167,45
89.1667,42.9333,49.5
115.261,35.35,80
117.3166667,34.45,48
110.3366819,22.74226715,30
120.8489,42.0554,49.5
96.05264044,40.61590289,201
120.5,37.6167,30
118.0333,24.3,47.5
121.6,41.175,49.5
115.51104,36.88082,100
112.6616293,28.36734338,49.5
125.1833,46.9833,49.5
123.35,42.75,49.5
121.6667,42.35,49.5
124.1,42.7667,49.5
104.2517759,27.05563043,49.5
103.3588254,23.86204216,48
112.8373968,31.8298842,48
111.1202793,39.11363294,49.5
122.0666667,46.11666667,23.2
121.1167,41.7,48
117.65,38.36666667,60
118.35,32.9,99.9
119.544,34.234,110
120.537,33.257,300
120.507439,33.20476,300
131.3667,45.8833,49.5
92.9821,44.211,49.5
118.5167,37.8667,49.5
113,41.24,48
117.4331018,37.7488348,50
118.12,37.78,48
130.96954,45.29524,49.5
114.813454,24.9029153,70
