Index,col,row,lat,lon,suitable_area(m2),Average_CF,Annual potential (GWh),provin
1,431,926,17.5,109.0625,69000000.0,0.268,868.43,Hainan_off
2,431,927,17.5,109.375,5000000.0,0.277,65.16,Hainan_off
3,431,928,17.5,109.6875,170000000.0,0.286,2271.97,Hainan_off
4,431,929,17.5,110.0,200000000.0,0.292,2701.61,Hainan_off
6,432,924,17.75,108.4375,210000000.0,0.258,2573.92,Hainan_off
7,432,925,17.75,108.75,630000000.0,0.248,7340.47,Hainan_off
8,432,926,17.75,109.0625,150000000.0,0.253,1818.51,Hainan_off
9,432,927,17.75,109.375,0.0,0.266,0.0,Hainan_off
10,432,928,17.75,109.6875,8000000.0,0.278,104.74,Hainan_off
11,432,929,17.75,110.0,200000000.0,0.286,2621.66,Hainan_off
12,432,930,17.75,110.3125,500000000.0,0.292,6810.8,Hainan_off
13,432,931,17.75,110.625,38000000.0,0.301,537.39,Hainan_off
14,433,923,18.0,108.125,0.0,0.277,0.0,Hainan_off
15,433,924,18.0,108.4375,820000000.0,0.253,9719.46,Hainan_off
16,433,925,18.0,108.75,810000000.0,0.227,8587.25,Hainan_off
17,433,926,18.0,109.0625,520000000.0,0.218,5383.08,Hainan_off
18,433,927,18.0,109.375,450000000.0,0.209,4366.12,Hainan_off
19,433,928,18.0,109.6875,740000000.0,0.223,7748.16,Hainan_off
20,433,929,18.0,110.0,330000000.0,0.26,3981.97,Hainan_off
21,433,930,18.0,110.3125,340000000.0,0.287,4555.22,Hainan_off
22,433,931,18.0,110.625,180000000.0,0.295,2526.6,Hainan_off
23,433,932,18.0,110.9375,0.0,0.308,0.0,Hainan_off
24,434,922,18.25,107.8125,0.0,0.305,0.0,Hainan_off
25,434,923,18.25,108.125,0.0,0.291,0.0,Hainan_off
26,434,924,18.25,108.4375,590000000.0,0.258,7127.23,Hainan_off
27,434,925,18.25,108.75,920000000.0,0.207,8911.37,Hainan_off
28,434,926,18.25,109.0625,820000000.0,0.141,5419.34,Hainan_off
29,434,927,18.25,109.375,560000000.0,0.106,2793.54,Hainan_off
30,434,928,18.25,109.6875,540000000.0,0.116,2912.21,Hainan
31,434,929,18.25,110.0,900000000.0,0.205,8620.54,Hainan_off
32,434,930,18.25,110.3125,410000000.0,0.28,5442.67,Hainan_off
33,434,931,18.25,110.625,85000000.0,0.292,1168.69,Hainan_off
34,434,932,18.25,110.9375,59000000.0,0.308,853.51,Hainan_off
35,434,933,18.25,111.25,0.0,0.321,0.0,Hainan_off
36,435,922,18.5,107.8125,0.0,0.331,0.0,Hainan_off
37,435,923,18.5,108.125,0.0,0.322,0.0,Hainan_off
38,435,924,18.5,108.4375,480000000.0,0.288,6489.36,Hainan_off
39,435,925,18.5,108.75,510000000.0,0.197,4733.02,Hainan
40,435,926,18.5,109.0625,26000000.0,0.098,119.57,Hainan
41,435,928,18.5,109.6875,19000000.0,0.072,64.6,Hainan
42,435,929,18.5,110.0,230000000.0,0.134,1458.82,Hainan
43,435,930,18.5,110.3125,900000000.0,0.253,10645.4,Hainan_off
44,435,931,18.5,110.625,740000000.0,0.295,10203.7,Hainan_off
45,435,932,18.5,110.9375,62000000.0,0.31,905.22,Hainan_off
46,435,933,18.5,111.25,0.0,0.325,0.0,Hainan_off
47,436,922,18.75,107.8125,0.0,0.358,0.0,Hainan_off
48,436,923,18.75,108.125,0.0,0.361,0.0,Hainan_off
49,436,924,18.75,108.4375,420000000.0,0.335,6546.82,Hainan_off
50,436,925,18.75,108.75,230000000.0,0.191,2073.32,Hainan
51,436,930,18.75,110.3125,170000000.0,0.191,1514.75,Hainan
52,436,931,18.75,110.625,880000000.0,0.294,12170.79,Hainan_off
53,436,932,18.75,110.9375,670000000.0,0.317,9949.74,Hainan_off
54,436,933,18.75,111.25,3000000.0,0.33,46.6,Hainan_off
55,437,922,19.0,107.8125,0.0,0.382,0.0,Hainan_off
56,437,923,19.0,108.125,0.0,0.396,0.0,Hainan_off
57,437,924,19.0,108.4375,290000000.0,0.382,5154.65,Hainan_off
58,437,925,19.0,108.75,140000000.0,0.248,1588.55,Hainan
59,437,930,19.0,110.3125,0.0,0.133,0.0,Hainan
60,437,931,19.0,110.625,730000000.0,0.209,7164.76,Hainan_off
61,437,932,19.0,110.9375,910000000.0,0.32,13680.22,Hainan_off
62,437,933,19.0,111.25,83000000.0,0.338,1319.58,Hainan_off
63,437,934,19.0,111.5625,0.0,0.345,0.0,Hainan_off
64,438,922,19.25,107.8125,0.0,0.398,0.0,Hainan_off
65,438,923,19.25,108.125,0.0,0.415,0.0,Hainan_off
66,438,924,19.25,108.4375,120000000.0,0.415,2242.98,Hainan_off
67,438,925,19.25,108.75,190000000.0,0.306,2692.38,Hainan
68,438,931,19.25,110.625,470000000.0,0.164,3605.67,Hainan_off
68,438,931,19.25,110.625,470000000.0,0.164,3605.67,Hainan
69,438,932,19.25,110.9375,910000000.0,0.295,12665.59,Hainan_off
70,438,933,19.25,111.25,530000000.0,0.347,8658.61,Hainan_off
71,438,934,19.25,111.5625,0.0,0.35,0.0,Hainan_off
72,438,935,19.25,111.875,0.0,0.353,0.0,Hainan_off
73,439,922,19.5,107.8125,0.0,0.406,0.0,Hainan_off
74,439,923,19.5,108.125,0.0,0.42,0.0,Hainan_off
75,439,924,19.5,108.4375,0.0,0.421,0.0,Hainan_off
76,439,925,19.5,108.75,540000000.0,0.347,8854.72,Hainan_off
77,439,926,19.5,109.0625,140000000.0,0.169,1110.33,Hainan
78,439,931,19.5,110.625,65000000.0,0.156,475.87,Hainan
79,439,932,19.5,110.9375,760000000.0,0.269,9535.41,Hainan_off
80,439,933,19.5,111.25,260000000.0,0.362,4425.49,Hainan_off
81,439,934,19.5,111.5625,0.0,0.353,0.0,Hainan_off
82,439,935,19.5,111.875,0.0,0.355,0.0,Hainan_off
83,440,922,19.75,107.8125,0.0,0.407,0.0,Hainan_off
84,440,923,19.75,108.125,0.0,0.416,0.0,Hainan_off
85,440,924,19.75,108.4375,0.0,0.409,0.0,Hainan_off
86,440,925,19.75,108.75,110000000.0,0.37,1913.4,Hainan_off
87,440,926,19.75,109.0625,690000000.0,0.262,8487.69,Hainan_off
88,440,927,19.75,109.375,100000000.0,0.168,813.03,Hainan
89,440,928,19.75,109.6875,10000000.0,0.139,65.15,Hainan
90,440,931,19.75,110.625,0.0,0.205,0.0,Hainan
91,440,932,19.75,110.9375,250000000.0,0.312,3698.82,Hainan
92,440,933,19.75,111.25,760000000.0,0.363,13049.2,Hainan_off
93,440,934,19.75,111.5625,68000000.0,0.355,1136.2,Hainan_off
94,440,935,19.75,111.875,0.0,0.355,0.0,Hainan_off
95,441,923,20.0,108.125,0.0,0.405,0.0,Hainan_off
96,441,924,20.0,108.4375,0.0,0.39,0.0,Hainan_off
97,441,925,20.0,108.75,0.0,0.356,0.0,Hainan_off
98,441,926,20.0,109.0625,77000000.0,0.299,1083.85,Hainan_off
99,441,927,20.0,109.375,630000000.0,0.241,7104.63,Hainan_off
100,441,928,20.0,109.6875,540000000.0,0.209,5289.73,Hainan
101,441,929,20.0,110.0,570000000.0,0.187,4998.23,Hainan_off
102,441,930,20.0,110.3125,280000000.0,0.211,2774.7,Hainan
103,441,931,20.0,110.625,290000000.0,0.265,3643.74,Hainan
104,441,932,20.0,110.9375,640000000.0,0.348,10475.38,Hainan_off
105,441,933,20.0,111.25,900000000.0,0.372,15737.12,Hainan_off
106,441,934,20.0,111.5625,480000000.0,0.357,8017.01,Hainan_off
107,441,935,20.0,111.875,0.0,0.354,0.0,Hainan_off
108,442,924,20.25,108.4375,0.0,0.372,0.0,Hainan_off
109,442,925,20.25,108.75,0.0,0.338,0.0,Hainan_off
110,442,926,20.25,109.0625,0.0,0.295,0.0,Hainan_off
111,442,927,20.25,109.375,21000000.0,0.259,255.5,Hainan_off
112,442,928,20.25,109.6875,740000000.0,0.243,8447.69,Guangdong_off
113,442,929,20.25,110.0,600000000.0,0.255,7196.41,Guangdong_off
114,442,930,20.25,110.3125,540000000.0,0.265,6750.68,Guangdong_off
115,442,931,20.25,110.625,890000000.0,0.298,12438.37,Hainan_off
116,442,932,20.25,110.9375,900000000.0,0.355,15065.0,Hainan_off
117,442,933,20.25,111.25,910000000.0,0.367,15611.71,Hainan_off
118,442,934,20.25,111.5625,570000000.0,0.356,9484.43,Hainan_off
119,443,925,20.5,108.75,0.0,0.32,0.0,Hainan_off
120,443,926,20.5,109.0625,0.0,0.285,0.0,Guangdong_off
121,443,927,20.5,109.375,0.0,0.257,0.0,Guangdong_off
122,443,928,20.5,109.6875,540000000.0,0.253,6390.05,Guangdong_off
123,443,929,20.5,110.0,140000000.0,0.289,1941.56,Guangdong
124,443,930,20.5,110.3125,33000000.0,0.307,476.69,Guangdong
125,443,931,20.5,110.625,810000000.0,0.307,11702.46,Guangdong_off
126,443,932,20.5,110.9375,900000000.0,0.347,14735.74,Guangdong_off
127,443,933,20.5,111.25,890000000.0,0.357,14884.1,Guangdong_off
128,443,934,20.5,111.5625,250000000.0,0.349,4107.59,Hainan_off
133,444,925,20.75,108.75,0.0,0.305,0.0,Guangxi_off
134,444,926,20.75,109.0625,61000000.0,0.274,784.95,Guangdong_off
135,444,927,20.75,109.375,400000000.0,0.249,4676.65,Guangdong_off
136,444,928,20.75,109.6875,610000000.0,0.257,7380.69,Guangdong_off
137,444,929,20.75,110.0,8000000.0,0.286,107.64,Guangdong
138,444,930,20.75,110.3125,400000000.0,0.285,5309.04,Guangdong
139,444,931,20.75,110.625,900000000.0,0.298,12544.85,Guangdong_off
140,444,932,20.75,110.9375,900000000.0,0.329,13927.0,Guangdong_off
141,444,933,20.75,111.25,810000000.0,0.343,13059.19,Guangdong_off
142,444,934,20.75,111.5625,460000000.0,0.339,7408.24,Guangdong_off
143,444,935,20.75,111.875,240000000.0,0.333,3700.89,Guangdong_off
144,444,936,20.75,112.1875,220000000.0,0.329,3438.3,Guangdong_off
145,444,937,20.75,112.5,29000000.0,0.324,442.2,Guangdong_off
149,445,924,21.0,108.4375,160000000.0,0.317,2357.86,Guangxi_off
150,445,925,21.0,108.75,19000000.0,0.292,260.58,Guangxi_off
151,445,926,21.0,109.0625,710000000.0,0.269,8971.92,Guangxi_off
152,445,927,21.0,109.375,900000000.0,0.24,10141.16,Guangdong_off
154,445,929,21.0,110.0,9000000.0,0.269,114.05,Guangdong
155,445,930,21.0,110.3125,590000000.0,0.254,7071.87,Guangdong
156,445,931,21.0,110.625,740000000.0,0.274,9512.22,Guangdong_off
157,445,932,21.0,110.9375,900000000.0,0.304,12842.05,Guangdong_off
158,445,933,21.0,111.25,900000000.0,0.324,13726.41,Guangdong_off
159,445,934,21.0,111.5625,900000000.0,0.326,13769.28,Guangdong_off
160,445,935,21.0,111.875,900000000.0,0.321,13617.12,Guangdong_off
161,445,936,21.0,112.1875,900000000.0,0.316,13368.21,Guangdong_off
162,445,937,21.0,112.5,810000000.0,0.313,11888.66,Guangdong_off
163,445,938,21.0,112.8125,240000000.0,0.313,3589.33,Guangdong_off
164,445,939,21.0,113.125,0.0,0.312,0.0,Guangdong_off
168,446,924,21.25,108.4375,830000000.0,0.307,12030.37,Guangxi_off
169,446,925,21.25,108.75,720000000.0,0.282,9586.65,Guangxi_off
170,446,926,21.25,109.0625,900000000.0,0.264,11134.84,Guangxi_off
171,446,927,21.25,109.375,900000000.0,0.231,9734.83,Guangxi_off
172,446,928,21.25,109.6875,670000000.0,0.233,7284.77,Guangdong_off
173,446,929,21.25,110.0,24000000.0,0.243,274.73,Guangdong
174,446,930,21.25,110.3125,120000000.0,0.239,1351.43,Guangdong
175,446,931,21.25,110.625,430000000.0,0.243,4920.88,Guangdong
176,446,932,21.25,110.9375,900000000.0,0.266,11207.01,Guangdong_off
177,446,933,21.25,111.25,900000000.0,0.293,12363.46,Guangdong_off
178,446,934,21.25,111.5625,900000000.0,0.3,12700.52,Guangdong_off
179,446,935,21.25,111.875,900000000.0,0.302,12749.69,Guangdong_off
180,446,936,21.25,112.1875,900000000.0,0.299,12596.95,Guangdong_off
181,446,937,21.25,112.5,900000000.0,0.299,12665.88,Guangdong_off
182,446,938,21.25,112.8125,900000000.0,0.302,12724.06,Guangdong_off
183,446,939,21.25,113.125,790000000.0,0.301,11203.91,Guangdong_off
184,446,940,21.25,113.4375,380000000.0,0.301,5300.8,Guangdong_off
188,447,923,21.5,108.125,480000000.0,0.272,6122.54,Guangxi_off
189,447,924,21.5,108.4375,790000000.0,0.303,11209.13,Guangxi_off
190,447,925,21.5,108.75,880000000.0,0.285,11843.98,Guangxi_off
191,447,926,21.5,109.0625,600000000.0,0.272,7696.62,Guangxi_off
192,447,927,21.5,109.375,310000000.0,0.26,3796.97,Guangxi
193,447,928,21.5,109.6875,580000000.0,0.232,6281.98,Guangxi
194,447,929,21.5,110.0,90000000.0,0.238,1009.32,Guangdong
195,447,930,21.5,110.3125,23000000.0,0.229,247.92,Guangdong
196,447,931,21.5,110.625,6000000.0,0.237,66.91,Guangdong
197,447,932,21.5,110.9375,180000000.0,0.234,1946.97,Guangdong
199,447,934,21.5,111.5625,580000000.0,0.266,7266.37,Guangdong_off
200,447,935,21.5,111.875,820000000.0,0.267,10316.96,Guangdong_off
201,447,936,21.5,112.1875,890000000.0,0.272,11417.27,Guangdong_off
202,447,937,21.5,112.5,880000000.0,0.272,11199.8,Guangdong_off
203,447,938,21.5,112.8125,850000000.0,0.281,11299.3,Guangdong_off
204,447,939,21.5,113.125,900000000.0,0.287,12074.1,Guangdong_off
205,447,940,21.5,113.4375,900000000.0,0.288,12147.43,Guangdong_off
206,447,941,21.5,113.75,630000000.0,0.292,8651.95,Guangdong_off
207,447,942,21.5,114.0625,200000000.0,0.298,2805.72,Guangdong_off
208,447,943,21.5,114.375,130000000.0,0.306,1796.76,Guangdong_off
209,447,944,21.5,114.6875,0.0,0.315,0.0,Guangdong_off
210,448,920,21.75,107.1875,13000000.0,0.179,109.5,Guangxi
211,448,921,21.75,107.5,25000000.0,0.112,131.59,Guangxi
212,448,922,21.75,107.8125,1000000.0,0.086,4.06,Guangxi
213,448,923,21.75,108.125,5000000.0,0.188,44.18,Guangxi
214,448,924,21.75,108.4375,300000000.0,0.308,4388.67,Guangxi
215,448,925,21.75,108.75,250000000.0,0.306,3556.55,Guangxi
216,448,926,21.75,109.0625,3000000.0,0.292,41.23,Guangxi
217,448,927,21.75,109.375,26000000.0,0.267,326.64,Guangxi
218,448,928,21.75,109.6875,65000000.0,0.245,750.38,Guangxi
219,448,934,21.75,111.5625,14000000.0,0.173,113.7,Guangdong
220,448,935,21.75,111.875,290000000.0,0.229,3128.59,Guangdong
222,448,937,21.75,112.5,440000000.0,0.241,4987.77,Guangdong_off
224,448,939,21.75,113.125,870000000.0,0.263,10738.84,Guangdong_off
225,448,940,21.75,113.4375,890000000.0,0.277,11608.8,Guangdong_off
226,448,941,21.75,113.75,900000000.0,0.276,11662.05,Guangdong_off
227,448,942,21.75,114.0625,890000000.0,0.285,11916.85,Guangdong_off
228,448,943,21.75,114.375,710000000.0,0.292,9792.12,Guangdong_off
229,448,944,21.75,114.6875,22000000.0,0.3,309.9,Guangdong_off
230,448,945,21.75,115.0,3000000.0,0.313,44.21,Guangdong_off
231,448,946,21.75,115.3125,0.0,0.331,0.0,Guangdong_off
232,449,924,22.0,108.4375,21000000.0,0.282,278.71,Guangxi
233,449,925,22.0,108.75,7000000.0,0.314,103.35,Guangxi
234,449,936,22.0,112.1875,0.0,0.216,0.0,Guangdong
235,449,937,22.0,112.5,62000000.0,0.233,680.55,Guangdong
236,449,938,22.0,112.8125,110000000.0,0.208,1077.86,Guangdong
237,449,939,22.0,113.125,560000000.0,0.233,6126.19,Guangdong_off
238,449,940,22.0,113.4375,730000000.0,0.26,8954.33,Guangdong_off
239,449,941,22.0,113.75,840000000.0,0.255,10014.05,Guangdong_off
240,449,942,22.0,114.0625,860000000.0,0.258,10437.39,Guangdong_off
241,449,943,22.0,114.375,870000000.0,0.273,11116.37,Guangdong_off
242,449,944,22.0,114.6875,780000000.0,0.28,10338.82,Guangdong_off
243,449,945,22.0,115.0,300000000.0,0.297,4252.47,Guangdong_off
244,449,946,22.0,115.3125,16000000.0,0.317,238.71,Guangdong_off
245,449,947,22.0,115.625,0.0,0.336,0.0,Guangdong_off
246,449,948,22.0,115.9375,0.0,0.356,0.0,Guangdong_off
247,449,949,22.0,116.25,0.0,0.37,0.0,Guangdong_off
248,450,939,22.25,113.125,47000000.0,0.222,491.38,Guangdong
249,450,940,22.25,113.4375,170000000.0,0.248,1963.31,Guangdong
250,450,941,22.25,113.75,830000000.0,0.224,8703.16,Guangdong_off
251,450,942,22.25,114.0625,610000000.0,0.214,6123.76,Guangdong_off
252,450,943,22.25,114.375,770000000.0,0.242,8768.82,Guangdong_off
253,450,944,22.25,114.6875,890000000.0,0.254,10641.82,Guangdong_off
254,450,945,22.25,115.0,880000000.0,0.275,11318.68,Guangdong_off
255,450,946,22.25,115.3125,560000000.0,0.298,7845.67,Guangdong_off
256,450,947,22.25,115.625,330000000.0,0.32,4934.28,Guangdong_off
257,450,948,22.25,115.9375,640000000.0,0.344,10426.83,Guangdong_off
258,450,949,22.25,116.25,520000000.0,0.363,8781.29,Guangdong_off
259,450,950,22.25,116.5625,53000000.0,0.377,939.55,Guangdong_off
260,450,951,22.25,116.875,130000000.0,0.388,2428.94,Guangdong_off
261,451,940,22.5,113.4375,100000000.0,0.242,1148.35,Guangdong
262,451,941,22.5,113.75,790000000.0,0.209,7719.88,Guangdong_off
264,451,943,22.5,114.375,500000000.0,0.198,4626.77,Guangdong_off
265,451,944,22.5,114.6875,760000000.0,0.216,7719.08,Guangdong_off
266,451,945,22.5,115.0,850000000.0,0.253,10132.96,Guangdong_off
267,451,946,22.5,115.3125,890000000.0,0.266,11127.88,Guangdong_off
268,451,947,22.5,115.625,890000000.0,0.298,12448.79,Guangdong_off
269,451,948,22.5,115.9375,890000000.0,0.326,13638.66,Guangdong_off
270,451,949,22.5,116.25,890000000.0,0.349,14584.96,Guangdong_off
271,451,950,22.5,116.5625,790000000.0,0.37,13738.87,Guangdong_off
272,451,951,22.5,116.875,880000000.0,0.385,15996.74,Guangdong_off
273,451,952,22.5,117.1875,210000000.0,0.393,3880.98,Guangdong_off
274,452,940,22.75,113.4375,62000000.0,0.233,680.28,Guangdong
275,452,941,22.75,113.75,300000000.0,0.218,3032.43,Guangdong_off
276,452,943,22.75,114.375,12000000.0,0.175,98.75,Guangdong
277,452,944,22.75,114.6875,340000000.0,0.17,2690.36,Guangdong_off
278,452,945,22.75,115.0,340000000.0,0.174,2779.08,Guangdong
278,452,945,22.75,115.0,340000000.0,0.174,2779.08,Guangdong_off
280,452,947,22.75,115.625,650000000.0,0.245,7550.32,Guangdong_off
281,452,948,22.75,115.9375,660000000.0,0.282,8790.92,Guangdong_off
282,452,949,22.75,116.25,860000000.0,0.316,12785.27,Guangdong_off
283,452,950,22.75,116.5625,880000000.0,0.356,14659.11,Guangdong_off
284,452,951,22.75,116.875,890000000.0,0.377,15763.58,Guangdong_off
285,452,952,22.75,117.1875,670000000.0,0.393,12432.07,Guangdong_off
286,452,953,22.75,117.5,160000000.0,0.405,3029.58,Guangdong_off
287,453,946,23.0,115.3125,4000000.0,0.106,19.94,Guangdong
288,453,947,23.0,115.625,8000000.0,0.195,73.34,Guangdong
289,453,948,23.0,115.9375,3000000.0,0.212,29.87,Guangdong
290,453,949,23.0,116.25,170000000.0,0.24,1866.12,Guangdong
291,453,950,23.0,116.5625,610000000.0,0.306,8734.93,Guangdong_off
292,453,951,23.0,116.875,890000000.0,0.365,15218.57,Guangdong_off
293,453,952,23.0,117.1875,770000000.0,0.392,14248.76,Guangdong_off
294,453,953,23.0,117.5,240000000.0,0.409,4650.02,Guangdong_off
295,453,954,23.0,117.8125,560000000.0,0.421,11053.48,Fujian_off
296,453,955,23.0,118.125,4000000.0,0.422,79.39,Fujian_off
297,454,950,23.25,116.5625,200000000.0,0.236,2240.91,Guangdong
298,454,951,23.25,116.875,810000000.0,0.321,12298.28,Guangdong_off
299,454,952,23.25,117.1875,740000000.0,0.379,13210.2,Guangdong_off
300,454,953,23.25,117.5,690000000.0,0.414,13519.35,Fujian_off
301,454,954,23.25,117.8125,760000000.0,0.432,15349.56,Fujian_off
302,454,955,23.25,118.125,490000000.0,0.435,9953.54,Fujian_off
304,455,950,23.5,116.5625,7000000.0,0.161,53.09,Guangdong
305,455,951,23.5,116.875,330000000.0,0.231,3634.51,Guangdong_off
306,455,952,23.5,117.1875,730000000.0,0.305,10412.86,Guangdong_off
307,455,953,23.5,117.5,800000000.0,0.409,15391.28,Fujian_off
308,455,954,23.5,117.8125,790000000.0,0.444,16492.97,Fujian_off
309,455,955,23.5,118.125,780000000.0,0.449,16478.73,Fujian_off
310,455,956,23.5,118.4375,240000000.0,0.451,4987.45,Fujian_off
311,456,951,23.75,116.875,0.0,0.123,0.0,Guangdong
312,456,952,23.75,117.1875,110000000.0,0.182,934.54,Fujian
313,456,953,23.75,117.5,470000000.0,0.311,6796.48,Fujian
313,456,953,23.75,117.5,470000000.0,0.311,6796.48,Fujian_off
314,456,954,23.75,117.8125,740000000.0,0.42,14567.42,Fujian_off
315,456,955,23.75,118.125,870000000.0,0.458,18735.07,Fujian_off
316,456,956,23.75,118.4375,610000000.0,0.471,13445.43,Fujian_off
317,456,957,23.75,118.75,43000000.0,0.466,943.23,Fujian_off
318,456,958,23.75,119.0625,0.0,0.463,0.0,Fujian_off
319,457,953,24.0,117.5,68000000.0,0.138,441.43,Fujian
321,457,955,24.0,118.125,840000000.0,0.446,17604.57,Fujian_off
322,457,956,24.0,118.4375,350000000.0,0.483,7992.03,Fujian_off
323,457,957,24.0,118.75,150000000.0,0.491,3508.28,Fujian_off
324,457,958,24.0,119.0625,0.0,0.491,0.0,Fujian_off
326,458,954,24.25,117.8125,36000000.0,0.211,356.56,Fujian
327,458,955,24.25,118.125,650000000.0,0.407,12350.53,Fujian_off
328,458,956,24.25,118.4375,600000000.0,0.494,13967.98,Fujian_off
329,458,957,24.25,118.75,780000000.0,0.512,18844.93,Fujian_off
330,458,958,24.25,119.0625,200000000.0,0.517,4769.74,Fujian_off
331,458,959,24.25,119.375,64000000.0,0.517,1557.43,Fujian_off
333,459,954,24.5,117.8125,91000000.0,0.115,492.85,Fujian
334,459,955,24.5,118.125,450000000.0,0.299,6344.91,Fujian
335,459,956,24.5,118.4375,640000000.0,0.481,14535.86,Fujian_off
336,459,957,24.5,118.75,820000000.0,0.528,20271.66,Fujian_off
337,459,958,24.5,119.0625,560000000.0,0.54,14178.68,Fujian_off
338,459,959,24.5,119.375,96000000.0,0.545,2458.46,Fujian_off
339,459,960,24.5,119.6875,180000000.0,0.547,4603.61,Fujian_off
340,460,955,24.75,118.125,26000000.0,0.165,201.6,Fujian
341,460,956,24.75,118.4375,27000000.0,0.343,435.23,Fujian
342,460,957,24.75,118.75,590000000.0,0.49,13474.72,Fujian
343,460,958,24.75,119.0625,780000000.0,0.556,20309.88,Fujian_off
344,460,959,24.75,119.375,490000000.0,0.567,13140.21,Fujian_off
345,460,960,24.75,119.6875,570000000.0,0.572,15435.74,Fujian_off
348,461,957,25.0,118.75,100000000.0,0.378,1832.6,Fujian
349,461,958,25.0,119.0625,780000000.0,0.541,19757.98,Fujian_off
350,461,959,25.0,119.375,820000000.0,0.586,22518.83,Fujian_off
351,461,960,25.0,119.6875,760000000.0,0.592,21271.27,Fujian_off
352,461,961,25.0,120.0,870000000.0,0.592,24098.8,Fujian_off
354,462,957,25.25,118.75,4000000.0,0.211,39.65,Fujian
355,462,958,25.25,119.0625,340000000.0,0.447,7145.62,Fujian
355,462,958,25.25,119.0625,340000000.0,0.447,7145.62,Fujian_off
356,462,959,25.25,119.375,650000000.0,0.582,17690.21,Fujian_off
357,462,960,25.25,119.6875,800000000.0,0.606,22647.38,Fujian_off
358,462,961,25.25,120.0,850000000.0,0.598,23865.55,Fujian_off
360,463,958,25.5,119.0625,80000000.0,0.267,1002.81,Fujian
361,463,959,25.5,119.375,440000000.0,0.502,10490.77,Fujian_off
363,463,961,25.5,120.0,850000000.0,0.594,23792.67,Fujian_off
364,463,962,25.5,120.3125,120000000.0,0.585,3409.79,Fujian_off
365,464,959,25.75,119.375,51000000.0,0.279,668.87,Fujian
366,464,960,25.75,119.6875,690000000.0,0.523,16864.14,Fujian_off
367,464,961,25.75,120.0,840000000.0,0.588,23247.68,Fujian_off
368,464,962,25.75,120.3125,590000000.0,0.569,15764.87,Fujian_off
369,464,963,25.75,120.625,0.0,0.553,0.0,Fujian_off
370,465,959,26.0,119.375,5000000.0,0.145,34.0,Fujian
370,465,959,26.0,119.375,5000000.0,0.145,34.0,Fujian_off
371,465,960,26.0,119.6875,520000000.0,0.373,9191.87,Fujian
372,465,961,26.0,120.0,740000000.0,0.556,19286.47,Fujian_off
373,465,962,26.0,120.3125,240000000.0,0.551,6193.88,Fujian_off
374,465,963,26.0,120.625,0.0,0.537,0.0,Fujian_off
375,466,960,26.25,119.6875,440000000.0,0.195,4059.69,Fujian_off
376,466,961,26.25,120.0,780000000.0,0.455,16737.61,Fujian_off
377,466,962,26.25,120.3125,730000000.0,0.528,18119.94,Fujian_off
378,466,963,26.25,120.625,720000000.0,0.52,17522.04,Fujian_off
379,466,964,26.25,120.9375,83000000.0,0.504,1967.72,Fujian_off
380,467,960,26.5,119.6875,320000000.0,0.058,860.48,Fujian
381,467,961,26.5,120.0,730000000.0,0.25,8576.05,Fujian_off
382,467,962,26.5,120.3125,860000000.0,0.474,19135.77,Fujian_off
383,467,963,26.5,120.625,680000000.0,0.501,15937.1,Fujian_off
384,467,964,26.5,120.9375,34000000.0,0.489,781.67,Fujian_off
385,468,959,26.75,119.375,1000000.0,0.03,1.43,Fujian
386,468,960,26.75,119.6875,340000000.0,0.028,451.35,Fujian
386,468,960,26.75,119.6875,340000000.0,0.028,451.35,Fujian_off
387,468,961,26.75,120.0,380000000.0,0.113,2039.55,Fujian_off
388,468,962,26.75,120.3125,860000000.0,0.352,14154.86,Fujian_off
389,468,963,26.75,120.625,800000000.0,0.472,17830.57,Fujian_off
390,468,964,26.75,120.9375,370000000.0,0.469,8099.17,Zhejiang_off
391,468,965,26.75,121.25,39000000.0,0.474,868.6,Zhejiang_off
392,469,961,27.0,120.0,33000000.0,0.079,123.22,Fujian
393,469,962,27.0,120.3125,500000000.0,0.175,4138.45,Fujian_off
394,469,963,27.0,120.625,860000000.0,0.397,15945.62,Fujian_off
395,469,964,27.0,120.9375,710000000.0,0.443,14823.49,Zhejiang_off
396,469,965,27.0,121.25,510000000.0,0.457,10912.79,Zhejiang_off
398,470,962,27.25,120.3125,140000000.0,0.113,723.39,Fujian
398,470,962,27.25,120.3125,140000000.0,0.113,723.39,Fujian_off
399,470,963,27.25,120.625,710000000.0,0.3,10020.42,Zhejiang_off
400,470,964,27.25,120.9375,860000000.0,0.399,16029.88,Zhejiang_off
401,470,965,27.25,121.25,320000000.0,0.434,6611.14,Zhejiang_off
402,470,966,27.25,121.5625,20000000.0,0.453,425.62,Zhejiang_off
403,471,963,27.5,120.625,340000000.0,0.2,3207.62,Zhejiang
403,471,963,27.5,120.625,340000000.0,0.2,3207.62,Zhejiang_off
404,471,964,27.5,120.9375,830000000.0,0.344,13440.2,Zhejiang_off
405,471,965,27.5,121.25,810000000.0,0.407,15403.74,Zhejiang_off
406,471,966,27.5,121.5625,320000000.0,0.436,6580.42,Zhejiang_off
407,471,967,27.5,121.875,0.0,0.444,0.0,Zhejiang_off
408,472,963,27.75,120.625,140000000.0,0.12,794.29,Zhejiang
409,472,964,27.75,120.9375,750000000.0,0.259,9085.49,Zhejiang_off
410,472,965,27.75,121.25,810000000.0,0.372,14242.03,Zhejiang_off
411,472,966,27.75,121.5625,850000000.0,0.41,16438.58,Zhejiang_off
412,472,967,27.75,121.875,530000000.0,0.429,10619.01,Zhejiang_off
413,472,968,27.75,122.1875,0.0,0.434,0.0,Zhejiang_off
414,473,964,28.0,120.9375,360000000.0,0.163,2728.24,Zhejiang
415,473,965,28.0,121.25,700000000.0,0.311,10205.23,Zhejiang_off
416,473,966,28.0,121.5625,850000000.0,0.375,14995.8,Zhejiang_off
417,473,967,28.0,121.875,820000000.0,0.409,15698.14,Zhejiang_off
418,473,968,28.0,122.1875,170000000.0,0.421,3408.25,Zhejiang_off
419,473,969,28.0,122.5,0.0,0.423,0.0,Zhejiang_off
420,474,964,28.25,120.9375,38000000.0,0.12,214.34,Zhejiang
421,474,965,28.25,121.25,370000000.0,0.247,4243.25,Zhejiang_off
422,474,966,28.25,121.5625,680000000.0,0.338,10739.02,Zhejiang_off
423,474,967,28.25,121.875,850000000.0,0.388,15484.26,Zhejiang_off
424,474,968,28.25,122.1875,610000000.0,0.407,11615.68,Zhejiang_off
425,474,969,28.25,122.5,0.0,0.411,0.0,Zhejiang_off
426,475,965,28.5,121.25,2000000.0,0.192,18.06,Zhejiang
427,475,966,28.5,121.5625,410000000.0,0.303,5779.26,Zhejiang
427,475,966,28.5,121.5625,410000000.0,0.303,5779.26,Zhejiang_off
428,475,967,28.5,121.875,830000000.0,0.368,14366.08,Zhejiang_off
429,475,968,28.5,122.1875,840000000.0,0.392,15568.18,Zhejiang_off
430,475,969,28.5,122.5,190000000.0,0.401,3562.91,Zhejiang_off
431,476,966,28.75,121.5625,320000000.0,0.265,3944.65,Zhejiang
432,476,967,28.75,121.875,820000000.0,0.346,13406.44,Zhejiang_off
433,476,968,28.75,122.1875,840000000.0,0.379,15041.37,Zhejiang_off
434,476,969,28.75,122.5,650000000.0,0.39,11853.69,Zhejiang_off
435,476,970,28.75,122.8125,10000000.0,0.392,184.34,Zhejiang_off
436,477,966,29.0,121.5625,220000000.0,0.225,2353.83,Zhejiang
437,477,967,29.0,121.875,770000000.0,0.31,11158.88,Zhejiang_off
438,477,968,29.0,122.1875,840000000.0,0.361,14314.38,Zhejiang_off
439,477,969,29.0,122.5,840000000.0,0.379,15039.42,Zhejiang_off
440,477,970,29.0,122.8125,270000000.0,0.382,4837.12,Zhejiang_off
441,478,966,29.25,121.5625,250000000.0,0.198,2348.85,Zhejiang_off
442,478,967,29.25,121.875,370000000.0,0.288,4949.11,Zhejiang
443,478,968,29.25,122.1875,830000000.0,0.346,13565.49,Zhejiang_off
444,478,969,29.25,122.5,840000000.0,0.369,14628.96,Zhejiang_off
445,478,970,29.25,122.8125,420000000.0,0.373,7440.11,Zhejiang_off
446,479,966,29.5,121.5625,200000000.0,0.184,1739.29,Zhejiang_off
447,479,967,29.5,121.875,320000000.0,0.272,4143.49,Zhejiang
448,479,968,29.5,122.1875,830000000.0,0.336,13163.52,Zhejiang_off
449,479,969,29.5,122.5,840000000.0,0.361,14282.16,Zhejiang_off
450,479,970,29.5,122.8125,500000000.0,0.365,8559.4,Zhejiang_off
451,480,967,29.75,121.875,330000000.0,0.271,4138.93,Zhejiang_off
452,480,968,29.75,122.1875,640000000.0,0.334,10018.72,Zhejiang_off
453,480,969,29.75,122.5,820000000.0,0.356,13783.54,Zhejiang_off
454,480,970,29.75,122.8125,770000000.0,0.359,13038.57,Zhejiang_off
455,481,964,30.0,120.9375,0.0,0.2,0.0,Zhejiang
456,481,966,30.0,121.5625,190000000.0,0.261,2308.2,Zhejiang
457,481,967,30.0,121.875,490000000.0,0.299,6838.43,Zhejiang_off
459,481,969,30.0,122.5,780000000.0,0.35,12788.01,Zhejiang_off
460,481,970,30.0,122.8125,790000000.0,0.355,13104.35,Zhejiang_off
461,482,963,30.25,120.625,330000000.0,0.189,2921.53,Zhejiang_off
461,482,963,30.25,120.625,330000000.0,0.189,2921.53,Zhejiang
462,482,964,30.25,120.9375,580000000.0,0.225,6130.36,Zhejiang_off
463,482,965,30.25,121.25,250000000.0,0.256,3009.18,Zhejiang
464,482,966,30.25,121.5625,720000000.0,0.276,9355.91,Zhejiang_off
465,482,967,30.25,121.875,800000000.0,0.304,11364.82,Zhejiang_off
467,482,969,30.25,122.5,810000000.0,0.345,13075.39,Zhejiang_off
468,482,970,30.25,122.8125,510000000.0,0.349,8413.88,Zhejiang_off
469,483,963,30.5,120.625,15000000.0,0.243,171.55,Zhejiang
470,483,964,30.5,120.9375,290000000.0,0.255,3508.4,Zhejiang
471,483,965,30.5,121.25,810000000.0,0.271,10365.56,Zhejiang_off
472,483,966,30.5,121.5625,830000000.0,0.294,11503.84,Zhejiang_off
473,483,967,30.5,121.875,830000000.0,0.306,11966.33,Shanghai_off
474,483,968,30.5,122.1875,780000000.0,0.325,11950.37,Zhejiang_off
475,483,969,30.5,122.5,750000000.0,0.337,11916.08,Zhejiang_off
476,483,970,30.5,122.8125,53000000.0,0.343,854.84,Zhejiang_off
477,484,965,30.75,121.25,200000000.0,0.298,2832.45,Zhejiang
478,484,966,30.75,121.5625,690000000.0,0.306,9870.13,Shanghai_off
479,484,967,30.75,121.875,780000000.0,0.308,11290.61,Shanghai_off
480,484,968,30.75,122.1875,830000000.0,0.318,12355.05,Shanghai_off
481,484,969,30.75,122.5,790000000.0,0.334,12327.84,Shanghai_off
482,484,970,30.75,122.8125,140000000.0,0.337,2268.48,Shanghai_off
483,485,967,31.0,121.875,410000000.0,0.324,6290.2,Shanghai
483,485,967,31.0,121.875,410000000.0,0.324,6290.2,Shanghai_off
484,485,968,31.0,122.1875,830000000.0,0.314,12215.8,Shanghai_off
485,485,969,31.0,122.5,830000000.0,0.324,12588.48,Shanghai_off
486,485,970,31.0,122.8125,210000000.0,0.331,3222.25,Shanghai_off
487,486,966,31.25,121.5625,69000000.0,0.345,1118.65,Shanghai
488,486,967,31.25,121.875,670000000.0,0.313,9918.33,Shanghai_off
489,486,968,31.25,122.1875,830000000.0,0.31,12033.1,Shanghai_off
490,486,969,31.25,122.5,810000000.0,0.317,12117.76,Shanghai_off
491,486,970,31.25,122.8125,64000000.0,0.324,976.21,Shanghai_off
492,487,965,31.5,121.25,170000000.0,0.319,2610.39,Jiangsu
493,487,966,31.5,121.5625,470000000.0,0.319,7088.46,Shanghai_off
494,487,967,31.5,121.875,630000000.0,0.317,9439.04,Shanghai_off
495,487,968,31.5,122.1875,820000000.0,0.309,11946.36,Shanghai_off
496,487,969,31.5,122.5,820000000.0,0.313,12132.48,Jiangsu_off
497,487,970,31.5,122.8125,120000000.0,0.319,1832.53,Jiangsu_off
498,488,964,31.75,120.9375,97000000.0,0.283,1293.09,Jiangsu
501,488,967,31.75,121.875,530000000.0,0.326,8058.88,Jiangsu
502,488,968,31.75,122.1875,820000000.0,0.31,11986.51,Jiangsu_off
503,488,969,31.75,122.5,820000000.0,0.313,12063.4,Jiangsu_off
504,488,970,31.75,122.8125,220000000.0,0.318,3292.38,Jiangsu_off
505,489,965,32.0,121.25,7000000.0,0.328,108.09,Jiangsu
506,489,966,32.0,121.5625,130000000.0,0.337,1982.1,Jiangsu
507,489,967,32.0,121.875,700000000.0,0.313,10295.24,Jiangsu_off
508,489,968,32.0,122.1875,820000000.0,0.311,11937.84,Jiangsu_off
509,489,969,32.0,122.5,820000000.0,0.312,12017.14,Jiangsu_off
510,489,970,32.0,122.8125,110000000.0,0.318,1583.55,Jiangsu_off
511,490,965,32.25,121.25,90000000.0,0.329,1391.23,Jiangsu
512,490,966,32.25,121.5625,810000000.0,0.305,11627.09,Jiangsu_off
513,490,967,32.25,121.875,820000000.0,0.304,11664.67,Jiangsu_off
514,490,968,32.25,122.1875,820000000.0,0.311,11932.75,Jiangsu_off
515,490,969,32.25,122.5,620000000.0,0.312,9147.49,Jiangsu_off
516,491,964,32.5,120.9375,160000000.0,0.296,2216.25,Jiangsu
517,491,965,32.5,121.25,580000000.0,0.3,8211.89,Jiangsu_off
518,491,966,32.5,121.5625,810000000.0,0.296,11322.03,Jiangsu_off
519,491,967,32.5,121.875,820000000.0,0.305,11699.27,Jiangsu_off
520,491,968,32.5,122.1875,750000000.0,0.311,10935.15,Jiangsu_off
521,491,969,32.5,122.5,120000000.0,0.312,1773.76,Jiangsu_off
522,492,964,32.75,120.9375,540000000.0,0.276,7037.27,Jiangsu_off
523,492,965,32.75,121.25,810000000.0,0.284,10872.13,Jiangsu_off
524,492,966,32.75,121.5625,820000000.0,0.295,11293.71,Jiangsu_off
525,492,967,32.75,121.875,810000000.0,0.306,11609.03,Jiangsu_off
526,492,968,32.75,122.1875,180000000.0,0.311,2648.78,Jiangsu_off
527,493,963,33.0,120.625,7000000.0,0.304,100.21,Jiangsu
528,493,964,33.0,120.9375,660000000.0,0.275,8544.71,Jiangsu_off
529,493,965,33.0,121.25,810000000.0,0.285,10835.09,Jiangsu_off
530,493,966,33.0,121.5625,810000000.0,0.293,11165.94,Jiangsu_off
531,493,967,33.0,121.875,320000000.0,0.305,4613.08,Jiangsu_off
532,494,963,33.25,120.625,210000000.0,0.301,2949.28,Jiangsu
533,494,964,33.25,120.9375,810000000.0,0.277,10494.99,Jiangsu_off
534,494,965,33.25,121.25,810000000.0,0.287,10918.21,Jiangsu_off
535,494,966,33.25,121.5625,720000000.0,0.292,9889.03,Jiangsu_off
536,494,967,33.25,121.875,3000000.0,0.302,42.62,Jiangsu_off
537,495,963,33.5,120.625,500000000.0,0.269,6292.62,Jiangsu_off
538,495,964,33.5,120.9375,810000000.0,0.281,10636.15,Jiangsu_off
539,495,965,33.5,121.25,800000000.0,0.285,10752.69,Jiangsu_off
540,495,966,33.5,121.5625,350000000.0,0.291,4786.78,Jiangsu_off
541,496,962,33.75,120.3125,8000000.0,0.295,111.04,Jiangsu
542,496,963,33.75,120.625,730000000.0,0.27,9255.38,Jiangsu_off
543,496,964,33.75,120.9375,800000000.0,0.281,10628.6,Jiangsu_off
544,496,965,33.75,121.25,780000000.0,0.284,10435.55,Jiangsu_off
545,496,966,33.75,121.5625,41000000.0,0.288,555.13,Jiangsu_off
546,497,962,34.0,120.3125,200000000.0,0.286,2623.03,Jiangsu
547,497,963,34.0,120.625,800000000.0,0.272,10220.08,Jiangsu_off
548,497,964,34.0,120.9375,800000000.0,0.28,10538.21,Jiangsu_off
549,497,965,34.0,121.25,600000000.0,0.284,8013.57,Jiangsu_off
550,498,961,34.25,120.0,2000000.0,0.303,28.47,Jiangsu
551,498,962,34.25,120.3125,490000000.0,0.277,6445.04,Jiangsu_off
552,498,963,34.25,120.625,800000000.0,0.274,10279.22,Jiangsu_off
553,498,964,34.25,120.9375,800000000.0,0.279,10481.24,Jiangsu_off
554,498,965,34.25,121.25,300000000.0,0.283,4051.75,Jiangsu_off
555,499,960,34.5,119.6875,270000000.0,0.262,3324.21,Jiangsu
556,499,961,34.5,120.0,630000000.0,0.261,7687.59,Jiangsu_off
557,499,962,34.5,120.3125,800000000.0,0.266,9984.01,Jiangsu_off
558,499,963,34.5,120.625,800000000.0,0.275,10280.52,Jiangsu_off
559,499,964,34.5,120.9375,790000000.0,0.279,10317.79,Jiangsu_off
560,499,965,34.5,121.25,70000000.0,0.283,933.09,Jiangsu_off
561,500,958,34.75,119.0625,18000000.0,0.246,207.97,Jiangsu
562,500,959,34.75,119.375,430000000.0,0.222,4443.33,Jiangsu
563,500,960,34.75,119.6875,790000000.0,0.245,9080.19,Jiangsu_off
564,500,961,34.75,120.0,430000000.0,0.265,5365.36,Jiangsu_off
565,500,962,34.75,120.3125,450000000.0,0.271,5754.75,Jiangsu_off
566,500,963,34.75,120.625,790000000.0,0.277,10350.58,Jiangsu_off
567,500,964,34.75,120.9375,460000000.0,0.28,6106.44,Jiangsu_off
568,501,958,35.0,119.0625,33000000.0,0.253,392.98,Jiangsu
569,501,959,35.0,119.375,690000000.0,0.229,7480.83,Jiangsu_off
570,501,960,35.0,119.6875,740000000.0,0.249,8666.27,Jiangsu_off
571,501,961,35.0,120.0,30000000.0,0.268,377.83,Jiangsu_off
572,501,962,35.0,120.3125,100000000.0,0.278,1345.76,Jiangsu_off
573,501,963,35.0,120.625,330000000.0,0.281,4349.87,Jiangsu_off
574,501,964,35.0,120.9375,6000000.0,0.282,79.64,Jiangsu_off
575,502,959,35.25,119.375,250000000.0,0.249,2950.68,Shandong
576,502,960,35.25,119.6875,780000000.0,0.252,9224.99,Shandong_off
577,502,961,35.25,120.0,630000000.0,0.267,7888.58,Shandong_off
578,502,962,35.25,120.3125,480000000.0,0.277,6272.99,Shandong_off
579,502,963,35.25,120.625,500000000.0,0.281,6569.57,Shandong_off
581,503,959,35.5,119.375,0.0,0.263,0.0,Shandong
582,503,960,35.5,119.6875,590000000.0,0.251,6931.4,Shandong_off
583,503,961,35.5,120.0,790000000.0,0.262,9681.2,Shandong_off
584,503,962,35.5,120.3125,790000000.0,0.269,9914.56,Shandong_off
585,503,963,35.5,120.625,790000000.0,0.274,10155.43,Shandong_off
586,503,964,35.5,120.9375,600000000.0,0.277,7852.14,Shandong_off
587,503,965,35.5,121.25,190000000.0,0.282,2542.83,Shandong_off
588,504,960,35.75,119.6875,21000000.0,0.269,266.0,Shandong
589,504,961,35.75,120.0,460000000.0,0.262,5652.06,Shandong_off
589,504,961,35.75,120.0,460000000.0,0.262,5652.06,Shandong
590,504,962,35.75,120.3125,780000000.0,0.254,9269.95,Shandong_off
591,504,963,35.75,120.625,790000000.0,0.254,9387.04,Shandong_off
592,504,964,35.75,120.9375,780000000.0,0.266,9790.98,Shandong_off
593,504,965,35.75,121.25,760000000.0,0.278,9973.49,Shandong_off
594,504,966,35.75,121.5625,140000000.0,0.287,1834.63,Shandong_off
595,505,961,36.0,120.0,48000000.0,0.272,612.97,Shandong
596,505,962,36.0,120.3125,600000000.0,0.245,6959.56,Shandong_off
597,505,963,36.0,120.625,740000000.0,0.2,6922.21,Shandong_off
598,505,964,36.0,120.9375,770000000.0,0.247,8956.22,Shandong_off
599,505,965,36.0,121.25,780000000.0,0.276,10181.37,Shandong_off
600,505,966,36.0,121.5625,610000000.0,0.285,8226.95,Shandong_off
601,505,967,36.0,121.875,250000000.0,0.296,3533.5,Shandong_off
602,505,968,36.0,122.1875,33000000.0,0.302,468.4,Shandong_off
603,505,969,36.0,122.5,16000000.0,0.304,229.07,Shandong_off
604,506,961,36.25,120.0,36000000.0,0.271,458.29,Shandong
605,506,962,36.25,120.3125,200000000.0,0.244,2310.19,Shandong_off
606,506,963,36.25,120.625,250000000.0,0.187,2209.95,Shandong
607,506,964,36.25,120.9375,780000000.0,0.244,8913.57,Shandong_off
608,506,965,36.25,121.25,780000000.0,0.272,9964.51,Shandong_off
609,506,966,36.25,121.5625,780000000.0,0.282,10298.6,Shandong_off
610,506,967,36.25,121.875,780000000.0,0.292,10668.77,Shandong_off
611,506,968,36.25,122.1875,780000000.0,0.301,11037.47,Shandong_off
612,506,969,36.25,122.5,650000000.0,0.307,9414.99,Shandong_off
613,506,970,36.25,122.8125,42000000.0,0.308,609.21,Shandong_off
614,506,971,36.25,123.125,0.0,0.308,0.0,Shandong_off
615,507,963,36.5,120.625,58000000.0,0.246,670.02,Shandong
616,507,964,36.5,120.9375,500000000.0,0.245,5693.35,Shandong
617,507,965,36.5,121.25,760000000.0,0.259,9279.24,Shandong_off
618,507,966,36.5,121.5625,770000000.0,0.276,10040.87,Shandong_off
619,507,967,36.5,121.875,780000000.0,0.287,10489.01,Shandong_off
620,507,968,36.5,122.1875,780000000.0,0.301,10999.55,Shandong_off
621,507,969,36.5,122.5,780000000.0,0.313,11435.09,Shandong_off
622,507,970,36.5,122.8125,620000000.0,0.317,9295.99,Shandong_off
623,507,971,36.5,123.125,120000000.0,0.314,1695.88,Shandong_off
624,507,972,36.5,123.4375,0.0,0.312,0.0,Shandong_off
625,508,963,36.75,120.625,0.0,0.258,0.0,Shandong
626,508,964,36.75,120.9375,48000000.0,0.261,589.45,Shandong
627,508,965,36.75,121.25,220000000.0,0.266,2685.54,Shandong
628,508,966,36.75,121.5625,530000000.0,0.279,6950.01,Shandong_off
629,508,967,36.75,121.875,750000000.0,0.28,9859.54,Shandong_off
630,508,968,36.75,122.1875,720000000.0,0.307,10395.56,Shandong_off
631,508,969,36.75,122.5,760000000.0,0.327,11714.1,Shandong_off
632,508,970,36.75,122.8125,780000000.0,0.331,12072.15,Shandong_off
633,508,971,36.75,123.125,630000000.0,0.323,9553.07,Shandong_off
634,508,972,36.75,123.4375,16000000.0,0.317,238.64,Shandong_off
635,509,958,37.0,119.0625,0.0,0.289,0.0,Shandong
636,509,959,37.0,119.375,19000000.0,0.3,267.99,Shandong
637,509,960,37.0,119.6875,41000000.0,0.291,561.76,Shandong
638,509,967,37.0,121.875,150000000.0,0.329,2355.04,Shandong
639,509,968,37.0,122.1875,140000000.0,0.345,2253.64,Shandong
640,509,969,37.0,122.5,470000000.0,0.353,7804.73,Shandong
641,509,970,37.0,122.8125,770000000.0,0.349,12647.92,Shandong_off
642,509,971,37.0,123.125,730000000.0,0.333,11506.59,Shandong_off
643,509,972,37.0,123.4375,120000000.0,0.323,1745.01,Shandong_off
644,510,957,37.25,118.75,44000000.0,0.289,598.06,Shandong
645,510,958,37.25,119.0625,510000000.0,0.267,6395.1,Shandong_off
646,510,959,37.25,119.375,770000000.0,0.276,9934.44,Shandong_off
647,510,960,37.25,119.6875,730000000.0,0.291,10004.34,Shandong_off
648,510,961,37.25,120.0,67000000.0,0.302,950.73,Shandong
649,510,969,37.25,122.5,240000000.0,0.377,4169.86,Shandong
650,510,970,37.25,122.8125,770000000.0,0.361,13090.18,Shandong_off
651,510,971,37.25,123.125,570000000.0,0.342,9215.36,Shandong_off
652,510,972,37.25,123.4375,700000000.0,0.329,10835.97,Shandong_off
654,511,957,37.5,118.75,22000000.0,0.295,305.68,Shandong
655,511,958,37.5,119.0625,710000000.0,0.266,8835.37,Shandong_off
656,511,959,37.5,119.375,760000000.0,0.278,9966.99,Shandong_off
657,511,960,37.5,119.6875,630000000.0,0.288,8581.35,Shandong_off
658,511,961,37.5,120.0,630000000.0,0.29,8533.06,Shandong_off
659,511,962,37.5,120.3125,130000000.0,0.299,1825.44,Shandong
660,511,965,37.5,121.25,120000000.0,0.321,1780.88,Shandong
661,511,966,37.5,121.5625,500000000.0,0.343,7995.42,Shandong_off
662,511,967,37.5,121.875,500000000.0,0.35,8229.52,Shandong_off
663,511,968,37.5,122.1875,470000000.0,0.362,7993.82,Shandong_off
664,511,969,37.5,122.5,670000000.0,0.366,11598.01,Shandong_off
665,511,970,37.5,122.8125,750000000.0,0.36,12711.07,Shandong_off
666,511,971,37.5,123.125,720000000.0,0.346,11671.95,Shandong_off
667,511,972,37.5,123.4375,720000000.0,0.334,11235.4,Shandong_off
669,512,957,37.75,118.75,6000000.0,0.308,86.8,Shandong
670,512,958,37.75,119.0625,610000000.0,0.284,8153.09,Shandong_off
670,512,958,37.75,119.0625,610000000.0,0.284,8153.09,Shandong
671,512,959,37.75,119.375,530000000.0,0.29,7247.03,Shandong_off
672,512,960,37.75,119.6875,10000000.0,0.298,140.22,Shandong_off
673,512,961,37.75,120.0,410000000.0,0.3,5739.33,Shandong_off
674,512,962,37.75,120.3125,620000000.0,0.303,8776.46,Shandong_off
675,512,963,37.75,120.625,270000000.0,0.309,3926.14,Shandong
676,512,964,37.75,120.9375,300000000.0,0.315,4507.04,Shandong
677,512,965,37.75,121.25,730000000.0,0.317,10813.75,Shandong_off
678,512,966,37.75,121.5625,760000000.0,0.335,12019.45,Shandong_off
679,512,967,37.75,121.875,760000000.0,0.344,12344.51,Shandong_off
680,512,968,37.75,122.1875,720000000.0,0.349,11750.97,Shandong_off
681,512,969,37.75,122.5,760000000.0,0.354,12713.17,Shandong_off
682,512,970,37.75,122.8125,760000000.0,0.351,12619.39,Shandong_off
683,512,971,37.75,123.125,760000000.0,0.344,12348.13,Shandong_off
684,512,972,37.75,123.4375,510000000.0,0.338,8082.23,Shandong_off
685,513,954,38.0,117.8125,23000000.0,0.317,343.27,Shandong
687,513,956,38.0,118.4375,270000000.0,0.321,4132.34,Shandong
688,513,957,38.0,118.75,200000000.0,0.321,3004.08,Shandong
689,513,958,38.0,119.0625,670000000.0,0.303,9512.48,Shandong_off
690,513,959,38.0,119.375,550000000.0,0.305,7886.69,Shandong_off
691,513,960,38.0,119.6875,0.0,0.307,0.0,Shandong_off
692,513,961,38.0,120.0,0.0,0.309,0.0,Shandong_off
693,513,962,38.0,120.3125,340000000.0,0.309,4915.23,Shandong_off
694,513,963,38.0,120.625,730000000.0,0.31,10610.92,Shandong_off
695,513,964,38.0,120.9375,760000000.0,0.316,11277.93,Shandong_off
696,513,965,38.0,121.25,760000000.0,0.328,11728.68,Shandong_off
697,513,966,38.0,121.5625,750000000.0,0.341,12047.28,Shandong_off
698,513,967,38.0,121.875,170000000.0,0.35,2829.96,Shandong_off
699,513,968,38.0,122.1875,180000000.0,0.35,2961.79,Shandong_off
700,513,969,38.0,122.5,720000000.0,0.35,11893.7,Shandong_off
701,513,970,38.0,122.8125,750000000.0,0.347,12279.9,Shandong_off
702,513,971,38.0,123.125,510000000.0,0.343,8249.95,Shandong_off
705,514,955,38.25,118.125,760000000.0,0.28,9978.13,Shandong_off
706,514,956,38.25,118.4375,760000000.0,0.289,10336.51,Shandong_off
707,514,957,38.25,118.75,750000000.0,0.303,10735.66,Shandong_off
708,514,958,38.25,119.0625,760000000.0,0.307,10946.86,Shandong_off
709,514,959,38.25,119.375,710000000.0,0.315,10445.58,Shandong_off
710,514,960,38.25,119.6875,0.0,0.316,0.0,Shandong_off
711,514,961,38.25,120.0,0.0,0.319,0.0,Shandong_off
712,514,962,38.25,120.3125,3000000.0,0.326,45.97,Shandong_off
713,514,963,38.25,120.625,500000000.0,0.333,7818.56,Shandong_off
714,514,964,38.25,120.9375,720000000.0,0.337,11388.28,Shandong_off
715,514,965,38.25,121.25,760000000.0,0.341,12237.92,Shandong_off
716,514,966,38.25,121.5625,550000000.0,0.345,8846.48,Shandong_off
717,514,967,38.25,121.875,0.0,0.349,0.0,Shandong_off
718,514,968,38.25,122.1875,97000000.0,0.351,1599.2,Shandong_off
719,514,969,38.25,122.5,290000000.0,0.347,4653.03,Shandong_off
720,514,970,38.25,122.8125,25000000.0,0.346,406.54,Shandong_off
721,515,953,38.5,117.5,69000000.0,0.311,1010.13,Hebei
722,515,954,38.5,117.8125,720000000.0,0.278,9343.52,Hubei_off
723,515,955,38.5,118.125,750000000.0,0.285,10013.19,Hubei_off
724,515,956,38.5,118.4375,760000000.0,0.299,10615.51,Shandong_off
725,515,957,38.5,118.75,760000000.0,0.312,11109.45,Shandong_off
726,515,958,38.5,119.0625,710000000.0,0.317,10567.56,Shandong_off
727,515,959,38.5,119.375,370000000.0,0.32,5511.14,Shandong_off
728,515,960,38.5,119.6875,0.0,0.326,0.0,Shandong_off
729,515,961,38.5,120.0,0.0,0.333,0.0,Shandong_off
730,515,962,38.5,120.3125,0.0,0.341,0.0,Liaoning_off
731,515,963,38.5,120.625,66000000.0,0.351,1088.63,Liaoning_off
732,515,964,38.5,120.9375,750000000.0,0.351,12338.45,Liaoning_off
733,515,965,38.5,121.25,760000000.0,0.348,12386.88,Liaoning_off
734,515,966,38.5,121.5625,720000000.0,0.347,11771.51,Liaoning_off
735,515,967,38.5,121.875,290000000.0,0.349,4758.59,Liaoning_off
736,515,968,38.5,122.1875,760000000.0,0.348,12342.18,Liaoning_off
737,515,969,38.5,122.5,600000000.0,0.346,9722.69,Liaoning_off
738,515,970,38.5,122.8125,78000000.0,0.344,1261.92,Liaoning_off
739,516,953,38.75,117.5,190000000.0,0.289,2610.94,Tianjin
740,516,954,38.75,117.8125,760000000.0,0.276,9785.67,Hubei_off
741,516,955,38.75,118.125,610000000.0,0.288,8274.43,Hubei_off
742,516,956,38.75,118.4375,750000000.0,0.307,10897.14,Hubei_off
743,516,957,38.75,118.75,750000000.0,0.318,11269.04,Hubei_off
744,516,958,38.75,119.0625,350000000.0,0.325,5322.69,Hubei_off
745,516,959,38.75,119.375,31000000.0,0.327,477.09,Hubei_off
746,516,960,38.75,119.6875,0.0,0.334,0.0,Hubei_off
747,516,961,38.75,120.0,0.0,0.345,0.0,Hubei_off
748,516,962,38.75,120.3125,0.0,0.355,0.0,Liaoning_off
749,516,963,38.75,120.625,0.0,0.363,0.0,Liaoning_off
750,516,964,38.75,120.9375,470000000.0,0.364,8117.1,Liaoning_off
751,516,965,38.75,121.25,500000000.0,0.361,8447.48,Liaoning_off
752,516,966,38.75,121.5625,680000000.0,0.355,11290.96,Liaoning_off
753,516,967,38.75,121.875,750000000.0,0.347,12286.17,Liaoning_off
754,516,968,38.75,122.1875,750000000.0,0.346,12264.67,Liaoning_off
755,516,969,38.75,122.5,760000000.0,0.345,12261.17,Liaoning_off
756,516,970,38.75,122.8125,600000000.0,0.344,9743.21,Liaoning_off
757,516,971,38.75,123.125,44000000.0,0.344,711.59,Liaoning_off
758,517,953,39.0,117.5,4000000.0,0.309,58.09,Tianjin
759,517,954,39.0,117.8125,600000000.0,0.278,7784.93,Hubei_off
760,517,955,39.0,118.125,730000000.0,0.283,9670.87,Hubei_off
761,517,956,39.0,118.4375,650000000.0,0.302,9250.81,Hubei_off
762,517,957,39.0,118.75,750000000.0,0.312,11030.6,Hubei_off
763,517,958,39.0,119.0625,470000000.0,0.324,7168.21,Hubei_off
764,517,959,39.0,119.375,14000000.0,0.333,219.1,Hubei_off
765,517,960,39.0,119.6875,0.0,0.339,0.0,Hubei_off
766,517,961,39.0,120.0,0.0,0.353,0.0,Hubei_off
767,517,962,39.0,120.3125,0.0,0.364,0.0,Liaoning_off
768,517,963,39.0,120.625,0.0,0.373,0.0,Liaoning_off
769,517,964,39.0,120.9375,300000000.0,0.384,5365.3,Liaoning_off
770,517,965,39.0,121.25,450000000.0,0.383,8131.24,Liaoning_off
771,517,966,39.0,121.5625,280000000.0,0.373,4878.02,Liaoning
772,517,967,39.0,121.875,460000000.0,0.349,7589.68,Liaoning_off
773,517,968,39.0,122.1875,740000000.0,0.338,11810.57,Liaoning_off
774,517,969,39.0,122.5,750000000.0,0.342,12110.88,Liaoning_off
775,517,970,39.0,122.8125,730000000.0,0.35,11994.96,Liaoning_off
776,517,971,39.0,123.125,660000000.0,0.346,10793.24,Liaoning_off
777,517,972,39.0,123.4375,460000000.0,0.342,7327.86,Liaoning_off
778,517,973,39.0,123.75,80000000.0,0.342,1286.08,Liaoning_off
779,517,974,39.0,124.0625,96000000.0,0.35,1581.25,Liaoning_off
780,517,975,39.0,124.375,13000000.0,0.352,215.39,Liaoning_off
781,518,954,39.25,117.8125,120000000.0,0.297,1704.66,Tianjin
782,518,955,39.25,118.125,200000000.0,0.289,2692.4,Hebei
783,518,956,39.25,118.4375,34000000.0,0.319,510.18,Hebei
784,518,957,39.25,118.75,140000000.0,0.329,2226.02,Hebei
785,518,958,39.25,119.0625,350000000.0,0.32,5197.65,Hubei_off
785,518,958,39.25,119.0625,350000000.0,0.32,5197.65,Hebei
786,518,959,39.25,119.375,380000000.0,0.329,5796.04,Hubei_off
787,518,960,39.25,119.6875,0.0,0.344,0.0,Hubei_off
788,518,961,39.25,120.0,0.0,0.356,0.0,Hubei_off
789,518,962,39.25,120.3125,0.0,0.368,0.0,Hubei_off
790,518,963,39.25,120.625,0.0,0.379,0.0,Liaoning_off
791,518,964,39.25,120.9375,63000000.0,0.388,1149.34,Liaoning_off
792,518,965,39.25,121.25,730000000.0,0.388,13331.36,Liaoning_off
793,518,966,39.25,121.5625,580000000.0,0.371,10061.36,Liaoning_off
794,518,967,39.25,121.875,19000000.0,0.357,318.63,Liaoning
796,518,969,39.25,122.5,680000000.0,0.321,10249.79,Liaoning_off
797,518,970,39.25,122.8125,720000000.0,0.337,11476.05,Liaoning_off
798,518,971,39.25,123.125,740000000.0,0.33,11447.26,Liaoning_off
799,518,972,39.25,123.4375,700000000.0,0.329,10807.43,Liaoning_off
800,518,973,39.25,123.75,380000000.0,0.334,5964.98,Liaoning_off
801,518,974,39.25,124.0625,740000000.0,0.342,11862.45,Liaoning_off
802,518,975,39.25,124.375,690000000.0,0.337,10851.67,Liaoning_off
805,519,958,39.5,119.0625,4000000.0,0.312,58.68,Hebei
806,519,959,39.5,119.375,600000000.0,0.319,9002.75,Hubei_off
807,519,960,39.5,119.6875,210000000.0,0.346,3477.88,Hubei_off
808,519,961,39.5,120.0,0.0,0.358,0.0,Hubei_off
809,519,962,39.5,120.3125,0.0,0.371,0.0,Liaoning_off
810,519,963,39.5,120.625,0.0,0.382,0.0,Liaoning_off
811,519,964,39.5,120.9375,21000000.0,0.393,387.91,Liaoning_off
812,519,965,39.5,121.25,440000000.0,0.408,8395.24,Liaoning_off
813,519,966,39.5,121.5625,89000000.0,0.383,1605.02,Liaoning
814,519,967,39.5,121.875,37000000.0,0.317,552.45,Liaoning
815,519,968,39.5,122.1875,3000000.0,0.274,38.68,Liaoning
816,519,969,39.5,122.5,210000000.0,0.275,2739.12,Liaoning
817,519,970,39.5,122.8125,490000000.0,0.265,6117.35,Liaoning_off
818,519,971,39.5,123.125,680000000.0,0.283,9113.67,Liaoning_off
819,519,972,39.5,123.4375,750000000.0,0.303,10627.66,Liaoning_off
820,519,973,39.5,123.75,750000000.0,0.306,10752.77,Liaoning_off
821,519,974,39.5,124.0625,750000000.0,0.311,10926.89,Liaoning_off
822,519,975,39.5,124.375,680000000.0,0.299,9605.07,Liaoning_off
826,520,960,39.75,119.6875,380000000.0,0.328,5825.66,Hubei_off
827,520,961,39.75,120.0,180000000.0,0.354,3066.84,Hubei_off
828,520,962,39.75,120.3125,27000000.0,0.374,475.26,Liaoning_off
829,520,963,39.75,120.625,0.0,0.387,0.0,Liaoning_off
830,520,964,39.75,120.9375,0.0,0.398,0.0,Liaoning_off
831,520,965,39.75,121.25,250000000.0,0.414,4901.79,Liaoning_off
832,520,966,39.75,121.5625,230000000.0,0.403,4306.47,Liaoning
833,520,970,39.75,122.8125,2000000.0,0.243,22.83,Liaoning
834,520,971,39.75,123.125,180000000.0,0.254,2176.49,Liaoning
835,520,972,39.75,123.4375,450000000.0,0.285,6056.41,Liaoning
836,520,973,39.75,123.75,600000000.0,0.267,7554.43,Liaoning_off
837,520,974,39.75,124.0625,610000000.0,0.263,7582.75,Liaoning_off
838,520,975,39.75,124.375,660000000.0,0.269,8274.7,Liaoning_off
841,521,959,40.0,119.375,0.0,0.2,0.0,Hebei
842,521,960,40.0,119.6875,120000000.0,0.278,1541.68,Hebei
843,521,961,40.0,120.0,480000000.0,0.317,7207.23,Liaoning_off
844,521,962,40.0,120.3125,610000000.0,0.363,10341.7,Liaoning_off
845,521,963,40.0,120.625,82000000.0,0.392,1510.29,Liaoning_off
846,521,964,40.0,120.9375,0.0,0.41,0.0,Liaoning_off
847,521,965,40.0,121.25,11000000.0,0.418,216.13,Liaoning_off
848,521,966,40.0,121.5625,650000000.0,0.416,12733.08,Liaoning_off
849,521,967,40.0,121.875,300000000.0,0.379,5353.31,Liaoning_off
850,521,974,40.0,124.0625,0.0,0.25,0.0,Liaoning
851,521,975,40.0,124.375,86000000.0,0.261,1053.73,Liaoning_off
852,522,962,40.25,120.3125,130000000.0,0.342,2042.43,Liaoning
853,522,963,40.25,120.625,450000000.0,0.386,8215.8,Liaoning_off
854,522,964,40.25,120.9375,140000000.0,0.412,2637.82,Liaoning_off
855,522,965,40.25,121.25,0.0,0.42,0.0,Liaoning_off
856,522,966,40.25,121.5625,160000000.0,0.414,3154.52,Liaoning_off
857,522,967,40.25,121.875,470000000.0,0.389,8524.08,Liaoning_off
858,522,968,40.25,122.1875,28000000.0,0.38,500.48,Liaoning
859,522,975,40.25,124.375,4000000.0,0.234,44.05,Liaoning
861,523,963,40.5,120.625,260000000.0,0.325,3994.25,Liaoning
862,523,964,40.5,120.9375,650000000.0,0.394,11979.71,Liaoning_off
863,523,965,40.5,121.25,270000000.0,0.409,5263.94,Liaoning_off
864,523,966,40.5,121.5625,10000000.0,0.405,190.29,Liaoning_off
865,523,967,40.5,121.875,57000000.0,0.388,1040.3,Liaoning_off
866,523,968,40.5,122.1875,100000000.0,0.37,1811.33,Liaoning_off
867,523,976,40.5,124.6875,7000000.0,0.222,73.18,Liaoning
869,524,964,40.75,120.9375,290000000.0,0.331,4512.22,Liaoning_off
870,524,965,40.75,121.25,720000000.0,0.384,12989.94,Liaoning_off
871,524,966,40.75,121.5625,620000000.0,0.397,11489.51,Liaoning_off
872,524,967,40.75,121.875,540000000.0,0.389,9796.97,Liaoning_off
873,524,968,40.75,122.1875,100000000.0,0.398,1929.88,Liaoning
874,525,965,41.0,121.25,140000000.0,0.404,2567.62,Liaoning
875,525,966,41.0,121.5625,98000000.0,0.424,1953.81,Liaoning
876,525,967,41.0,121.875,240000000.0,0.424,4728.43,Liaoning
