lat,lon
39.92855,116.41637
39.91231,116.36611
39.80956,116.47433
39.85856,116.28616
39.90569,116.22299
39.95933,116.29845
39.94048,116.10146
39.74788,116.14294
39.90998,116.65714
40.13012,116.65477
40.22077,116.23128
39.72684,116.34159
40.316,116.63177
40.14062,117.12141
40.37625,116.84317
40.45678,115.97503
39.11712,117.2147
39.12827,117.25228
39.10954,117.22336
39.13815,117.15011
39.14784,117.19674
39.16734,117.15161
39.08652,117.31428
39.14111,117.00739
38.9375,117.3571
39.22393,117.13544
39.38326,117.04412
39.71755,117.30983
39.0032,117.71071
39.33076,117.82474
38.94737,116.97428
40.04577,117.40829
38.04276,114.5143
39.63048,118.18058
39.93545,119.59964
36.62556,114.53918
37.07055,114.50443
38.87396,115.46459
40.82444,114.88755
40.9515,117.9634
38.30441,116.83869
39.02177,116.75638
37.73886,115.67054
37.87059,112.55067
40.07637,113.30001
37.85668,113.58047
36.19581,113.11649
35.49039,112.85113
39.33159,112.43181
37.68702,112.75278
35.02628,111.00699
38.4167,112.73418
36.08822,111.51962
37.51934,111.14165
40.84149,111.75199
40.65781,109.84021
39.65384,106.79546
42.2586,118.88894
43.65247,122.24469
39.60845,109.78087
49.21163,119.76584
40.74317,107.38773
40.99391,113.13376
46.08208,122.03818
43.9332,116.04775
38.85153,105.72898
41.80563,123.43236
41.10777,122.9946
41.87971,123.95722
41.29413,123.76686
39.9998,124.35601
41.09515,121.12703
40.66683,122.2349
42.02166,121.67011
41.26809,123.23736
41.11996,122.07078
42.2862,123.84241
41.57347,120.4508
40.711,120.83699
43.83784,126.54944
43.16646,124.35036
42.88805,125.14368
41.72829,125.9399
41.9408,126.42443
45.1411,124.82515
45.6196,122.83871
42.89119,129.5091
45.80216,126.5358
47.35431,123.91796
45.29524,130.96954
47.34989,130.29785
46.64658,131.1591
46.58758,125.10307
47.72752,128.84049
46.80019,130.3206
45.77065,131.00306
44.55269,129.63244
50.24523,127.52852
46.65246,126.96932
51.92398,124.59216
31.23162,121.48461
31.18826,121.43687
31.22024,121.42394
31.22352,121.45591
31.2494,121.397
31.24718,121.4595
31.26451,121.50515
31.25956,121.52609
31.11325,121.38206
31.40527,121.48941
31.37482,121.26621
31.22114,121.54409
30.74185,121.34242
31.03241,121.22654
31.14979,121.12426
30.91803,121.4741
31.6229,121.3973
31.84178,118.50467
31.49099,120.31237
34.2044,117.28577
31.81072,119.97365
31.29834,120.58319
31.97958,120.89371
34.59669,119.22295
33.61016,119.01595
33.34951,120.16164
32.39358,119.41269
32.18959,119.425
32.45546,119.92554
33.96193,118.27549
29.87386,121.55027
27.99492,120.69939
30.74501,120.7555
30.89305,120.08805
30.03033,120.5802
29.07812,119.64759
28.93592,118.87419
29.98539,122.20778
28.65611,121.42056
28.4672,119.92293
31.82057,117.22901
31.35246,118.43313
32.91548,117.38932
32.62549,116.9998
31.67067,118.50611
33.67078,116.92622
30.90887,117.7422
30.54294,117.06354
29.71517,118.33866
32.30181,118.31683
32.88963,115.81495
33.64614,116.96391
31.73488,116.52324
33.84461,115.77931
30.66469,117.49142
30.94078,118.75866
26.07421,119.29647
24.47951,118.08948
25.454,119.00771
26.26385,117.63922
24.87389,118.67587
24.51347,117.64725
26.64152,118.17783
25.07504,117.01722
26.66571,119.54819
28.68202,115.85794
29.26869,117.17839
27.62289,113.85427
29.70548,116.00146
27.81776,114.91713
28.26019,117.06919
25.83109,114.93476
27.11382,114.99376
27.81443,114.41612
27.94781,116.35809
28.45463,117.94357
36.66529,116.99493
36.06623,120.38299
36.8131,118.0548
34.81071,117.32196
37.43365,118.67466
37.46353,121.44801
36.70686,119.16176
35.41459,116.58724
36.19994,117.0884
37.51348,122.12171
35.41646,119.52719
36.21359,117.67667
35.10465,118.35646
37.4355,116.35927
36.45702,115.98549
37.38211,117.97279
35.23363,115.48115
34.74725,113.62493
34.79726,114.30731
34.61812,112.45361
33.76609,113.19241
36.09771,114.3931
35.747,114.29745
35.30323,113.92675
35.21563,113.24201
35.89516,115.49869
34.0357,113.85233
33.58149,114.01681
34.77261,111.2003
32.99073,112.52851
34.41427,115.65635
32.14714,114.09279
33.62583,114.69695
33.01142,114.02299
35.06707,112.60273
30.19953,115.0389
32.61577,110.18734
30.69186,111.28642
32.009,112.12255
30.39085,114.89495
31.03546,112.19945
30.92483,113.91645
30.33479,112.24069
30.45347,114.87238
29.84126,114.32245
31.69013,113.38262
30.27217,109.48817
30.36251,113.4545
30.40147,112.8993
30.66339,113.16614
31.74457,110.67556
28.22778,112.93886
27.82767,113.13396
27.82975,112.94411
26.89324,112.57195
27.2389,111.4677
29.35728,113.12919
29.03158,111.69854
29.11667,110.47839
28.55391,112.35516
25.77063,113.01485
26.42034,111.61225
27.56974,110.0016
27.69728,111.99458
28.31173,109.73893
24.81039,113.59723
22.27073,113.57668
23.3535,116.68221
23.02185,113.12192
22.57865,113.08161
21.27134,110.35894
21.66329,110.92523
23.0469,112.46528
23.11075,114.41679
24.28844,116.12264
22.78566,115.37514
23.74365,114.70065
21.85829,111.98256
23.68201,113.05615
23.02069,113.75181
22.51595,113.3926
23.6567,116.62296
23.54972,116.37271
22.91525,112.04453
22.81673,108.3669
24.32543,109.41552
25.27361,110.29002
23.47703,111.27913
21.48112,109.12008
21.68713,108.35472
21.9797,108.65431
23.11306,109.59764
22.65451,110.18098
23.90216,106.61838
24.40346,111.56655
24.69291,108.0854
23.7521,109.22238
22.37895,107.36485
20.04422,110.19989
18.25248,109.51209
15.04614,117.79565
18.77515,109.51696
19.25838,110.47464
19.52093,109.58069
19.54329,110.79774
18.79532,110.38975
19.09614,108.65367
19.68121,110.3593
19.35182,110.10347
19.73849,110.00487
19.91243,109.69077
19.22492,109.45152
19.29828,109.05559
18.74986,109.17361
18.50596,110.0372
18.63905,109.70259
19.03334,109.83839
30.8079,108.40873
29.70315,107.38982
29.55314,106.5686
29.48408,106.48225
29.60661,106.57439
29.54098,106.45773
29.50207,106.5114
29.52168,106.56256
29.80583,106.39628
28.96463,106.92852
29.48604,105.78017
29.71798,106.63043
29.40268,106.54041
29.53328,108.77101
29.85781,107.08105
29.29014,106.25936
29.97288,106.27679
29.356,105.92709
29.15788,107.09896
30.19054,105.83952
29.84475,106.05638
29.40485,105.59444
29.59202,106.22742
30.67373,107.80235
31.94767,108.66433
29.86352,107.73085
30.3268,107.33515
29.32543,107.75993
30.30026,108.03767
31.16098,108.39311
30.93063,108.69698
31.01846,109.46406
31.07462,109.8788
31.3986,109.57016
29.99968,108.11415
28.44832,109.00714
28.84126,108.76778
29.29376,108.16555
29.3392,104.77844
26.58228,101.71872
28.8717,105.44257
31.12679,104.3979
31.46751,104.6796
32.43549,105.84357
30.53286,105.59273
29.58015,105.05844
29.55221,103.76539
30.83731,106.11073
30.07563,103.84851
28.7513,104.6417
30.45596,106.63322
31.20864,107.46791
30.01543,103.0398
31.86715,106.74733
30.12859,104.62798
31.8994,102.22477
30.04932,101.96254
27.88164,102.26746
26.64702,106.63024
26.68469,104.74668
28.17544,107.81609
26.25367,105.9462
27.29847,105.30504
27.69066,109.18099
25.08988,104.90437
27.14544,107.94483
26.25427,107.52226
24.87966,102.83322
25.49002,103.79625
24.35193,102.5466
25.11205,99.16181
27.33817,103.7168
26.85648,100.2271
22.82521,100.96624
23.88426,100.08884
25.04495,101.52767
23.36422,103.3756
23.39849,104.21504
22.00749,100.79739
25.60648,100.26764
24.43232,98.58486
25.81763,98.8567
27.81908,99.70305
29.64415,91.1145
31.14073,97.17225
29.23705,91.77313
29.26706,88.88116
31.47614,92.05136
30.40051,81.1454
29.64895,94.36155
34.89673,108.94515
34.36194,107.23732
34.32932,108.70929
34.49997,109.51015
36.58529,109.48978
33.06761,107.02377
38.2852,109.73458
32.68486,109.02932
33.87036,109.94041
39.77201,98.29011
38.52006,102.18759
36.5447,104.13773
34.58085,105.72486
37.9282,102.63797
38.92592,100.44981
35.54303,106.6653
39.73255,98.49394
35.70978,107.64292
35.58113,104.62524
33.401,104.92166
35.60122,103.21091
34.98327,102.91102
36.61729,101.77782
36.48209,102.40173
36.95454,100.90096
35.51991,102.01507
36.28643,100.62021
34.47141,100.24475
33.00528,97.0065
33.66033,90
38.48644,106.23248
38.9841,106.38418
37.99755,106.19879
35.58333,105.77999
37.50026,105.19676
44.67762,84.76297
42.9513,89.18954
42.81874,93.51626
43.1014,86.6474
44.90597,82.06665
41.76404,86.14517
41.16842,80.26008
39.7153,76.16661
39.47042,75.98976
37.11431,79.92247
42.37645,81.84976
46.74532,82.98046
47.84564,88.14023
44.30653,86.07893
40.54798,81.28067
39.86495,79.06902
44.16799,87.54017
22.281931,114.154334
22.276345,114.18299
22.279779,114.225965
22.245811,114.160023
22.311632,114.173347
22.333775,114.163349
22.312373,114.193047
22.336112,114.203985
22.320679,114.214083
22.368458,114.121234
22.393896,113.976308
22.44132,114.032528
22.496143,114.147404
22.44573,114.171713
22.314203,114.264813
22.379715,114.195126
22.363908,114.13918
22.286371,113.946059
22.207882,113.552965
22.199175,113.549052
22.193791,113.550252
22.188119,113.55374
22.187778,113.54167
22.154124,113.558783
22.136546,113.56925
22.124049,113.559954
38.03647,114.53952
38.04747,114.50485
38.00407,114.46104
38.0509,114.46312
38.06499,114.0623
38.0061,114.53122
38.03225,114.14532
38.14618,114.57096
37.90025,114.64839
38.43848,114.55294
38.30864,114.38265
37.61493,114.61148
38.18417,115.20094
37.66579,114.38592
38.17915,114.97638
38.25998,114.18605
37.76646,114.52547
37.75631,114.77616
37.94316,115.21792
38.02166,114.84676
38.03356,115.0441
38.34338,114.68384
38.08587,114.31344
39.62527,118.15474
39.62429,118.20127
39.71612,118.45885
39.67132,118.26174
39.57487,118.08505
39.83269,118.16206
38.93081,118.58495
39.74058,118.70351
39.16667,118.06803
39.42564,118.91252
40.14153,118.3146
39.9005,117.73881
40.18924,117.96567
39.99836,118.70073
39.9345,119.61063
39.97892,119.77606
39.83507,119.48458
40.40692,118.95012
39.71284,119.16288
39.87634,119.24444
39.8918,118.89294
36.549,114.48605
36.61853,114.49339
36.61693,114.47309
36.41968,114.21302
36.5939,114.53111
36.33464,114.61955
36.44414,114.66999
36.28558,115.14788
36.58495,113.69142
36.37396,114.37392
36.54811,114.80002
36.77771,114.49095
36.81987,115.17641
36.92031,114.8782
36.48345,114.9485
36.53529,115.30629
36.35991,114.93882
36.77918,114.94485
36.69671,114.20376
37.06787,114.50713
37.05983,114.46816
37.08627,114.54489
37.4443,114.49898
37.28678,114.51207
37.48244,114.69363
37.35025,114.77031
37.12092,114.67132
37.0049,114.68376
37.6198,114.91932
37.22107,115.03781
37.52867,115.24214
37.07463,115.14261
37.06319,115.03007
36.97542,115.26669
37.03993,115.66718
36.87082,115.50104
37.35795,115.40866
36.85516,114.50332
38.87758,115.45838
38.88256,115.49705
38.8546,115.52866
38.94892,115.32217
38.76526,115.48989
39.39428,115.71378
38.84915,114.19531
39.01865,115.65586
39.26315,115.8079
38.7479,114.98295
38.70007,115.77884
39.04285,115.86164
39.36018,114.69424
38.709,115.15564
38.93535,115.93564
39.34926,115.49846
38.62231,114.74501
38.48806,115.5836
38.83759,115.13543
38.45766,115.46439
38.99446,116.10879
39.48529,115.97439
38.51626,114.99025
38.41845,115.32664
39.32658,115.87373
40.78847,114.89436
40.81956,114.86937
40.56434,115.49626
40.5024,115.28751
40.57931,115.00142
41.15862,114.71987
41.85228,114.60035
41.66964,115.68865
41.07599,113.96919
39.84072,114.58897
40.10366,114.15057
40.6743,114.38564
40.76699,114.74055
40.41538,115.51778
40.38003,115.21962
40.91295,115.83166
40.97457,115.28264
40.97469,117.94348
40.95913,117.80024
40.47523,117.64999
40.76853,118.17382
40.41727,117.50076
41.0184,118.70202
40.94145,117.33286
41.31381,117.73897
41.20894,116.64591
40.61139,118.48535
41.93846,117.76016
38.31419,116.86622
38.31077,116.83191
38.32474,116.60718
38.58348,116.80318
37.88828,116.5371
38.14325,117.49785
38.0583,117.23025
38.42277,115.82997
38.0378,116.70774
37.6277,116.39154
38.19018,116.12279
38.05341,117.10418
38.08364,116.57828
38.71164,116.09954
38.37139,117.33012
38.44548,116.099
39.50311,116.68572
39.5228,116.71051
39.43825,116.29852
39.32178,116.49904
39.76142,117.00645
38.70469,116.65423
38.87328,116.45848
39.88665,116.98951
39.12709,116.39134
39.98246,117.07822
37.73516,115.67466
37.51337,115.72418
37.80186,115.88751
38.0412,115.98253
38.2353,115.7256
38.23447,115.51912
37.34748,115.96581
37.69234,116.2706
37.86885,116.14437
37.55085,115.57938
38.00022,115.56001
37.73605,112.56566
37.8632,112.56346
37.89403,112.57053
37.94036,112.48699
37.85929,112.51562
37.71525,112.4777
37.60736,112.35885
38.05828,112.67292
38.0672,111.79745
37.90714,112.17588
40.07567,113.29853
40.00543,113.14952
40.25585,113.14013
40.36627,113.75412
40.42031,114.0907
39.7602,114.28257
39.44243,114.2342
39.69873,113.6908
40.01349,112.70273
40.04016,113.61217
37.84739,113.60075
37.86851,113.5553
37.94135,113.58515
37.78685,113.65804
38.0858,113.41238
36.20346,113.12303
36.22434,113.11185
36.05312,113.05135
36.53581,113.05306
36.31553,112.89221
36.20006,113.43606
36.50227,113.38722
36.11567,113.20733
36.12222,112.87795
36.8378,112.86387
36.75608,112.69907
36.5001,112.33762
36.33418,113.22893
35.50154,112.85352
35.69015,112.1866
35.48618,112.41491
35.77512,113.28061
35.50043,112.94366
35.79807,112.92358
39.31918,112.43314
39.51238,112.28832
39.52625,112.81572
39.55401,113.19095
39.98913,112.46705
39.82788,113.10012
37.69978,112.70746
37.07084,112.97522
37.08243,113.37926
37.32905,113.56972
37.61282,113.70718
37.89498,113.17666
37.42119,112.55126
37.35775,112.33507
37.18934,112.17557
36.84788,111.77879
37.0271,111.91672
35.01505,110.99817
35.14471,110.77408
35.41534,110.83781
35.35663,111.22472
35.60401,110.98311
35.61622,111.2247
35.49146,111.56878
35.29762,111.67025
35.14136,111.22031
34.83467,111.19474
34.69365,110.69442
34.86716,110.44773
35.59643,110.71186
38.40429,112.74619
38.47348,112.95722
38.72812,113.2554
39.06689,112.95996
39.18904,113.26547
39.00147,112.3045
38.35924,111.93875
39.09059,112.21077
38.91071,111.84701
38.70427,111.57296
39.38456,111.13837
39.02265,111.08625
39.43613,111.50869
38.73051,112.71092
36.08329,111.57776
35.64105,111.4757
35.73823,111.71836
35.87618,111.44189
36.25374,111.67496
36.26661,111.9205
36.14781,112.25013
35.96802,111.84952
36.09789,110.68162
35.97053,110.84721
36.46511,110.75285
36.69344,110.94049
36.75952,110.63198
36.41179,111.09648
36.65295,111.56365
35.61908,111.37213
36.56879,111.75505
37.51761,111.15081
37.43843,112.0285
37.55165,112.15478
38.46242,111.1276
37.95106,110.99208
37.42902,110.88937
36.99857,110.83469
38.27939,111.67195
37.8947,111.24396
37.3572,111.17953
36.98217,111.18107
37.14534,111.77903
37.26542,111.78777
40.85844,111.66345
40.80772,111.62299
40.75319,111.67543
40.79195,111.70171
40.72957,111.16358
40.27744,111.19421
40.37859,111.82083
39.90892,111.68639
41.0965,111.45118
40.57643,110.04317
40.64178,109.83859
40.64559,109.90241
40.67204,110.27227
41.76943,109.97372
40.61009,109.96718
40.56883,110.52421
41.03412,110.0607
41.69854,110.43261
39.69184,106.8226
39.44096,106.89157
39.5058,106.72609
42.26581,118.95927
42.03888,119.28862
42.02856,118.91238
43.87244,120.06556
43.97094,119.37961
43.53391,118.66466
43.61702,118.0558
43.26624,117.54421
42.93483,119.00669
41.92718,118.70273
41.59426,119.34308
42.29073,119.92168
43.62244,122.25615
44.12659,123.31216
42.93511,122.35674
43.60005,121.3189
42.73504,121.81073
42.86729,120.65779
44.55631,120.91159
45.53141,119.66359
39.82127,109.96144
40.40016,110.03293
39.86426,111.23987
38.18239,107.47743
39.08989,107.9776
39.83352,108.73497
38.60388,108.81769
39.56442,109.74811
49.21336,119.73572
48.12582,123.45944
48.47711,124.51936
50.59158,123.72577
49.14678,119.75542
49.32837,119.42429
48.21819,118.26995
48.67191,116.82355
49.59655,117.37836
49.28563,120.71174
48.01365,122.73761
50.24315,120.17962
50.78046,121.5204
40.76645,107.38683
41.08879,108.2673
40.33056,107.00864
40.73662,108.65224
41.56746,108.52647
41.08414,107.07481
40.88594,107.15114
40.9906,113.12401
40.89417,112.57785
41.90479,114.01089
41.5621,113.57718
40.8719,113.83396
40.53165,112.50387
40.78585,113.21095
41.27747,112.63544
41.43589,113.19222
41.53316,111.70658
40.43574,113.11056
46.07282,122.09316
47.1771,119.94381
46.07955,121.95275
45.06056,121.47694
46.72279,122.8998
45.38282,121.59408
43.64305,111.95238
43.93339,116.08608
44.02272,114.95034
43.85921,113.66737
42.74694,112.65746
45.5096,116.97215
44.58716,117.60899
41.87732,115.28305
42.23232,113.84751
42.28722,115.03077
42.24162,115.99239
42.20303,116.48571
38.83343,105.66626
39.21536,101.66711
41.95449,101.05552
41.78985,123.42102
41.79607,123.45852
41.86281,123.48682
41.82053,123.42512
41.80267,123.37722
41.66472,123.34432
41.87624,123.47634
42.05368,123.527
41.79407,123.30813
41.5118,122.73161
42.7499,123.35349
42.50403,123.40838
41.99767,122.828
38.91864,121.64511
38.91478,121.61234
38.90463,121.59451
38.95223,121.5255
38.85129,121.26208
39.05015,121.78259
39.27276,122.58861
39.62644,121.97995
39.39443,121.96323
39.68037,122.96611
41.08994,122.9912
41.11956,122.96939
41.15013,123.02952
41.07488,122.96089
41.41269,122.43591
40.28998,123.28171
40.88145,122.68463
41.85928,123.87415
41.85301,124.03923
41.85329,123.78439
41.88307,123.94513
41.78616,124.19596
41.73371,125.03979
42.10038,124.92411
41.22132,123.68338
41.32919,123.76769
41.30877,123.81695
41.10031,123.74509
41.3027,124.12193
41.26706,125.36096
40.13673,124.39582
40.10495,124.36041
40.15823,124.4282
40.73131,124.78366
39.86172,124.15209
40.45279,124.06605
41.11728,121.12834
41.11512,121.15126
40.72948,121.10126
41.69391,122.12066
41.53311,121.23915
41.17371,121.35771
41.59465,121.79854
40.67256,122.25896
40.66629,122.20668
40.22675,122.12169
40.68006,122.38012
40.40053,122.3488
40.64448,122.50917
42.01332,121.65617
42.08742,121.79232
42.01072,121.67865
41.78306,121.41614
42.02539,121.68008
42.06514,121.75791
42.38649,122.53889
41.27031,123.17424
41.26276,123.18527
41.21725,123.19637
41.15166,123.42012
41.25355,123.18123
41.08235,122.82444
41.42616,123.3393
41.19049,122.06017
41.13876,122.10558
41.00247,122.08245
41.24265,121.9963
42.2862,123.84241
42.54682,124.15916
42.22284,123.72783
42.73835,124.72734
42.78613,124.11092
42.46755,123.5669
42.54645,124.0382
41.5657,120.45372
41.59973,120.41555
41.36782,120.29592
41.4032,119.64396
41.12738,119.74048
41.8008,120.77091
41.24548,119.40134
40.77526,120.86908
40.73545,120.89393
41.10714,120.74985
40.32565,120.34431
40.82408,119.83715
40.61019,120.75619
43.86414,125.35043
43.94288,125.32615
43.83327,125.28845
43.86497,125.37427
43.88041,125.25606
43.52503,125.66464
44.43195,125.18512
44.15174,125.83949
44.83989,126.533
44.53709,125.70558
43.88187,126.57436
43.9106,126.56223
43.83395,126.54113
43.82142,126.56206
43.67253,126.49754
43.72393,127.34477
42.97208,126.74627
44.40586,126.96532
42.94662,126.06046
43.14635,124.34515
43.16208,124.40946
43.30717,124.33564
43.34494,125.30536
43.50468,124.8228
43.51845,123.50296
42.9015,125.13682
42.92689,125.14922
42.67704,125.53056
42.92636,124.99162
41.7285,125.95513
41.7742,126.04262
41.3309,126.20889
42.68499,126.04687
42.2847,125.74478
42.53873,125.7121
41.12622,126.19269
41.94507,126.417
42.05665,126.59088
42.34202,127.28036
42.38872,126.81329
41.41997,128.2005
41.81193,126.91798
45.17179,124.81696
45.1173,124.82357
44.27591,123.9673
45.00457,124.02797
44.99014,126.04972
45.6216,122.85111
45.84825,123.19987
44.81296,123.08831
45.33559,122.78635
45.50711,124.29252
42.89107,129.5091
42.96805,129.8439
43.37271,128.23205
42.86249,130.36577
42.76587,129.42641
42.54641,129.01079
43.31281,129.77125
43.11166,128.8992
45.75567,126.61686
45.76021,126.66837
45.79201,126.64932
45.59799,126.63768
45.80825,126.56279
45.70847,126.66287
45.88899,126.58796
45.54774,126.95717
46.32489,129.56859
45.85253,128.82707
45.75864,127.48586
46.08536,127.4035
45.95038,128.04392
45.9901,128.74607
45.4519,128.33162
45.38355,126.31227
45.21102,127.96027
44.93191,127.16746
47.31742,123.95763
47.35434,123.95546
47.34076,123.97807
47.15517,123.82234
47.2089,123.62937
47.51698,122.88777
47.3095,123.75281
47.33737,123.20483
47.89349,125.30621
46.39389,123.41738
47.92037,123.50624
47.77533,124.47387
48.03694,125.87561
48.04167,126.24871
47.59569,126.10005
48.48419,124.88397
45.30412,130.98084
45.21072,130.90499
45.34872,130.84367
45.09203,130.69708
45.33693,131.01136
45.21213,130.47817
45.26002,131.12408
45.76267,132.93695
45.52975,131.84631
47.34254,130.2943
47.31872,130.27482
47.31506,130.28714
47.25286,130.23924
47.33872,130.31755
47.3846,130.33302
47.57752,130.8286
47.28906,131.85224
46.64618,131.1584
46.54464,131.15214
46.59426,131.33446
46.57727,131.40178
46.72844,131.14115
46.76743,131.80795
46.32695,132.19708
46.7982,134.01324
46.60302,125.05422
46.56182,125.13415
46.65225,124.87083
46.39818,124.89082
46.03904,124.81056
45.69886,125.26859
45.5183,125.07795
47.18298,124.8713
46.86231,124.44278
47.72798,128.90743
47.13799,129.28365
47.8538,128.84071
47.48081,129.31286
47.72582,128.669
48.29045,129.53362
47.63508,129.12925
47.41303,129.42899
48.10802,129.24536
47.72669,128.80019
48.45469,129.57097
47.02834,129.02057
48.59057,129.43773
48.23941,129.39081
47.97469,129.02439
48.88942,130.40308
46.98664,128.03243
46.80019,130.3206
46.23925,130.55366
47.023,130.71898
46.73068,129.90495
48.36485,134.30795
47.64213,132.51101
47.25022,132.03728
45.81597,130.9321
45.76554,131.02
45.78487,131.06693
45.75506,130.59144
44.58122,129.62672
44.5963,129.63559
44.59608,129.59176
44.5775,129.6161
44.08694,131.12463
45.27782,130.28315
44.4132,131.15012
44.59378,129.38064
44.34018,129.4828
44.91883,130.52468
50.2521,127.50048
49.18572,125.22094
49.56391,128.47888
49.42543,127.33605
48.24146,126.49108
48.51649,126.20451
46.6373,126.98566
46.83281,126.48602
46.25241,126.28788
46.68966,126.11387
46.8802,127.50758
47.17332,125.906
47.23609,127.11478
46.41773,125.34379
46.05121,125.9625
47.4621,126.97338
51.72606,126.65291
52.33432,124.71003
52.97209,122.53864
32.04835,118.79809
32.03899,118.7945
32.00335,118.73145
32.06639,118.77013
32.059,118.62841
32.09636,118.90907
31.99226,118.7787
31.95266,118.84002
32.32222,118.82155
31.38103,118.96995
31.32751,118.8921
31.56597,120.30297
31.56347,120.30897
31.60583,120.29374
31.58849,120.35761
31.68096,120.29834
31.52853,120.28429
31.92005,120.2854
31.34042,119.82346
34.28823,117.18554
34.249,117.22942
34.44308,117.45353
34.24422,117.19383
34.18044,117.16898
34.69396,116.59532
34.72166,116.9375
33.91274,117.94108
34.36927,118.35548
34.3352,118.01246
31.77973,119.97472
31.80164,119.90143
31.75713,120.0482
31.83052,119.97147
31.70165,119.94311
31.41586,119.4846
31.72322,119.59794
31.29579,120.57186
31.26249,120.63212
31.36897,120.64247
31.30227,120.63132
31.13762,120.64504
31.65382,120.75237
31.87547,120.5555
31.38475,120.98181
31.45911,121.12975
32.00986,120.85737
32.03141,120.81813
32.06764,121.07299
32.53308,120.46759
32.32956,121.18502
31.80805,121.65787
32.3716,120.57382
31.87165,121.18179
34.75974,119.33894
34.57203,119.16348
34.84065,119.1773
34.54216,118.77147
34.28407,119.24096
34.08673,119.31563
33.59952,119.00805
33.50306,119.14108
33.63175,119.0349
33.55308,119.02662
33.78098,119.26089
33.29433,118.8735
33.01089,118.54499
33.02359,119.02043
33.38893,120.1953
33.33732,120.15448
34.19919,119.57839
33.98975,119.82064
33.75931,119.80258
33.77496,120.25815
33.46406,119.79858
32.86695,120.3205
33.20107,120.50102
32.39463,119.43157
32.37654,119.39823
32.43458,119.57006
33.24142,119.35841
32.27203,119.18444
32.78112,119.45558
32.19811,119.46962
32.19525,119.41217
32.13188,119.43396
32.00945,119.60694
32.23702,119.79682
31.94482,119.16864
32.49098,119.91956
32.31841,119.88116
32.50882,120.12701
32.91041,119.85272
32.01494,120.27454
32.17191,120.052
33.96315,118.24238
33.94686,118.33066
34.11215,118.80406
33.72101,118.70335
33.459,118.21624
30.24259,120.16929
30.28122,120.18117
30.25727,120.20523
30.31974,120.1421
30.25961,120.13026
30.2084,120.21201
30.18534,120.26457
30.41875,120.2985
29.79317,119.6915
29.60852,119.04188
29.47475,119.28121
30.04885,119.96043
30.23383,119.7248
29.85957,121.55084
29.86698,121.57011
29.88615,121.55468
29.89889,121.84431
29.94899,121.71624
29.8172,121.547
29.47665,121.86932
29.28807,121.42961
30.03711,121.15435
30.16964,121.26647
29.65503,121.40686
28.01469,120.65523
27.93252,120.81303
28.00708,120.63768
27.83616,121.1572
28.15336,120.69171
27.6621,120.56595
27.51743,120.42631
27.78712,120.09137
27.55639,119.7175
27.77838,120.65518
28.11289,120.98338
30.74744,120.78483
30.76388,120.7092
30.83075,120.92716
30.52553,120.94579
30.50938,120.68102
30.67585,121.01606
30.63074,120.56432
30.85816,120.18562
30.84979,120.41847
30.54269,119.97754
31.02663,119.91011
30.63824,119.68219
29.98899,120.58199
30.08189,120.49476
30.03227,120.86858
29.49983,120.90385
29.71364,120.23632
29.58849,120.8217
29.08624,119.5715
29.09914,119.69311
28.8926,119.81651
29.45251,119.89206
29.05403,120.45022
29.20838,119.46051
29.30558,120.07468
29.28946,120.24191
28.88851,120.04731
28.96864,118.87117
28.97964,118.95919
28.90141,118.51116
29.13609,118.41422
29.02827,119.17225
28.73725,118.6269
30.01979,122.10679
29.9492,122.30278
30.24369,122.20498
30.72573,122.45137
28.67307,121.44297
28.64965,121.26295
28.58265,121.36508
28.13589,121.23164
29.10467,121.39568
29.14304,121.00728
28.84683,120.72881
28.3718,121.38599
28.8584,121.14495
28.44594,119.91284
28.13987,120.28955
28.65928,120.09158
28.59213,119.27602
28.44947,119.48202
28.11591,119.5734
27.61913,119.06266
27.9732,119.63581
28.07434,119.14168
31.85797,117.30949
31.87872,117.26497
31.8512,117.26061
31.79352,117.3099
32.47796,117.16766
31.8877,117.46928
31.70653,117.1584
31.25567,117.28736
31.62329,117.88937
31.34072,118.38548
31.31185,118.37272
31.36959,118.39236
31.22436,118.23464
31.13479,118.57529
31.08291,118.19934
30.91465,118.33405
31.30317,117.90224
32.9428,117.39347
32.94448,117.36779
32.92921,117.34211
32.96436,117.35996
32.9701,117.20514
33.14507,117.88529
33.31769,117.31666
32.63149,117.05335
32.64709,117.01743
32.59996,116.85913
32.63142,116.83359
32.77263,116.83626
32.70946,116.71077
31.69996,118.5115
31.68216,118.49853
31.5699,118.4978
31.73358,118.10241
31.74423,118.35145
34.22526,117
33.95999,116.79425
33.89577,116.8132
33.91537,116.7662
30.93426,117.81541
30.95614,117.87431
30.77372,117.75643
30.95271,117.79147
30.51155,117.09081
30.51227,117.03424
30.61328,116.98726
30.73381,116.82974
30.69961,117.22019
30.63107,116.58133
30.45411,116.30885
30.15363,116.1292
30.12442,116.69423
30.84939,116.35999
31.03585,116.97416
29.6958,118.3151
30.27296,118.14161
29.82794,118.33681
29.86076,118.41359
29.78618,118.18245
29.92476,117.93835
29.85409,117.71715
32.2948,118.30553
32.35317,118.17138
32.45217,118.43575
32.0853,118.27303
32.52998,117.69856
32.866,117.56124
32.68945,119.00355
32.77699,117.98944
32.88327,115.80672
32.91303,115.85668
32.92505,115.80847
33.06457,115.25811
33.16026,115.62203
32.65887,115.59319
32.62893,116.26455
33.25718,115.37451
33.64004,116.97728
34.44097,116.36606
34.18876,116.94724
33.54232,117.55855
33.48289,117.91106
31.74933,116.53949
31.73795,116.47995
32.57332,116.78708
32.3532,116.27823
31.46209,116.9487
31.72719,115.93418
31.39279,116.33269
33.87641,115.77914
33.49285,116.21581
33.26584,116.5645
33.14484,116.20839
30.68673,117.56733
30.09663,117.02766
30.21026,117.48619
30.63935,117.84749
30.94622,118.75634
31.12658,119.17944
30.8938,119.41705
30.68853,118.4197
30.06633,118.57993
30.28636,118.54045
30.63364,118.98336
26.08198,119.30405
26.0527,119.31414
26.04769,119.27345
25.98939,119.4556
26.08135,119.32842
26.15021,119.13139
26.19753,119.53957
26.48939,119.54969
26.22117,118.86352
25.86672,118.93258
25.49876,119.7901
25.72024,119.38411
25.96283,119.52324
24.44579,118.08243
24.48405,118.03394
24.5118,118.14577
24.57591,118.09728
24.72286,118.15207
24.61854,118.24722
25.41878,118.99472
25.45879,119.1163
25.43131,119.01501
25.31839,119.10642
25.36215,118.69181
26.27168,117.64579
26.23381,117.6081
26.35595,117.20219
26.17781,116.81694
26.26178,116.65443
25.69261,117.84713
26.17004,118.19049
26.39617,117.79268
26.72904,117.47096
26.90012,117.1758
26.83092,116.84604
25.94138,117.36518
24.9075,118.58687
24.88946,118.613
24.9399,118.6712
25.12014,118.91596
25.03065,118.79695
25.05544,118.18685
25.32188,118.29424
25.4916,118.24098
24.41774,118.22694
24.73172,118.64805
24.78144,118.55199
24.9604,118.38627
24.51067,117.65391
24.5033,117.70984
23.95806,117.33965
24.1171,117.61372
23.71152,117.17508
24.6258,117.75948
23.70132,117.42964
24.51453,117.35742
24.36344,117.31587
25.00446,117.53414
24.44658,117.81813
26.63798,118.18202
26.79301,117.81036
27.91721,118.54138
27.54107,117.33387
27.52629,118.7854
27.36609,118.85754
27.34036,117.49253
27.75671,118.03548
27.02266,118.30498
27.33175,118.12043
25.09839,117.03736
25.83348,116.35765
24.72303,116.73202
25.04943,116.42026
25.09535,116.10039
25.70997,116.75486
25.29013,117.42001
26.66022,119.52623
26.88517,120.00556
26.57762,118.74606
26.90853,118.98578
27.46054,119.50479
27.10474,119.33899
27.23513,119.90085
27.08797,119.64768
27.32436,120.21671
28.68503,115.89925
28.65619,115.87683
28.62084,115.9258
28.71479,115.73083
28.68194,115.96191
28.54538,115.94422
28.33369,115.65112
28.84444,115.54927
28.37679,116.24249
29.27324,117.18366
29.30005,117.20275
29.35159,117.21523
28.96173,117.129
27.61552,113.87163
27.64069,113.73421
27.12761,113.96123
27.88042,113.79537
27.63064,114.02956
29.67183,115.98913
29.72776,115.98999
29.76108,116.07484
29.25622,115.10065
29.02533,114.54688
29.02097,115.80916
29.31344,115.75605
29.44821,116.04512
29.27307,116.20409
29.73942,116.22025
29.89613,116.54911
29.67658,115.68103
27.80038,114.94461
27.81476,114.69191
28.23902,117.03708
28.20991,116.81834
28.29252,117.24525
25.81751,114.92085
25.66144,114.76535
25.86062,115.01175
25.38617,114.92285
25.40148,114.36195
25.79086,114.53754
25.68165,114.30784
25.13702,115.39379
24.91105,114.78993
24.7855,115.02739
24.74235,114.53012
26.47019,116.00941
25.95184,115.41544
26.33779,115.36314
25.60039,115.786
24.96351,115.64673
26.32691,116.35432
25.88562,116.02709
27.1448,114.99457
27.08195,115.01465
27.03935,114.90821
27.22976,115.1355
27.58289,115.31643
27.74016,115.38692
27.31815,115.44189
26.78993,114.90887
26.31363,114.52052
26.45825,114.78615
27.3928,114.6196
26.94498,114.24307
26.74808,114.28953
27.79817,114.42773
28.68793,115.40037
28.1061,114.44551
28.23337,114.9248
28.3938,114.80369
28.86138,115.36268
28.52182,114.37071
28.1592,115.77121
28.05589,115.54615
28.41729,115.37562
27.93473,116.30986
27.5684,116.63775
27.28236,116.90753
27.21863,116.52526
27.76437,116.06124
27.42814,115.83109
27.55489,116.23628
27.91912,116.75485
27.70594,117.06101
28.24771,116.60334
26.83729,116.32573
28.42995,117.96469
28.44923,117.9096
28.43631,118.19133
28.68194,118.24481
28.31535,117.70942
28.4072,117.59644
28.37754,117.44821
28.70211,116.6956
29.00563,116.70343
28.69466,117.05839
29.24791,117.86192
28.94654,117.57884
36.66645,117.07641
36.65118,116.99744
36.65142,116.90084
36.67789,116.98737
36.68013,117.06533
36.55358,116.75199
36.28937,116.45599
36.97847,117.17333
37.30907,117.1571
36.67968,117.52578
36.07515,120.41283
36.08743,120.37479
35.95995,120.19653
36.10811,120.46803
36.14508,120.43294
36.30744,120.39629
36.26445,120.03354
36.38932,120.44715
36.7867,119.95994
36.88808,120.51777
36.6435,117.96673
36.80661,118.0179
36.49473,117.86172
36.82593,118.30971
36.80298,117.86974
36.95933,118.09797
37.17105,117.82675
36.18488,118.17077
34.86426,117.55601
34.79502,117.2632
34.77228,117.59061
34.56261,117.73385
35.09963,117.4613
35.11338,117.16596
37.44878,118.58215
37.88624,118.52544
37.58748,118.54768
37.49028,118.25536
37.05359,118.40702
37.54061,121.40011
37.49794,121.26757
37.38683,121.60042
37.51104,121.44547
37.92135,120.73645
37.64345,120.47872
36.97878,120.71181
37.17702,119.94217
37.81072,120.75882
37.35531,120.43421
37.33505,120.84977
36.77645,121.15846
36.72667,119.02389
36.77506,119.21994
36.65458,119.16607
36.70864,119.13279
36.51231,118.543
36.70702,118.82984
36.68456,118.47966
35.99583,119.40983
36.85541,118.79098
36.47842,119.21784
36.38257,119.75568
36.85884,119.39862
35.4082,116.59649
35.5526,116.7857
34.80718,117.12886
35.01161,116.65046
35.06661,116.31148
35.4075,116.34249
35.73281,116.48917
35.66471,117.25216
35.8024,116.09584
35.58082,116.98648
35.40522,117.00385
36.19198,117.13526
36.18752,117.0418
35.75961,116.80727
35.93708,116.47024
35.90878,117.768
36.18245,116.76917
37.50212,122.12348
37.19397,122.0581
37.16523,122.48628
36.92021,121.5402
35.42545,119.46242
35.12206,119.31891
35.75018,119.20875
35.57997,118.83687
36.20317,117.65992
36.05866,117.81107
35.05151,118.34787
34.99636,118.28437
35.08729,118.40184
35.55001,118.46566
34.61357,118.36717
35.79034,118.62782
34.85729,118.07072
35.26659,117.97711
35.50587,117.64048
35.17486,118.83543
35.7101,117.94494
34.91985,118.65063
37.45079,116.29941
37.33566,116.57634
37.65221,116.80023
37.77528,117.38497
37.18998,116.8666
36.79492,116.76002
37.16538,116.43395
36.94856,116.00175
37.21317,116.06923
37.72979,117.23171
36.93394,116.63813
36.43452,115.98847
36.11447,115.79131
36.23361,115.67072
36.58068,116.25522
36.33503,116.24773
36.48335,115.44263
36.86602,116.23111
36.83834,115.70504
37.42726,118.02279
37.48982,117.5092
37.64109,117.5782
37.76993,117.62577
37.70058,118.09882
37.15299,118.11096
36.86299,117.74309
35.25141,115.41666
34.82553,115.54214
34.79438,116.08724
34.95245,115.88964
35.39633,116.09495
35.59984,115.94364
35.5635,115.51005
35.07095,115.57298
35.28953,115.09016
34.74821,113.61332
34.72468,113.6401
34.75381,113.67739
34.79977,113.66072
34.8028,113.30892
34.86739,113.61694
34.71903,113.97624
34.74798,113.02206
34.78762,113.38349
34.53952,113.39044
34.39605,113.74161
34.45348,113.05028
34.79726,114.30731
34.55034,114.78283
34.48044,114.46741
34.41161,114.19297
34.757,114.44136
34.8223,114.82115
34.68356,112.46958
34.66064,112.42827
34.70431,112.51078
34.65774,112.3957
34.90099,112.58888
34.61866,112.46403
34.82544,112.4451
34.72818,112.13242
33.78576,111.61579
34.13451,112.0857
34.15388,112.47317
34.51496,112.1792
34.38917,111.65313
34.42135,112.42568
34.72763,112.78965
33.73741,113.29431
33.73469,113.33503
33.89889,112.89888
33.7009,113.27602
33.8684,113.05479
33.62683,113.35737
33.73854,112.90802
33.9718,113.21262
33.29315,113.52531
34.16717,112.84437
36.09052,114.35688
36.10849,114.35511
36.10994,114.30345
36.07609,114.30089
36.21256,114.23182
35.92138,114.35723
35.57534,114.5193
35.94714,114.89936
36.08308,113.81908
35.9547,114.1633
35.89765,114.18444
35.7413,114.29872
35.67617,114.55078
35.60786,114.19766
35.30351,113.87523
35.30227,113.86582
35.3718,113.90598
35.31493,113.90866
35.19079,113.80516
35.25962,113.65716
35.06569,113.93997
35.14194,114.20515
35.04119,114.41861
35.20049,114.66886
35.39847,114.06459
35.46212,113.8054
35.24052,113.23064
35.2367,113.18296
35.25615,113.3229
35.21414,113.2542
35.22361,113.44776
35.17123,113.06453
35.09952,113.40184
34.94023,113.08057
35.0876,112.9506
34.90735,112.79134
35.77745,115.07432
35.8851,115.10421
36.06979,115.20491
35.89516,115.49869
35.96931,115.87163
35.71221,115.02903
34.04611,113.8308
34.12596,113.82272
34.10233,114.17739
33.85072,113.50669
34.14048,113.48794
34.21672,113.76827
33.54528,113.9202
33.58705,114.00664
33.58645,114.09389
33.43765,113.60931
33.80958,113.93443
34.77141,111.18747
34.76726,111.7619
34.72054,111.10338
34.05438,111.04783
34.74725,111.87449
34.51685,110.89456
33.0036,112.5396
32.98646,112.53494
33.48979,112.42914
33.25439,113.01255
33.3056,111.47244
33.03391,112.23448
33.04483,111.84926
33.13815,111.49078
33.05614,112.94793
32.68117,112.80745
32.52093,112.36006
32.37913,113.42892
32.68777,112.08736
34.44379,115.61396
34.38818,115.65347
34.64691,115.14766
34.44526,115.07153
34.45454,115.30516
34.09114,115.30544
34.39737,115.86519
34.23929,116.12969
33.92915,116.44946
32.11683,114.05857
32.10105,114.12561
32.20314,114.51307
32.00997,114.91878
31.64389,114.87929
31.79836,115.4069
32.16839,115.65481
32.13156,115.05129
32.47339,115.41987
32.34282,114.74024
33.64738,114.65048
34.06,114.39482
33.76754,114.52974
33.54256,114.61165
33.4094,115.09856
33.64475,115.17704
33.7315,114.88614
34.06379,114.83779
33.86009,115.48443
33.46723,114.87562
32.97319,113.99382
33.3878,114.02158
33.26255,114.26435
32.96183,114.61941
32.60566,114.39274
32.80207,114.02648
32.7241,113.32709
33.00685,114.36229
33.14576,114.01319
32.74926,114.98571
30.59982,114.3096
30.60147,114.27096
30.58145,114.21498
30.55473,114.21772
30.53054,114.39006
30.56792,114.44378
30.49995,114.34392
30.61996,114.13702
30.30895,114.08469
30.58203,114.02919
30.37559,114.32168
30.88131,114.37509
30.84154,114.80114
30.22286,115.06611
30.20489,115.11019
30.17384,114.96118
30.20666,114.90143
29.83039,115.2153
30.09551,114.97977
32.66081,110.76879
32.65192,110.76916
32.83488,110.81197
32.99306,110.42588
32.22566,110.39765
32.31824,109.71527
31.99853,111.09241
32.5404,111.51322
30.71082,111.28581
30.64441,111.361
30.69322,111.26824
30.5307,111.43471
30.7699,111.32488
31.06144,111.63985
31.34813,110.74719
30.82578,110.97768
30.4725,111.20705
30.19983,110.67452
30.37846,111.4501
30.82118,111.78833
30.42583,111.76044
32.01067,112.13423
32.04487,112.13555
32.08718,112.21194
31.77471,111.83902
32.26338,111.65304
31.87753,111.26117
32.38671,111.67507
32.12836,112.77398
31.71976,112.25776
30.09996,114.68456
30.53434,114.72983
30.40057,114.89171
31.05193,112.20158
30.97303,112.20715
31.01848,113.11953
30.70918,112.58854
31.16797,112.58817
30.91677,113.91049
31.25803,113.99802
31.56096,114.12694
31.02103,113.75331
30.92838,113.57292
31.25554,113.68913
30.66122,113.83907
30.31098,112.25494
30.35269,112.19016
30.0583,112.22948
29.83928,112.90492
30.04184,112.4247
29.72085,112.4255
29.82756,113.47775
30.1696,111.76743
30.43472,114.88005
30.64362,114.87232
31.2881,114.61813
30.78397,115.39943
30.73518,115.68143
30.45184,115.26551
30.22617,115.43621
30.07037,115.94432
31.17333,115.00869
29.84433,115.5613
29.85251,114.2984
29.97057,113.93932
29.24535,113.81702
29.55537,114.03892
29.60638,114.48276
29.72476,113.90054
31.71615,113.3712
31.8538,113.29995
31.61686,113.826
30.29504,109.47918
30.29121,108.93595
30.60213,109.72213
31.04237,110.34072
29.98715,109.49185
29.66521,109.13963
29.49391,109.407
29.89084,110.03498
28.20279,113.03539
28.11264,112.98992
28.23529,112.93134
28.25591,112.98626
28.13551,113.03555
28.36121,112.8179
28.24595,113.08093
28.27741,112.55183
28.16378,113.64317
27.85595,113.17329
27.78499,113.1523
27.87558,113.11784
27.82681,113.08231
27.69938,113.14398
27.00023,113.34569
26.77745,113.53927
26.48979,113.77258
27.64617,113.49703
27.85632,112.90737
27.87266,112.97019
27.77904,112.95099
27.7341,112.53504
27.91507,112.5266
26.89456,112.62039
26.88864,112.61669
26.94343,112.59798
26.89324,112.57195
27.23258,112.73876
26.96977,112.37066
26.73831,112.67792
27.23022,112.86831
27.08116,112.95325
26.79965,112.09043
26.42243,112.85988
26.42093,112.39992
27.23285,111.49674
27.2213,111.43888
27.24566,111.45207
27.25844,111.74446
27.32091,111.459
26.99078,111.27382
27.11402,111.03249
27.06038,110.57583
26.58201,110.15568
26.43346,110.85674
26.39051,110.322
26.72659,110.63138
29.37197,113.12931
29.47358,113.27239
29.46135,113.00651
29.14415,113.11635
29.53023,112.54095
28.68925,112.90917
28.70203,113.58134
28.80642,113.06711
29.47684,113.45058
29.05397,111.68396
28.96672,111.9142
29.41142,112.17096
28.90549,111.97043
29.63318,111.75868
29.44098,111.64735
28.90259,111.48893
29.58413,111.37982
29.60543,111.87741
29.11983,110.53737
29.34571,110.54997
29.4297,111.13921
29.39971,110.16428
28.591,112.32426
28.5793,112.37409
29.36162,112.39636
28.51819,112.15571
28.37428,111.21303
28.84402,112.35468
25.78398,113.01101
25.8004,113.04236
25.7541,112.73368
25.39957,112.94887
26.1272,113.11659
25.58766,112.3686
25.27596,112.56295
25.55036,113.68493
26.07752,113.94454
26.70942,113.26948
25.97619,113.23601
26.22255,111.63112
26.46098,111.59244
26.58012,111.84015
26.39206,111.31644
25.96218,111.66031
25.52753,111.60007
25.27353,111.34385
25.56919,111.94445
25.36943,112.19678
25.9043,112.20329
25.18536,111.57952
27.57771,110.04098
27.43992,109.94501
28.45277,110.39388
28.00652,110.18368
27.90834,110.59486
26.88718,109.7357
27.86555,109.80256
27.35264,109.17492
27.44328,109.68519
26.57514,109.69627
26.15794,109.78449
27.20925,109.83655
27.72978,112.0017
27.45702,112.19392
27.72663,111.32743
27.68615,111.43525
27.69271,111.66446
28.26244,109.69811
28.21639,110.21965
27.94843,109.59832
28.57211,109.48224
28.70022,109.65904
28.61711,109.95085
29.00515,109.84807
29.4579,109.44387
23.12586,113.24428
23.12886,113.2668
23.08331,113.3172
23.12463,113.36199
23.15792,113.27324
23.18139,113.48067
22.93706,113.3818
23.40391,113.22026
22.80169,113.52497
23.26093,113.8109
23.54835,113.58646
24.79268,113.58771
24.80446,113.61095
24.6826,113.60458
24.95269,114.06206
25.08566,113.74918
24.3502,114.13033
24.77591,113.27596
24.05959,114.20689
25.13014,113.34746
25.11962,114.31084
22.54895,114.13111
22.52291,114.05454
22.53332,113.93041
22.55329,113.88308
22.71991,114.24779
22.55786,114.23748
22.26666,113.54342
22.20903,113.29658
22.14589,113.3642
23.37246,116.71677
23.36525,116.7054
23.28592,116.72664
23.26489,116.60157
23.25029,116.4331
23.46613,116.75608
23.42178,117.02348
23.00944,113.12249
23.02882,113.14278
22.80414,113.2944
23.15585,112.89672
22.90026,112.89262
22.59514,113.07845
22.56028,113.11103
22.45877,113.03231
22.25156,112.7939
22.37638,112.69851
22.7653,112.96436
22.18294,112.30532
21.26624,110.36534
21.19169,110.39821
21.24475,110.4555
21.26331,110.33427
21.37708,110.25006
20.32652,110.17502
21.60962,110.28625
20.91444,110.09651
21.44182,110.77824
21.64109,110.91879
21.51414,111.01356
21.91812,110.85338
21.66397,110.63954
22.35429,110.9471
23.05196,112.48461
23.15815,112.56706
23.63493,112.44112
23.91188,112.18454
23.42448,111.51196
23.14376,111.78559
23.02581,112.45839
23.32743,112.73404
23.08383,114.38273
22.78851,114.45646
23.17315,114.28973
22.98486,114.71999
23.72763,114.25486
24.30996,116.11699
24.26539,116.08245
24.34792,116.6952
23.73945,116.18225
23.93254,115.77609
24.56632,115.89112
24.65861,116.17123
24.1365,115.73119
22.7787,115.36502
22.96657,115.32341
23.30148,115.65996
22.94511,115.64462
23.73417,114.70246
23.63532,115.18398
24.10014,115.25984
24.36956,114.48865
24.44201,114.93872
23.78817,114.74649
21.86182,111.95516
21.75229,111.61791
21.86829,112.0067
22.1703,111.79153
23.69795,113.06269
23.73474,113.01658
23.87921,113.53172
24.465,112.64132
24.57036,112.09348
24.7254,112.28698
24.18572,113.41505
24.77998,112.37677
23.67441,116.62834
23.46244,116.67809
23.66412,117.0039
23.52486,116.36692
23.56606,116.41211
23.43141,115.84189
23.03321,116.29511
23.29736,116.16569
22.92797,112.04373
22.69573,112.22536
23.23464,111.53536
23.07101,112.00324
22.7683,111.57004
22.85429,108.36836
22.78658,108.49693
22.78129,108.27331
22.83393,108.31343
22.75619,108.32082
22.75837,108.48737
23.15865,108.27463
23.16589,107.6961
23.70817,108.17702
23.43205,108.60506
23.21768,108.8103
22.67999,109.26147
24.33941,109.44626
24.28154,109.44726
24.33599,109.3859
24.36213,109.40189
24.25465,109.32672
24.65058,109.24468
24.47308,109.75179
25.22467,109.39764
25.06629,109.25636
25.78314,109.60788
25.28131,110.28903
25.31402,110.30188
25.26159,110.2811
25.25235,110.31771
25.06039,110.30914
25.23868,110.2124
24.77843,110.49663
25.4097,110.32552
25.92861,111.07304
25.61169,110.67147
24.98001,109.98318
25.48932,111.16083
25.79809,110.01149
26.04241,110.65259
24.63325,110.64322
24.48785,110.39508
24.83135,110.82835
23.47303,111.32033
23.48555,111.27466
23.05645,111.24049
23.37497,110.91497
24.19355,110.52492
22.91828,110.9949
21.47525,109.1175
21.44872,109.13916
21.52909,109.4216
21.66089,109.20725
21.64348,108.38012
21.76913,108.35342
22.1537,107.98362
21.54792,107.97188
21.93854,108.6569
22.17075,108.57324
22.41651,109.29097
22.27152,109.55698
23.11084,109.57339
23.07504,109.59996
23.12718,109.45269
23.53919,110.39215
23.3941,110.07901
22.62811,110.15133
22.85783,110.55786
22.32109,110.26413
22.27306,109.97627
22.73636,109.87517
22.70837,110.35426
23.90115,106.61897
23.73567,106.91567
23.59724,107.12608
23.32933,107.58988
23.3234,106.6155
23.13402,106.41769
23.38739,105.83265
24.34751,106.56159
24.78583,106.56163
24.29438,106.22852
24.48957,105.09383
24.77066,105.34389
24.41175,111.55197
24.16947,110.81137
24.5264,111.30278
24.81433,111.27753
24.68983,108.03719
24.97535,107.54224
24.99911,107.17372
24.54699,107.04221
24.51072,107.37421
24.77739,108.90465
24.82601,108.2583
24.14125,107.25957
23.93122,108.10555
23.7364,107.99814
24.48513,108.63656
23.72742,109.23462
24.06617,108.66575
23.97374,109.70526
23.59414,109.66325
24.13039,110.18942
23.8066,108.88611
22.40566,107.35325
22.63497,107.90411
22.14016,107.07668
22.34262,106.85455
22.8304,107.20124
23.08134,107.14363
22.09439,106.76649
20.0076,110.29357
20.02971,110.32941
20.0039,110.35432
20.02864,110.36663
18.25248,109.51209
30.65618,104.08329
30.67485,104.06291
30.69015,104.05293
30.64242,104.04311
30.65984,104.10194
30.55663,104.27471
30.87849,104.25122
30.82404,104.15801
30.68144,103.8559
30.86203,104.41205
30.57447,103.92377
30.79589,103.90256
30.58757,103.52085
30.19676,103.50628
30.41026,103.81166
30.98837,103.64662
30.99018,103.95811
30.41032,103.46436
30.63021,103.67289
29.3374,104.77728
29.34576,104.71526
29.36371,104.7739
29.27234,104.87423
29.4445,104.41766
29.18127,104.97495
26.54639,101.70413
26.59757,101.63064
26.59092,101.67934
26.89067,102.11024
26.68265,101.85393
28.87875,105.43501
28.77313,105.37131
28.91318,105.43779
29.1516,105.38185
28.81147,105.83135
28.15588,105.44475
28.03884,105.81239
31.14263,104.41702
31.03304,104.67872
31.31681,104.51021
30.97706,104.28249
31.12736,104.16694
31.33776,104.22083
31.45498,104.75708
31.47367,104.7667
31.09563,105.09459
31.20819,105.38996
31.53474,104.56756
31.63529,105.16118
31.89148,104.30755
32.40858,104.52904
31.75691,104.72458
32.43396,105.84559
32.3232,105.96304
32.64409,105.89034
32.2291,106.28974
32.5841,105.23822
32.28849,105.52526
31.73244,105.93442
30.52552,105.56821
30.35541,105.45636
30.75778,105.70756
30.87113,105.38836
30.5945,105.23649
29.58702,105.06772
29.59346,105.07459
29.52742,104.66885
29.76416,104.85212
29.33948,105.28773
29.55544,103.7612
29.41306,103.55027
29.40726,103.81846
29.24447,103.07879
29.20828,103.94931
29.65305,104.06482
29.73753,103.57156
28.95673,103.90241
29.23047,103.26202
28.83557,103.54635
29.60125,103.48447
30.79653,106.09224
30.78154,106.11877
30.75874,106.07176
31.35316,106.06734
31.0767,106.56553
31.0286,106.4123
31.26998,106.3033
30.99517,105.90072
31.55837,106.00499
30.04228,103.83211
29.99572,104.13407
30.19299,103.87283
29.90496,103.37288
30.01453,103.51284
29.8315,103.84656
28.76593,104.61947
28.84548,104.96953
28.68998,104.53316
28.72389,105.06688
28.58227,104.9211
28.43622,104.5176
28.43885,104.70878
28.16418,104.51185
28.30361,105.23646
28.65312,104.15125
30.47392,106.64188
30.53795,106.43988
30.34935,106.29597
30.33458,106.93048
30.39001,106.78298
31.21473,107.50455
31.19603,107.51177
31.35386,107.7271
31.08316,107.86852
30.73607,107.20441
30.83664,106.97299
32.08197,108.03446
30.00534,103.03311
30.06982,103.10954
29.79308,102.84671
29.34457,102.65261
29.22799,102.35944
30.06672,102.7584
30.14408,102.92826
30.36806,102.81457
31.85131,106.76897
31.9118,107.24493
32.34645,106.82907
31.56054,107.10358
30.11758,104.6522
30.09733,105.33537
30.2759,105.02133
30.41133,104.54733
31.47686,103.5903
31.43659,103.167
31.68113,103.85351
32.63813,103.59893
33.26142,104.23567
31.47597,102.06325
30.99918,102.3644
32.06179,102.99021
31.90585,102.20644
32.26545,100.97861
32.90245,101.70634
33.57586,102.96187
32.79087,102.54438
29.9987,101.95651
29.91412,102.23471
30.87868,101.89077
29.00019,101.50729
30.03145,101.01426
30.97936,101.12508
31.39005,100.67703
31.623,99.99266
30.93932,100.31152
31.80612,98.58088
31.21014,98.82418
32.97834,98.10294
32.26814,100.33264
29.99603,100.26963
30.00537,99.1105
28.93118,99.79842
29.03704,100.29829
28.71307,99.28639
27.89449,102.26305
27.92859,101.28048
27.42241,101.50919
27.40289,102.17559
26.65527,102.24457
26.6346,102.57817
27.06667,102.76052
27.3765,102.54092
27.70622,102.81149
27.69654,103.24903
28.01425,102.84265
28.30666,102.41231
28.55018,102.17678
28.63999,102.5075
28.95873,102.77033
28.32885,103.13229
28.26272,103.5715
26.56822,106.7141
26.60491,106.72566
26.40985,106.67034
26.52645,106.56112
26.67856,106.62304
27.05759,106.96486
27.09053,106.7404
26.83877,106.59222
26.55607,106.47057
26.4455,105.09417
26.20141,105.48025
26.54658,104.95764
25.70993,104.47158
27.64481,106.8938
27.74979,106.93252
27.53613,106.82993
28.13321,106.82502
27.94705,107.1907
28.55011,107.44402
28.86264,107.61316
28.56295,107.89888
27.95465,107.71689
27.74889,107.46551
27.13255,107.86541
28.3274,106.20385
28.59055,105.69744
27.79234,106.40156
26.24532,105.96533
26.40487,106.25662
26.30144,105.74291
26.05716,105.77048
25.94357,105.61933
25.75117,106.08404
27.29847,105.30504
27.14161,105.613
27.00866,106.0323
27.45922,106.22014
26.66301,105.77488
26.7777,105.38269
26.85641,104.27872
27.12328,104.7274
27.69066,109.18099
27.51796,109.21369
27.69956,108.83967
27.23637,108.91212
27.51339,108.22338
27.93886,108.2528
27.9941,108.40958
28.26408,108.11987
28.56397,108.50301
28.15414,109.20316
25.09192,104.89553
25.43511,105.18639
25.78429,104.95324
25.83474,105.21904
25.38558,105.65043
25.17824,106.09962
24.98368,105.81173
25.09811,105.44333
26.56756,107.9804
26.90533,107.91638
27.03327,108.12413
26.95291,108.67533
27.04914,108.42968
27.17385,108.8157
26.71895,109.56027
26.67631,109.20051
26.7286,108.44137
26.66903,108.32009
26.22924,109.13718
25.93189,108.52251
25.75418,108.90532
26.37834,108.07758
26.49115,107.58937
26.19841,107.78871
26.25979,107.51867
26.68651,107.5207
25.41124,107.88732
26.58498,107.23447
27.0779,107.47106
25.82219,107.54504
25.82249,107.32287
25.42536,106.75171
26.02214,106.45244
26.45325,106.97981
26.1329,106.6567
25.98326,107.86971
25.33501,102.65934
25.0312,102.73413
25.01503,102.7437
25.03845,102.66481
26.08294,103.18773
24.88554,102.82147
24.66982,102.59559
25.22199,102.49767
24.92005,103.14119
24.77082,103.2889
25.33872,103.03687
25.55128,102.47145
25.55818,103.25668
24.91954,102.478
25.49513,103.80481
25.42807,103.57834
25.02941,103.66683
24.82851,103.9899
24.88468,104.3087
25.67422,104.25485
26.41791,103.29737
25.60009,103.82226
26.21989,104.10448
24.35423,102.54522
24.28744,102.75376
24.67379,102.90819
24.11367,102.76647
24.19275,102.92883
24.67108,102.16273
24.16908,102.40579
24.07,101.99014
23.59667,101.99809
25.12107,99.16579
24.72308,99.18902
25.02053,98.49097
24.58682,98.68927
24.82745,99.60567
27.32027,103.70594
27.18664,103.55792
26.90861,102.93006
28.10859,104.23467
27.74806,103.89111
28.22909,103.63817
28.5984,103.95841
27.4415,104.8736
27.62551,104.04805
27.84685,105.04906
28.63002,104.41562
26.87721,100.22549
26.82152,100.23695
26.68431,100.75086
26.62921,101.2663
27.28196,100.85198
22.78684,100.97692
23.06167,101.04539
23.43185,101.69223
24.44697,100.8339
23.49704,100.7029
24.00461,101.10843
22.58518,101.86237
22.32911,99.58441
22.55577,99.93208
22.64435,99.59018
23.89516,100.08233
24.58038,99.92841
24.4446,100.13111
24.01828,99.25929
23.7631,98.82543
23.4736,99.82768
23.53786,99.39767
23.14681,99.24583
25.03288,101.54582
24.68884,101.64206
25.31241,101.54697
25.19229,101.27354
25.50423,101.24158
25.72179,101.3244
26.05615,101.66982
25.70436,101.87449
25.53038,102.40442
25.14998,102.079
23.35899,103.16004
23.71434,103.26676
23.39622,103.36481
24.41051,103.41465
22.98372,103.68721
23.63499,102.82699
23.70556,102.49621
24.5321,103.76623
23.21999,102.83528
23.36907,102.42079
22.77966,103.22648
22.99346,102.39293
22.52931,103.93936
23.38678,104.233
23.60586,104.33709
23.43712,104.6722
23.12525,104.70252
23.01298,104.39387
24.04186,104.19581
24.04645,105.05516
23.62539,105.63053
22.00008,100.77163
21.95753,100.45223
21.45941,101.56461
25.59158,100.22976
25.66992,99.95814
25.48381,100.55059
25.827,100.57265
25.34365,100.49131
25.04282,100.50974
25.22714,100.30711
25.46454,99.54098
25.88573,99.37096
26.11113,99.95088
26.53692,99.9055
26.56013,100.17644
24.01278,97.85189
24.43379,98.58815
24.80435,98.2967
24.70519,97.93184
24.18305,97.79203
25.82306,98.85804
26.90185,98.86905
27.74104,98.66579
26.45353,99.41671
27.82961,99.70095
28.46357,98.91699
27.17739,99.28705
29.65262,91.13775
29.89469,91.2619
30.47192,91.1013
29.43184,90.16464
29.353,90.74367
29.64602,91.00338
29.66933,91.34979
29.83375,91.73065
31.13831,97.18039
31.49968,98.21822
30.86016,98.2708
31.21155,96.6002
31.4125,95.59572
30.65363,97.56877
30.0532,96.91785
29.67107,97.84088
29.68008,98.59312
30.74181,95.82482
30.93345,94.7079
29.22484,91.76141
29.245,91.33735
29.28947,90.98421
29.25906,92.01579
29.02464,91.68385
29.06277,92.20222
28.43793,91.43361
28.38569,90.85998
29.14023,92.59387
28.40681,92.46177
27.99099,91.9571
28.96818,90.39809
29.26969,88.88697
29.68224,89.09936
28.91152,89.60558
28.65874,87.12607
28.89919,88.02172
29.08164,87.63718
29.29482,87.23617
29.43234,88.26166
29.10765,89.26182
29.23089,89.842
28.55567,89.68169
28.36408,87.76606
29.72419,84.02454
27.48592,88.90708
28.85254,85.29737
28.15499,85.98232
29.32943,85.23421
28.2746,88.52015
31.46988,92.05355
30.64087,93.23236
31.47785,93.6813
32.10784,92.30327
32.265,91.68258
30.93043,88.70982
31.88673,93.78556
31.39199,90.00987
31.9184,94.05345
31.78448,87.23691
30.29326,81.17739
31.47865,79.80321
32.50028,80.0959
33.38747,79.71317
32.39645,81.15106
32.30455,84.06305
31.0164,85.15253
29.63657,94.36122
29.88531,93.24611
29.21607,94.21315
29.32521,95.33304
29.85903,95.76761
28.66154,97.46687
29.04607,93.07482
34.26665,108.96074
34.23053,108.93425
34.26703,108.9402
34.2727,109.06458
34.29318,108.94712
34.22259,108.94878
34.66225,109.2262
34.3667,109.21421
34.15775,108.90688
34.15132,109.32345
34.1634,108.22213
34.10847,108.60494
34.53487,109.08822
35.06914,109.07593
35.11473,109.09986
34.90978,108.98011
35.39877,109.11689
34.3716,107.15028
34.39029,107.13126
34.35454,107.38745
34.52114,107.40076
34.44346,107.62101
34.37527,107.90022
34.2741,107.74992
34.89305,106.8643
34.6426,107.13237
34.67793,107.79339
33.91227,106.52203
34.05825,107.3191
34.32908,108.70641
34.27221,108.08455
34.36191,108.73726
34.61704,108.9404
34.52709,108.84262
34.52761,108.2394
34.48165,108.42496
34.48285,108.01349
35.03565,108.08108
35.20571,107.79866
35.11184,108.33371
34.79873,108.58059
34.26036,108.20018
34.29932,108.4904
34.49823,109.49217
34.51259,109.7719
34.54438,110.24656
34.79566,109.94217
35.23752,110.14928
35.19024,109.93226
34.95517,109.58646
35.1771,109.59102
34.75114,109.18025
35.47669,110.44243
34.56602,110.09207
36.59141,109.49303
36.5793,110.01242
36.87813,110.19375
37.14258,109.67538
36.86373,109.32897
36.82235,108.76845
36.92728,108.17587
36.27673,109.3513
35.98779,109.37976
35.7619,109.43238
36.05026,110.16899
35.58432,109.84018
35.57937,109.26291
33.06784,107.03194
32.99932,106.93624
33.15665,107.33372
33.22275,107.54565
32.98306,107.76669
33.15362,106.67314
32.82962,106.2572
33.32733,106.1566
32.53666,107.89502
33.61758,106.92076
33.52449,107.9905
38.27658,109.72126
38.84239,110.49896
39.02806,111.06764
37.95871,109.29315
37.59931,108.79568
37.59454,107.60128
37.50278,110.26317
37.75484,110.18394
38.01959,110.49136
37.45224,110.73967
37.0889,110.12114
37.61075,110.03526
32.6955,109.02697
32.89314,108.50866
33.03829,108.24843
33.31049,108.31428
32.52025,108.53419
32.30715,108.90222
32.38903,109.3618
31.88376,109.52677
32.83417,109.3652
32.80906,110.11261
33.86273,109.94107
34.09081,110.14833
33.69585,110.32721
33.53112,110.88158
33.53218,109.88193
33.42337,109.15258
33.68607,109.1142
36.05709,103.82538
36.06592,103.78576
36.08842,103.6281
36.10396,103.71878
36.34578,102.85936
36.3021,103.05664
36.33216,103.94751
35.84327,104.11261
39.77201,98.29011
38.52014,102.19409
38.24704,101.973
36.53454,104.1724
36.72774,104.82503
37.0354,105
35.69291,105.05334
37.18137,104.06312
34.58088,105.72417
34.57024,105.88965
34.74981,106.13737
34.85918,105.67566
34.732,105.33564
34.72134,104.89089
34.98843,106.20577
37.92818,102.64198
38.62434,103.09366
37.47013,102.89765
36.97184,103.14178
38.92967,100.47801
38.24878,100.70132
38.43064,100.81317
39.15257,100.16449
39.37772,99.81943
38.78449,101.08861
35.54258,106.67477
35.33262,107.36775
35.06541,107.62126
35.30229,107.03536
35.21756,106.65352
35.20239,106.03666
35.52223,105.73245
39.74502,98.50801
39.98593,98.90271
40.52023,95.78238
41.83333,95.70823
39.63372,94.34023
40.29176,97.04542
40.14219,94.66197
35.73062,107.65114
36.01526,107.88248
36.5685,107.30839
36.4613,107.99016
35.81927,108.01953
35.4917,108.3601
35.50223,107.92824
35.67728,107.2006
35.57934,104.61093
35.21087,105.24219
35.00391,104.6348
35.13626,104.21502
35.39509,103.85954
34.84853,104.4717
34.43811,104.03697
33.39189,104.92667
33.75062,105.74222
32.94396,104.68343
34.04735,104.39354
33.32937,105.60855
34.01085,105.30143
34.18907,105.17844
33.76884,106.08785
33.909,106.30494
35.6045,103.24317
35.49157,102.99563
35.36986,103.70889
35.94173,103.31587
35.481,103.56935
35.42535,103.35143
35.66376,103.38933
35.71768,102.87581
35.00019,102.91088
34.69275,103.35362
34.27015,102.84581
33.78491,104.37155
34.05587,103.22175
33.9977,102.07226
34.59103,102.48699
35.20233,102.52158
36.59976,101.80319
36.5866,101.77013
36.6283,101.76585
36.6502,101.76628
36.92694,101.68545
36.50087,101.57164
36.68246,101.25648
36.48209,102.40173
36.50029,102.10848
36.32026,102.83087
36.84406,101.95841
36.09493,102.26404
35.8508,102.4891
37.37615,101.62232
38.17709,100.25305
36.897,100.99504
37.32162,100.14682
35.5163,102.01954
35.93817,102.03102
35.03605,101.46594
34.73423,101.61647
36.283,100.62012
35.25386,100.57876
36.04004,101.4336
35.58868,99.98818
35.58688,100.7475
34.47733,100.23956
32.93269,100.7374
33.96921,99.90075
33.74924,99.65153
33.42928,101.48289
34.91508,98.20934
32.99336,97.00862
32.89295,95.30102
33.36823,97.10865
33.85203,95.61335
32.20295,96.48063
34.12639,95.79722
33.66033,90
37.36947,97.36087
36.92976,98.48003
36.30386,98.09531
37.30096,99.02293
38.73523,93.33135
37.85044,95.3621
38.25217,90.85742
38.47371,106.28847
38.49589,106.15652
38.47314,106.24284
38.27749,106.25318
38.55443,106.34985
38.10269,106.34005
39.01895,106.36803
39.23909,106.78132
38.9135,106.52306
37.98472,106.21251
37.42533,106.06243
37.78294,107.40789
36.98064,105.91448
38.02121,106.07875
36.00341,106.28779
35.96385,105.72911
35.41667,106.08383
35.49823,106.33067
35.8496,106.63808
37.51608,105.19009
37.49157,105.68518
36.56524,105.64359
43.79547,87.63356
43.80095,87.59811
43.84367,87.574
43.83244,87.64248
43.87711,87.42812
42.91704,87.52683
43.97374,87.65614
43.47129,87.40931
44.3287,84.88675
45.60243,84.86782
45.68734,85.13208
46.08908,85.69377
42.94244,89.18596
42.86887,90.21341
42.79181,88.65384
42.82699,93.51465
43.59848,93.01581
43.25447,94.69742
44.01437,87.26749
44.15706,87.98738
44.1916,86.89887
44.30413,86.21421
44.02197,89.59399
44.00061,89.18076
43.83464,90.28598
44.85387,82.05112
44.60055,82.89417
44.96882,81.02478
41.72643,86.17369
41.77763,84.25191
41.34392,86.26075
39.02374,88.16728
38.14538,85.52977
42.0591,86.57425
42.32266,86.38307
42.26817,86.86397
41.98009,86.63254
39.48328,81.08432
41.27706,80.23914
41.71741,82.96212
41.2216,82.78209
41.54833,82.60912
41.79685,81.87347
41.21472,79.22457
40.64451,80.37306
40.50826,79.04681
39.7161,76.16839
39.14786,75.9474
40.93704,78.44626
39.71909,75.25841
39.46772,75.99381
38.95409,75.66298
39.40134,76.04797
38.92956,76.17561
38.19174,77.27095
38.41432,77.24629
37.88299,77.41367
38.90493,77.65273
39.2333,76.77796
39.48806,76.72379
39.78519,78.54906
37.77297,75.2247
37.11178,79.91321
36.57246,79.90141
37.2775,79.72917
37.62139,78.283
37.0737,80.18889
36.99846,80.81005
36.85728,81.67712
37.06419,82.69595
43.9095,81.27725
44.42689,84.90167
43.97715,81.52732
43.84072,81.15128
44.05599,80.87899
43.48257,82.23175
43.42988,83.26157
43.15724,81.13102
43.21799,81.83603
43.79904,82.5119
46.75145,82.98703
44.43556,84.67851
46.52457,83.62822
44.32628,85.61959
45.93677,83.60621
46.20109,82.98277
46.79302,85.72856
47.827,88.13243
47.69989,86.86313
46.99362,89.52553
47.112,87.48677
48.06069,86.4192
46.67911,90.37558
47.4431,85.8754
