lat,lon,provin
39.92855,116.41637,Beijing
39.91231,116.36611,Beijing
39.80956,116.47433,Beijing
39.85856,116.28616,Beijing
39.90569,116.22299,Beijing
39.95933,116.29845,Beijing
39.94048,116.10146,Beijing
39.74788,116.14294,Beijing
39.90998,116.65714,Beijing
40.13012,116.65477,Beijing
40.22077,116.23128,Beijing
39.72684,116.34159,Beijing
40.316,116.63177,Beijing
40.14062,117.12141,Beijing
40.37625,116.84317,Beijing
40.45678,115.97503,Beijing
39.11712,117.2147,Tianjin
39.12827,117.25228,Tianjin
39.10954,117.22336,Tianjin
39.13815,117.15011,Tianjin
39.14784,117.19674,Tianjin
39.16734,117.15161,Tianjin
39.08652,117.31428,Tianjin
39.14111,117.00739,Tianjin
38.9375,117.3571,Tianjin
39.22393,117.13544,Tianjin
39.38326,117.04412,Tianjin
39.71755,117.30983,Tianjin
39.0032,117.71071,Tianjin
39.33076,117.82474,Tianjin
38.94737,116.97428,Tianjin
40.04577,117.40829,Tianjin
38.04276,114.5143,Hebei
39.63048,118.18058,Hebei
39.93545,119.59964,Hebei
36.62556,114.53918,Hebei
37.07055,114.50443,Hebei
38.87396,115.46459,Hebei
40.82444,114.88755,Hebei
40.9515,117.9634,Hebei
38.30441,116.83869,Hebei
39.02177,116.75638,Tianjin
37.73886,115.67054,Hebei
37.87059,112.55067,Shanxi
40.07637,113.30001,Shanxi
37.85668,113.58047,Shanxi
36.19581,113.11649,Shanxi
35.49039,112.85113,Shanxi
39.33159,112.43181,Shanxi
37.68702,112.75278,Shanxi
35.02628,111.00699,Shanxi
38.4167,112.73418,Shanxi
36.08822,111.51962,Shanxi
37.51934,111.14165,Shanxi
40.84149,111.75199,WestInnerMongolia
40.65781,109.84021,WestInnerMongolia
39.65384,106.79546,WestInnerMongolia
42.2586,118.88894,EastInnerMongolia
43.65247,122.24469,EastInnerMongolia
39.60845,109.78087,WestInnerMongolia
49.21163,119.76584,EastInnerMongolia
40.74317,107.38773,WestInnerMongolia
40.99391,113.13376,WestInnerMongolia
46.08208,122.03818,EastInnerMongolia
43.9332,116.04775,EastInnerMongolia
38.85153,105.72898,WestInnerMongolia
41.80563,123.43236,Liaoning
41.10777,122.9946,Liaoning
41.87971,123.95722,Liaoning
41.29413,123.76686,Liaoning
39.9998,124.35601,Liaoning
41.09515,121.12703,Liaoning
40.66683,122.2349,Liaoning
42.02166,121.67011,Liaoning
41.26809,123.23736,Liaoning
41.11996,122.07078,Liaoning
42.2862,123.84241,Liaoning
41.57347,120.4508,Liaoning
40.711,120.83699,Liaoning
43.83784,126.54944,Jilin
43.16646,124.35036,Jilin
42.88805,125.14368,Jilin
41.72829,125.9399,Jilin
41.9408,126.42443,Jilin
45.1411,124.82515,Jilin
45.6196,122.83871,Jilin
42.89119,129.5091,Jilin
45.80216,126.5358,Heilongjiang
47.35431,123.91796,Heilongjiang
45.29524,130.96954,Heilongjiang
47.34989,130.29785,Heilongjiang
46.64658,131.1591,Heilongjiang
46.58758,125.10307,Heilongjiang
47.72752,128.84049,Heilongjiang
46.80019,130.3206,Heilongjiang
45.77065,131.00306,Heilongjiang
44.55269,129.63244,Heilongjiang
50.24523,127.52852,Heilongjiang
46.65246,126.96932,Heilongjiang
51.92398,124.59216,Heilongjiang
31.23162,121.48461,Shanghai
31.18826,121.43687,Shanghai
31.22024,121.42394,Shanghai
31.22352,121.45591,Shanghai
31.2494,121.397,Shanghai
31.24718,121.4595,Shanghai
31.26451,121.50515,Shanghai
31.25956,121.52609,Shanghai
31.11325,121.38206,Shanghai
31.40527,121.48941,Shanghai
31.37482,121.26621,Shanghai
31.22114,121.54409,Shanghai
30.74185,121.34242,Shanghai
31.03241,121.22654,Shanghai
31.14979,121.12426,Shanghai
30.91803,121.4741,Shanghai
31.6229,121.3973,Shanghai
31.84178,118.50467,Jiangsu
31.49099,120.31237,Jiangsu
34.2044,117.28577,Jiangsu
31.81072,119.97365,Jiangsu
31.29834,120.58319,Jiangsu
31.97958,120.89371,Jiangsu
34.59669,119.22295,Jiangsu
33.61016,119.01595,Jiangsu
33.34951,120.16164,Jiangsu
32.39358,119.41269,Jiangsu
32.18959,119.425,Jiangsu
32.45546,119.92554,Jiangsu
33.96193,118.27549,Jiangsu
29.87386,121.55027,Zhejiang
27.99492,120.69939,Zhejiang
30.74501,120.7555,Zhejiang
30.89305,120.08805,Zhejiang
30.03033,120.5802,Zhejiang
29.07812,119.64759,Zhejiang
28.93592,118.87419,Zhejiang
29.98539,122.20778,Zhejiang
28.65611,121.42056,Zhejiang
28.4672,119.92293,Zhejiang
31.82057,117.22901,Anhui
31.35246,118.43313,Anhui
32.91548,117.38932,Anhui
32.62549,116.9998,Anhui
31.67067,118.50611,Anhui
33.67078,116.92622,Anhui
30.90887,117.7422,Anhui
30.54294,117.06354,Anhui
29.71517,118.33866,Anhui
32.30181,118.31683,Anhui
32.88963,115.81495,Anhui
33.64614,116.96391,Anhui
31.73488,116.52324,Anhui
33.84461,115.77931,Anhui
30.66469,117.49142,Anhui
30.94078,118.75866,Anhui
26.07421,119.29647,Fujian
24.47951,118.08948,Fujian
25.454,119.00771,Fujian
26.26385,117.63922,Fujian
24.87389,118.67587,Fujian
24.51347,117.64725,Fujian
26.64152,118.17783,Fujian
25.07504,117.01722,Fujian
26.66571,119.54819,Fujian
28.68202,115.85794,Jiangxi
29.26869,117.17839,Jiangxi
27.62289,113.85427,Jiangxi
29.70548,116.00146,Jiangxi
27.81776,114.91713,Jiangxi
28.26019,117.06919,Jiangxi
25.83109,114.93476,Jiangxi
27.11382,114.99376,Jiangxi
27.81443,114.41612,Jiangxi
27.94781,116.35809,Jiangxi
28.45463,117.94357,Jiangxi
36.66529,116.99493,Shandong
36.06623,120.38299,Shandong
36.8131,118.0548,Shandong
34.81071,117.32196,Shandong
37.43365,118.67466,Shandong
37.46353,121.44801,Shandong
36.70686,119.16176,Shandong
35.41459,116.58724,Shandong
36.19994,117.0884,Shandong
37.51348,122.12171,Shandong
35.41646,119.52719,Shandong
36.21359,117.67667,Shandong
35.10465,118.35646,Shandong
37.4355,116.35927,Shandong
36.45702,115.98549,Shandong
37.38211,117.97279,Shandong
35.23363,115.48115,Shandong
34.74725,113.62493,Henan
34.79726,114.30731,Henan
34.61812,112.45361,Henan
33.76609,113.19241,Henan
36.09771,114.3931,Henan
35.747,114.29745,Henan
35.30323,113.92675,Henan
35.21563,113.24201,Henan
35.89516,115.49869,Shandong
34.0357,113.85233,Henan
33.58149,114.01681,Henan
34.77261,111.2003,Henan
32.99073,112.52851,Henan
34.41427,115.65635,Henan
32.14714,114.09279,Henan
33.62583,114.69695,Henan
33.01142,114.02299,Henan
35.06707,112.60273,Henan
30.19953,115.0389,Hubei
32.61577,110.18734,Hubei
30.69186,111.28642,Hubei
32.009,112.12255,Hubei
30.39085,114.89495,Hubei
31.03546,112.19945,Hubei
30.92483,113.91645,Hubei
30.33479,112.24069,Hubei
30.45347,114.87238,Hubei
29.84126,114.32245,Hubei
31.69013,113.38262,Hubei
30.27217,109.48817,Hubei
30.36251,113.4545,Hubei
30.40147,112.8993,Hubei
30.66339,113.16614,Hubei
31.74457,110.67556,Hubei
28.22778,112.93886,Hunan
27.82767,113.13396,Hunan
27.82975,112.94411,Hunan
26.89324,112.57195,Hunan
27.2389,111.4677,Hunan
29.35728,113.12919,Hunan
29.03158,111.69854,Hunan
29.11667,110.47839,Hunan
28.55391,112.35516,Hunan
25.77063,113.01485,Hunan
26.42034,111.61225,Hunan
27.56974,110.0016,Hunan
27.69728,111.99458,Hunan
28.31173,109.73893,Hunan
24.81039,113.59723,Guangdong
22.27073,113.57668,Guangdong
23.3535,116.68221,Guangdong
23.02185,113.12192,Guangdong
22.57865,113.08161,Guangdong
21.27134,110.35894,Guangdong
21.66329,110.92523,Guangdong
23.0469,112.46528,Guangdong
23.11075,114.41679,Guangdong
24.28844,116.12264,Guangdong
22.78566,115.37514,Guangdong
23.74365,114.70065,Guangdong
21.85829,111.98256,Guangdong
23.68201,113.05615,Guangdong
23.02069,113.75181,Guangdong
22.51595,113.3926,Guangdong
23.6567,116.62296,Guangdong
23.54972,116.37271,Guangdong
22.91525,112.04453,Guangdong
22.81673,108.3669,Guangxi
24.32543,109.41552,Guangxi
25.27361,110.29002,Guangxi
23.47703,111.27913,Guangxi
21.48112,109.12008,Guangxi
21.68713,108.35472,Guangxi
21.9797,108.65431,Guangxi
23.11306,109.59764,Guangxi
22.65451,110.18098,Guangxi
23.90216,106.61838,Guangxi
24.40346,111.56655,Guangxi
24.69291,108.0854,Guangxi
23.7521,109.22238,Guangxi
22.37895,107.36485,Guangxi
20.04422,110.19989,Hainan
18.25248,109.51209,Hainan
18.77515,109.51696,Hainan
19.25838,110.47464,Hainan
19.52093,109.58069,Hainan
19.54329,110.79774,Hainan
18.79532,110.38975,Hainan
19.09614,108.65367,Hainan
19.68121,110.3593,Hainan
19.35182,110.10347,Hainan
19.73849,110.00487,Hainan
19.91243,109.69077,Hainan
19.22492,109.45152,Hainan
19.29828,109.05559,Hainan
18.74986,109.17361,Hainan
18.50596,110.0372,Hainan
18.63905,109.70259,Hainan
19.03334,109.83839,Hainan
30.8079,108.40873,Chongqing
29.70315,107.38982,Chongqing
29.55314,106.5686,Chongqing
29.48408,106.48225,Chongqing
29.60661,106.57439,Chongqing
29.54098,106.45773,Chongqing
29.50207,106.5114,Chongqing
29.52168,106.56256,Chongqing
29.80583,106.39628,Chongqing
28.96463,106.92852,Chongqing
29.48604,105.78017,Chongqing
29.71798,106.63043,Chongqing
29.40268,106.54041,Chongqing
29.53328,108.77101,Chongqing
29.85781,107.08105,Chongqing
29.29014,106.25936,Chongqing
29.97288,106.27679,Chongqing
29.356,105.92709,Chongqing
29.15788,107.09896,Chongqing
30.19054,105.83952,Chongqing
29.84475,106.05638,Chongqing
29.40485,105.59444,Chongqing
29.59202,106.22742,Chongqing
30.67373,107.80235,Chongqing
31.94767,108.66433,Chongqing
29.86352,107.73085,Chongqing
30.3268,107.33515,Chongqing
29.32543,107.75993,Chongqing
30.30026,108.03767,Chongqing
31.16098,108.39311,Chongqing
30.93063,108.69698,Chongqing
31.01846,109.46406,Chongqing
31.07462,109.8788,Chongqing
31.3986,109.57016,Chongqing
29.99968,108.11415,Chongqing
28.44832,109.00714,Chongqing
28.84126,108.76778,Chongqing
29.29376,108.16555,Chongqing
29.3392,104.77844,Sichuan
26.58228,101.71872,Sichuan
28.8717,105.44257,Sichuan
31.12679,104.3979,Sichuan
31.46751,104.6796,Sichuan
32.43549,105.84357,Sichuan
30.53286,105.59273,Sichuan
29.58015,105.05844,Sichuan
29.55221,103.76539,Sichuan
30.83731,106.11073,Sichuan
30.07563,103.84851,Sichuan
28.7513,104.6417,Sichuan
30.45596,106.63322,Sichuan
31.20864,107.46791,Sichuan
30.01543,103.0398,Sichuan
31.86715,106.74733,Sichuan
30.12859,104.62798,Sichuan
31.8994,102.22477,Sichuan
30.04932,101.96254,Sichuan
27.88164,102.26746,Sichuan
26.64702,106.63024,Guizhou
26.68469,104.74668,Guizhou
28.17544,107.81609,Guizhou
26.25367,105.9462,Guizhou
27.29847,105.30504,Guizhou
27.69066,109.18099,Guizhou
25.08988,104.90437,Guizhou
27.14544,107.94483,Guizhou
26.25427,107.52226,Guizhou
24.87966,102.83322,Yunnan
25.49002,103.79625,Yunnan
24.35193,102.5466,Yunnan
25.11205,99.16181,Yunnan
27.33817,103.7168,Yunnan
26.85648,100.2271,Yunnan
22.82521,100.96624,Yunnan
23.88426,100.08884,Yunnan
25.04495,101.52767,Yunnan
23.36422,103.3756,Yunnan
23.39849,104.21504,Yunnan
22.00749,100.79739,Yunnan
25.60648,100.26764,Yunnan
24.43232,98.58486,Yunnan
25.81763,98.8567,Yunnan
27.81908,99.70305,Yunnan
29.64415,91.1145,Xizang
31.14073,97.17225,Xizang
29.23705,91.77313,Xizang
29.26706,88.88116,Xizang
31.47614,92.05136,Xizang
30.40051,81.1454,Xizang
29.64895,94.36155,Xizang
34.89673,108.94515,Shaanxi
34.36194,107.23732,Shaanxi
34.32932,108.70929,Shaanxi
34.49997,109.51015,Shaanxi
36.58529,109.48978,Shaanxi
33.06761,107.02377,Shaanxi
38.2852,109.73458,Shaanxi
32.68486,109.02932,Shaanxi
33.87036,109.94041,Shaanxi
39.77201,98.29011,Gansu
38.52006,102.18759,Gansu
36.5447,104.13773,Gansu
34.58085,105.72486,Gansu
37.9282,102.63797,Gansu
38.92592,100.44981,Gansu
35.54303,106.6653,Gansu
39.73255,98.49394,Gansu
35.70978,107.64292,Gansu
35.58113,104.62524,Gansu
33.401,104.92166,Gansu
35.60122,103.21091,Gansu
34.98327,102.91102,Gansu
36.61729,101.77782,Qinghai
36.48209,102.40173,Qinghai
36.95454,100.90096,Qinghai
35.51991,102.01507,Qinghai
36.28643,100.62021,Qinghai
34.47141,100.24475,Qinghai
33.00528,97.0065,Qinghai
33.66033,90,Qinghai
38.48644,106.23248,Ningxia
38.9841,106.38418,Ningxia
37.99755,106.19879,Ningxia
35.58333,105.77999,Gansu
37.50026,105.19676,Ningxia
44.67762,84.76297,Xinjiang
42.9513,89.18954,Xinjiang
42.81874,93.51626,Xinjiang
43.1014,86.6474,Xinjiang
44.90597,82.06665,Xinjiang
41.76404,86.14517,Xinjiang
41.16842,80.26008,Xinjiang
39.7153,76.16661,Xinjiang
39.47042,75.98976,Xinjiang
37.11431,79.92247,Xinjiang
42.37645,81.84976,Xinjiang
46.74532,82.98046,Xinjiang
47.84564,88.14023,Xinjiang
44.30653,86.07893,Xinjiang
40.54798,81.28067,Xinjiang
39.86495,79.06902,Xinjiang
44.16799,87.54017,Xinjiang
38.03647,114.53952,Hebei
38.04747,114.50485,Hebei
38.00407,114.46104,Hebei
38.0509,114.46312,Hebei
38.06499,114.0623,Hebei
38.0061,114.53122,Hebei
38.03225,114.14532,Hebei
38.14618,114.57096,Hebei
37.90025,114.64839,Hebei
38.43848,114.55294,Hebei
38.30864,114.38265,Hebei
37.61493,114.61148,Hebei
38.18417,115.20094,Hebei
37.66579,114.38592,Hebei
38.17915,114.97638,Hebei
38.25998,114.18605,Hebei
37.76646,114.52547,Hebei
37.75631,114.77616,Hebei
37.94316,115.21792,Hebei
38.02166,114.84676,Hebei
38.03356,115.0441,Hebei
38.34338,114.68384,Hebei
38.08587,114.31344,Hebei
39.62527,118.15474,Hebei
39.62429,118.20127,Hebei
39.71612,118.45885,Hebei
39.67132,118.26174,Hebei
39.57487,118.08505,Hebei
39.83269,118.16206,Hebei
39.74058,118.70351,Hebei
39.42564,118.91252,Hebei
40.14153,118.3146,Hebei
39.9005,117.73881,Hebei
40.18924,117.96567,Hebei
39.99836,118.70073,Hebei
39.9345,119.61063,Hebei
39.97892,119.77606,Hebei
39.83507,119.48458,Hebei
40.40692,118.95012,Hebei
39.71284,119.16288,Hebei
39.87634,119.24444,Hebei
39.8918,118.89294,Hebei
36.549,114.48605,Hebei
36.61853,114.49339,Hebei
36.61693,114.47309,Hebei
36.41968,114.21302,Hebei
36.5939,114.53111,Hebei
36.33464,114.61955,Hebei
36.44414,114.66999,Hebei
36.28558,115.14788,Hebei
36.58495,113.69142,Hebei
36.37396,114.37392,Hebei
36.54811,114.80002,Hebei
36.77771,114.49095,Hebei
36.81987,115.17641,Hebei
36.92031,114.8782,Hebei
36.48345,114.9485,Hebei
36.53529,115.30629,Hebei
36.35991,114.93882,Hebei
36.77918,114.94485,Hebei
36.69671,114.20376,Hebei
37.06787,114.50713,Hebei
37.05983,114.46816,Hebei
37.08627,114.54489,Hebei
37.4443,114.49898,Hebei
37.28678,114.51207,Hebei
37.48244,114.69363,Hebei
37.35025,114.77031,Hebei
37.12092,114.67132,Hebei
37.0049,114.68376,Hebei
37.6198,114.91932,Hebei
37.22107,115.03781,Hebei
37.52867,115.24214,Hebei
37.07463,115.14261,Hebei
37.06319,115.03007,Hebei
36.97542,115.26669,Hebei
37.03993,115.66718,Hebei
36.87082,115.50104,Hebei
37.35795,115.40866,Hebei
36.85516,114.50332,Hebei
38.87758,115.45838,Hebei
38.88256,115.49705,Hebei
38.8546,115.52866,Hebei
38.94892,115.32217,Hebei
38.76526,115.48989,Hebei
39.39428,115.71378,Hebei
38.84915,114.19531,Hebei
39.01865,115.65586,Hebei
39.26315,115.8079,Hebei
38.7479,114.98295,Hebei
38.70007,115.77884,Hebei
39.04285,115.86164,Hebei
39.36018,114.69424,Hebei
38.709,115.15564,Hebei
38.93535,115.93564,Hebei
39.34926,115.49846,Hebei
38.62231,114.74501,Hebei
38.48806,115.5836,Hebei
38.83759,115.13543,Hebei
38.45766,115.46439,Hebei
38.99446,116.10879,Hebei
39.48529,115.97439,Hebei
38.51626,114.99025,Hebei
38.41845,115.32664,Hebei
39.32658,115.87373,Hebei
40.78847,114.89436,Hebei
40.81956,114.86937,Hebei
40.56434,115.49626,Hebei
40.5024,115.28751,Hebei
40.57931,115.00142,Hebei
41.15862,114.71987,Hebei
41.85228,114.60035,Hebei
41.66964,115.68865,Hebei
41.07599,113.96919,Hebei
39.84072,114.58897,Hebei
40.10366,114.15057,Hebei
40.6743,114.38564,Hebei
40.76699,114.74055,Hebei
40.41538,115.51778,Hebei
40.38003,115.21962,Hebei
40.91295,115.83166,Hebei
40.97457,115.28264,Hebei
40.97469,117.94348,Hebei
40.95913,117.80024,Hebei
40.47523,117.64999,Hebei
40.76853,118.17382,Hebei
40.41727,117.50076,Hebei
41.0184,118.70202,Hebei
40.94145,117.33286,Hebei
41.31381,117.73897,Hebei
41.20894,116.64591,Hebei
40.61139,118.48535,Hebei
41.93846,117.76016,Hebei
38.31419,116.86622,Hebei
38.31077,116.83191,Hebei
38.32474,116.60718,Hebei
38.58348,116.80318,Hebei
37.88828,116.5371,Hebei
38.14325,117.49785,Hebei
38.0583,117.23025,Hebei
38.42277,115.82997,Hebei
38.0378,116.70774,Hebei
37.6277,116.39154,Hebei
38.19018,116.12279,Hebei
38.05341,117.10418,Hebei
38.08364,116.57828,Hebei
38.71164,116.09954,Hebei
38.37139,117.33012,Hebei
38.44548,116.099,Hebei
39.50311,116.68572,Hebei
39.5228,116.71051,Hebei
39.43825,116.29852,Hebei
39.32178,116.49904,Hebei
39.76142,117.00645,Hebei
38.70469,116.65423,Hebei
38.87328,116.45848,Hebei
39.88665,116.98951,Hebei
39.12709,116.39134,Hebei
39.98246,117.07822,Hebei
37.73516,115.67466,Hebei
37.51337,115.72418,Hebei
37.80186,115.88751,Hebei
38.0412,115.98253,Hebei
38.2353,115.7256,Hebei
38.23447,115.51912,Hebei
37.34748,115.96581,Hebei
37.69234,116.2706,Hebei
37.86885,116.14437,Hebei
37.55085,115.57938,Hebei
38.00022,115.56001,Hebei
37.73605,112.56566,Shanxi
37.8632,112.56346,Shanxi
37.89403,112.57053,Shanxi
37.94036,112.48699,Shanxi
37.85929,112.51562,Shanxi
37.71525,112.4777,Shanxi
37.60736,112.35885,Shanxi
38.05828,112.67292,Shanxi
38.0672,111.79745,Shanxi
37.90714,112.17588,Shanxi
40.07567,113.29853,Shanxi
40.00543,113.14952,Shanxi
40.25585,113.14013,Shanxi
40.36627,113.75412,Shanxi
40.42031,114.0907,Shanxi
39.7602,114.28257,Shanxi
39.44243,114.2342,Shanxi
39.69873,113.6908,Shanxi
40.01349,112.70273,Shanxi
40.04016,113.61217,Shanxi
37.84739,113.60075,Shanxi
37.86851,113.5553,Shanxi
37.94135,113.58515,Shanxi
37.78685,113.65804,Shanxi
38.0858,113.41238,Shanxi
36.20346,113.12303,Shanxi
36.22434,113.11185,Shanxi
36.05312,113.05135,Shanxi
36.53581,113.05306,Shanxi
36.31553,112.89221,Shanxi
36.20006,113.43606,Shanxi
36.50227,113.38722,Shanxi
36.11567,113.20733,Shanxi
36.12222,112.87795,Shanxi
36.8378,112.86387,Shanxi
36.75608,112.69907,Shanxi
36.5001,112.33762,Shanxi
36.33418,113.22893,Shanxi
35.50154,112.85352,Shanxi
35.69015,112.1866,Shanxi
35.48618,112.41491,Shanxi
35.77512,113.28061,Shanxi
35.50043,112.94366,Shanxi
35.79807,112.92358,Shanxi
39.31918,112.43314,Shanxi
39.51238,112.28832,Shanxi
39.52625,112.81572,Shanxi
39.55401,113.19095,Shanxi
39.98913,112.46705,Shanxi
39.82788,113.10012,Shanxi
37.69978,112.70746,Shanxi
37.07084,112.97522,Shanxi
37.08243,113.37926,Shanxi
37.32905,113.56972,Shanxi
37.61282,113.70718,Shanxi
37.89498,113.17666,Shanxi
37.42119,112.55126,Shanxi
37.35775,112.33507,Shanxi
37.18934,112.17557,Shanxi
36.84788,111.77879,Shanxi
37.0271,111.91672,Shanxi
35.01505,110.99817,Shanxi
35.14471,110.77408,Shanxi
35.41534,110.83781,Shanxi
35.35663,111.22472,Shanxi
35.60401,110.98311,Shanxi
35.61622,111.2247,Shanxi
35.49146,111.56878,Shanxi
35.29762,111.67025,Shanxi
35.14136,111.22031,Shanxi
34.83467,111.19474,Shanxi
34.69365,110.69442,Shanxi
34.86716,110.44773,Shanxi
35.59643,110.71186,Shanxi
38.40429,112.74619,Shanxi
38.47348,112.95722,Shanxi
38.72812,113.2554,Shanxi
39.06689,112.95996,Shanxi
39.18904,113.26547,Shanxi
39.00147,112.3045,Shanxi
38.35924,111.93875,Shanxi
39.09059,112.21077,Shanxi
38.91071,111.84701,Shanxi
38.70427,111.57296,Shanxi
39.38456,111.13837,Shanxi
39.02265,111.08625,Shanxi
39.43613,111.50869,Shanxi
38.73051,112.71092,Shanxi
36.08329,111.57776,Shanxi
35.64105,111.4757,Shanxi
35.73823,111.71836,Shanxi
35.87618,111.44189,Shanxi
36.25374,111.67496,Shanxi
36.26661,111.9205,Shanxi
36.14781,112.25013,Shanxi
35.96802,111.84952,Shanxi
36.09789,110.68162,Shanxi
35.97053,110.84721,Shanxi
36.46511,110.75285,Shanxi
36.69344,110.94049,Shanxi
36.75952,110.63198,Shanxi
36.41179,111.09648,Shanxi
36.65295,111.56365,Shanxi
35.61908,111.37213,Shanxi
36.56879,111.75505,Shanxi
37.51761,111.15081,Shanxi
37.43843,112.0285,Shanxi
37.55165,112.15478,Shanxi
38.46242,111.1276,Shanxi
37.95106,110.99208,Shanxi
37.42902,110.88937,Shanxi
36.99857,110.83469,Shanxi
38.27939,111.67195,Shanxi
37.8947,111.24396,Shanxi
37.3572,111.17953,Shanxi
36.98217,111.18107,Shanxi
37.14534,111.77903,Shanxi
37.26542,111.78777,Shanxi
40.85844,111.66345,WestInnerMongolia
40.80772,111.62299,WestInnerMongolia
40.75319,111.67543,WestInnerMongolia
40.79195,111.70171,WestInnerMongolia
40.72957,111.16358,WestInnerMongolia
40.27744,111.19421,WestInnerMongolia
40.37859,111.82083,WestInnerMongolia
39.90892,111.68639,WestInnerMongolia
41.0965,111.45118,WestInnerMongolia
40.57643,110.04317,WestInnerMongolia
40.64178,109.83859,WestInnerMongolia
40.64559,109.90241,WestInnerMongolia
40.67204,110.27227,WestInnerMongolia
41.76943,109.97372,WestInnerMongolia
40.61009,109.96718,WestInnerMongolia
40.56883,110.52421,WestInnerMongolia
41.03412,110.0607,WestInnerMongolia
41.69854,110.43261,WestInnerMongolia
39.69184,106.8226,WestInnerMongolia
39.44096,106.89157,WestInnerMongolia
39.5058,106.72609,WestInnerMongolia
42.26581,118.95927,EastInnerMongolia
42.03888,119.28862,EastInnerMongolia
42.02856,118.91238,EastInnerMongolia
43.87244,120.06556,EastInnerMongolia
43.97094,119.37961,EastInnerMongolia
43.53391,118.66466,EastInnerMongolia
43.61702,118.0558,EastInnerMongolia
43.26624,117.54421,EastInnerMongolia
42.93483,119.00669,EastInnerMongolia
41.92718,118.70273,EastInnerMongolia
41.59426,119.34308,EastInnerMongolia
42.29073,119.92168,EastInnerMongolia
43.62244,122.25615,EastInnerMongolia
44.12659,123.31216,EastInnerMongolia
42.93511,122.35674,EastInnerMongolia
43.60005,121.3189,EastInnerMongolia
42.73504,121.81073,EastInnerMongolia
42.86729,120.65779,EastInnerMongolia
44.55631,120.91159,EastInnerMongolia
45.53141,119.66359,EastInnerMongolia
39.82127,109.96144,WestInnerMongolia
40.40016,110.03293,WestInnerMongolia
39.86426,111.23987,WestInnerMongolia
38.18239,107.47743,WestInnerMongolia
39.08989,107.9776,WestInnerMongolia
39.83352,108.73497,WestInnerMongolia
38.60388,108.81769,WestInnerMongolia
39.56442,109.74811,WestInnerMongolia
49.21336,119.73572,EastInnerMongolia
48.12582,123.45944,EastInnerMongolia
48.47711,124.51936,EastInnerMongolia
50.59158,123.72577,EastInnerMongolia
49.14678,119.75542,EastInnerMongolia
49.32837,119.42429,EastInnerMongolia
48.21819,118.26995,EastInnerMongolia
48.67191,116.82355,EastInnerMongolia
49.59655,117.37836,EastInnerMongolia
49.28563,120.71174,EastInnerMongolia
48.01365,122.73761,EastInnerMongolia
50.24315,120.17962,EastInnerMongolia
50.78046,121.5204,EastInnerMongolia
40.76645,107.38683,WestInnerMongolia
41.08879,108.2673,WestInnerMongolia
40.33056,107.00864,WestInnerMongolia
40.73662,108.65224,WestInnerMongolia
41.56746,108.52647,WestInnerMongolia
41.08414,107.07481,WestInnerMongolia
40.88594,107.15114,WestInnerMongolia
40.9906,113.12401,WestInnerMongolia
40.89417,112.57785,WestInnerMongolia
41.90479,114.01089,WestInnerMongolia
41.5621,113.57718,WestInnerMongolia
40.8719,113.83396,WestInnerMongolia
40.53165,112.50387,WestInnerMongolia
40.78585,113.21095,WestInnerMongolia
41.27747,112.63544,WestInnerMongolia
41.43589,113.19222,WestInnerMongolia
41.53316,111.70658,WestInnerMongolia
40.43574,113.11056,WestInnerMongolia
46.07282,122.09316,EastInnerMongolia
47.1771,119.94381,EastInnerMongolia
46.07955,121.95275,EastInnerMongolia
45.06056,121.47694,EastInnerMongolia
46.72279,122.8998,EastInnerMongolia
45.38282,121.59408,EastInnerMongolia
43.64305,111.95238,EastInnerMongolia
43.93339,116.08608,EastInnerMongolia
44.02272,114.95034,EastInnerMongolia
43.85921,113.66737,EastInnerMongolia
42.74694,112.65746,EastInnerMongolia
45.5096,116.97215,EastInnerMongolia
44.58716,117.60899,EastInnerMongolia
41.87732,115.28305,EastInnerMongolia
42.23232,113.84751,EastInnerMongolia
42.28722,115.03077,EastInnerMongolia
42.24162,115.99239,EastInnerMongolia
42.20303,116.48571,EastInnerMongolia
38.83343,105.66626,WestInnerMongolia
39.21536,101.66711,WestInnerMongolia
41.95449,101.05552,WestInnerMongolia
41.78985,123.42102,Liaoning
41.79607,123.45852,Liaoning
41.86281,123.48682,Liaoning
41.82053,123.42512,Liaoning
41.80267,123.37722,Liaoning
41.66472,123.34432,Liaoning
41.87624,123.47634,Liaoning
42.05368,123.527,Liaoning
41.79407,123.30813,Liaoning
41.5118,122.73161,Liaoning
42.7499,123.35349,Liaoning
42.50403,123.40838,Liaoning
41.99767,122.828,Liaoning
38.91864,121.64511,Liaoning
38.91478,121.61234,Liaoning
38.90463,121.59451,Liaoning
38.95223,121.5255,Liaoning
38.85129,121.26208,Liaoning
39.05015,121.78259,Liaoning
39.27276,122.58861,Liaoning
39.62644,121.97995,Liaoning
39.39443,121.96323,Liaoning
39.68037,122.96611,Liaoning
41.08994,122.9912,Liaoning
41.11956,122.96939,Liaoning
41.15013,123.02952,Liaoning
41.07488,122.96089,Liaoning
41.41269,122.43591,Liaoning
40.28998,123.28171,Liaoning
40.88145,122.68463,Liaoning
41.85928,123.87415,Liaoning
41.85301,124.03923,Liaoning
41.85329,123.78439,Liaoning
41.88307,123.94513,Liaoning
41.78616,124.19596,Liaoning
41.73371,125.03979,Liaoning
42.10038,124.92411,Liaoning
41.22132,123.68338,Liaoning
41.32919,123.76769,Liaoning
41.30877,123.81695,Liaoning
41.10031,123.74509,Liaoning
41.3027,124.12193,Liaoning
41.26706,125.36096,Liaoning
40.13673,124.39582,Liaoning
40.10495,124.36041,Liaoning
40.15823,124.4282,Liaoning
40.73131,124.78366,Liaoning
39.86172,124.15209,Liaoning
40.45279,124.06605,Liaoning
41.11728,121.12834,Liaoning
41.11512,121.15126,Liaoning
41.69391,122.12066,Liaoning
41.53311,121.23915,Liaoning
41.17371,121.35771,Liaoning
41.59465,121.79854,Liaoning
40.67256,122.25896,Liaoning
40.66629,122.20668,Liaoning
40.22675,122.12169,Liaoning
40.68006,122.38012,Liaoning
40.40053,122.3488,Liaoning
40.64448,122.50917,Liaoning
42.01332,121.65617,Liaoning
42.08742,121.79232,Liaoning
42.01072,121.67865,Liaoning
41.78306,121.41614,Liaoning
42.02539,121.68008,Liaoning
42.06514,121.75791,Liaoning
42.38649,122.53889,Liaoning
41.27031,123.17424,Liaoning
41.26276,123.18527,Liaoning
41.21725,123.19637,Liaoning
41.15166,123.42012,Liaoning
41.25355,123.18123,Liaoning
41.08235,122.82444,Liaoning
41.42616,123.3393,Liaoning
41.19049,122.06017,Liaoning
41.13876,122.10558,Liaoning
41.00247,122.08245,Liaoning
41.24265,121.9963,Liaoning
42.2862,123.84241,Liaoning
42.54682,124.15916,Liaoning
42.22284,123.72783,Liaoning
42.73835,124.72734,Liaoning
42.78613,124.11092,Liaoning
42.46755,123.5669,Liaoning
42.54645,124.0382,Liaoning
41.5657,120.45372,Liaoning
41.59973,120.41555,Liaoning
41.36782,120.29592,Liaoning
41.4032,119.64396,Liaoning
41.12738,119.74048,Liaoning
41.8008,120.77091,Liaoning
41.24548,119.40134,Liaoning
40.77526,120.86908,Liaoning
40.73545,120.89393,Liaoning
41.10714,120.74985,Liaoning
40.32565,120.34431,Liaoning
40.82408,119.83715,Liaoning
40.61019,120.75619,Liaoning
43.86414,125.35043,Jilin
43.94288,125.32615,Jilin
43.83327,125.28845,Jilin
43.86497,125.37427,Jilin
43.88041,125.25606,Jilin
43.52503,125.66464,Jilin
44.43195,125.18512,Jilin
44.15174,125.83949,Jilin
44.83989,126.533,Jilin
44.53709,125.70558,Jilin
43.88187,126.57436,Jilin
43.9106,126.56223,Jilin
43.83395,126.54113,Jilin
43.82142,126.56206,Jilin
43.67253,126.49754,Jilin
43.72393,127.34477,Jilin
42.97208,126.74627,Jilin
44.40586,126.96532,Jilin
42.94662,126.06046,Jilin
43.14635,124.34515,Jilin
43.16208,124.40946,Jilin
43.30717,124.33564,Jilin
43.34494,125.30536,Jilin
43.50468,124.8228,Jilin
43.51845,123.50296,Jilin
42.9015,125.13682,Jilin
42.92689,125.14922,Jilin
42.67704,125.53056,Jilin
42.92636,124.99162,Jilin
41.7285,125.95513,Jilin
41.7742,126.04262,Jilin
41.3309,126.20889,Jilin
42.68499,126.04687,Jilin
42.2847,125.74478,Jilin
42.53873,125.7121,Jilin
41.12622,126.19269,Jilin
41.94507,126.417,Jilin
42.05665,126.59088,Jilin
42.34202,127.28036,Jilin
42.38872,126.81329,Jilin
41.41997,128.2005,Jilin
41.81193,126.91798,Jilin
45.17179,124.81696,Jilin
45.1173,124.82357,Jilin
44.27591,123.9673,Jilin
45.00457,124.02797,Jilin
44.99014,126.04972,Jilin
45.6216,122.85111,Jilin
45.84825,123.19987,Jilin
44.81296,123.08831,Jilin
45.33559,122.78635,Jilin
45.50711,124.29252,Jilin
42.89107,129.5091,Jilin
42.96805,129.8439,Jilin
43.37271,128.23205,Jilin
42.86249,130.36577,Jilin
42.76587,129.42641,Jilin
42.54641,129.01079,Jilin
43.31281,129.77125,Jilin
43.11166,128.8992,Jilin
45.75567,126.61686,Heilongjiang
45.76021,126.66837,Heilongjiang
45.79201,126.64932,Heilongjiang
45.59799,126.63768,Heilongjiang
45.80825,126.56279,Heilongjiang
45.70847,126.66287,Heilongjiang
45.88899,126.58796,Heilongjiang
45.54774,126.95717,Heilongjiang
46.32489,129.56859,Heilongjiang
45.85253,128.82707,Heilongjiang
45.75864,127.48586,Heilongjiang
46.08536,127.4035,Heilongjiang
45.95038,128.04392,Heilongjiang
45.9901,128.74607,Heilongjiang
45.4519,128.33162,Heilongjiang
45.38355,126.31227,Heilongjiang
45.21102,127.96027,Heilongjiang
44.93191,127.16746,Heilongjiang
47.31742,123.95763,Heilongjiang
47.35434,123.95546,Heilongjiang
47.34076,123.97807,Heilongjiang
47.15517,123.82234,Heilongjiang
47.2089,123.62937,Heilongjiang
47.51698,122.88777,Heilongjiang
47.3095,123.75281,Heilongjiang
47.33737,123.20483,Heilongjiang
47.89349,125.30621,Heilongjiang
46.39389,123.41738,Heilongjiang
47.92037,123.50624,Heilongjiang
47.77533,124.47387,Heilongjiang
48.03694,125.87561,Heilongjiang
48.04167,126.24871,Heilongjiang
47.59569,126.10005,Heilongjiang
48.48419,124.88397,Heilongjiang
45.30412,130.98084,Heilongjiang
45.21072,130.90499,Heilongjiang
45.34872,130.84367,Heilongjiang
45.09203,130.69708,Heilongjiang
45.33693,131.01136,Heilongjiang
45.21213,130.47817,Heilongjiang
45.26002,131.12408,Heilongjiang
45.76267,132.93695,Heilongjiang
45.52975,131.84631,Heilongjiang
47.34254,130.2943,Heilongjiang
47.31872,130.27482,Heilongjiang
47.31506,130.28714,Heilongjiang
47.25286,130.23924,Heilongjiang
47.33872,130.31755,Heilongjiang
47.3846,130.33302,Heilongjiang
47.57752,130.8286,Heilongjiang
47.28906,131.85224,Heilongjiang
46.64618,131.1584,Heilongjiang
46.54464,131.15214,Heilongjiang
46.59426,131.33446,Heilongjiang
46.57727,131.40178,Heilongjiang
46.72844,131.14115,Heilongjiang
46.76743,131.80795,Heilongjiang
46.32695,132.19708,Heilongjiang
46.7982,134.01324,Heilongjiang
46.60302,125.05422,Heilongjiang
46.56182,125.13415,Heilongjiang
46.65225,124.87083,Heilongjiang
46.39818,124.89082,Heilongjiang
46.03904,124.81056,Heilongjiang
45.69886,125.26859,Heilongjiang
45.5183,125.07795,Heilongjiang
47.18298,124.8713,Heilongjiang
46.86231,124.44278,Heilongjiang
47.72798,128.90743,Heilongjiang
47.13799,129.28365,Heilongjiang
47.8538,128.84071,Heilongjiang
47.48081,129.31286,Heilongjiang
47.72582,128.669,Heilongjiang
48.29045,129.53362,Heilongjiang
47.63508,129.12925,Heilongjiang
47.41303,129.42899,Heilongjiang
48.10802,129.24536,Heilongjiang
47.72669,128.80019,Heilongjiang
48.45469,129.57097,Heilongjiang
47.02834,129.02057,Heilongjiang
48.59057,129.43773,Heilongjiang
48.23941,129.39081,Heilongjiang
47.97469,129.02439,Heilongjiang
48.88942,130.40308,Heilongjiang
46.98664,128.03243,Heilongjiang
46.80019,130.3206,Heilongjiang
46.23925,130.55366,Heilongjiang
47.023,130.71898,Heilongjiang
46.73068,129.90495,Heilongjiang
48.36485,134.30795,Heilongjiang
47.64213,132.51101,Heilongjiang
47.25022,132.03728,Heilongjiang
45.81597,130.9321,Heilongjiang
45.76554,131.02,Heilongjiang
45.78487,131.06693,Heilongjiang
45.75506,130.59144,Heilongjiang
44.58122,129.62672,Heilongjiang
44.5963,129.63559,Heilongjiang
44.59608,129.59176,Heilongjiang
44.5775,129.6161,Heilongjiang
44.08694,131.12463,Heilongjiang
45.27782,130.28315,Heilongjiang
44.4132,131.15012,Heilongjiang
44.59378,129.38064,Heilongjiang
44.34018,129.4828,Heilongjiang
44.91883,130.52468,Heilongjiang
50.2521,127.50048,Heilongjiang
49.18572,125.22094,Heilongjiang
49.56391,128.47888,Heilongjiang
49.42543,127.33605,Heilongjiang
48.24146,126.49108,Heilongjiang
48.51649,126.20451,Heilongjiang
46.6373,126.98566,Heilongjiang
46.83281,126.48602,Heilongjiang
46.25241,126.28788,Heilongjiang
46.68966,126.11387,Heilongjiang
46.8802,127.50758,Heilongjiang
47.17332,125.906,Heilongjiang
47.23609,127.11478,Heilongjiang
46.41773,125.34379,Heilongjiang
46.05121,125.9625,Heilongjiang
47.4621,126.97338,Heilongjiang
51.72606,126.65291,Heilongjiang
52.33432,124.71003,Heilongjiang
52.97209,122.53864,Heilongjiang
32.04835,118.79809,Jiangsu
32.03899,118.7945,Jiangsu
32.00335,118.73145,Jiangsu
32.06639,118.77013,Jiangsu
32.059,118.62841,Jiangsu
32.09636,118.90907,Jiangsu
31.99226,118.7787,Jiangsu
31.95266,118.84002,Jiangsu
32.32222,118.82155,Jiangsu
31.38103,118.96995,Jiangsu
31.32751,118.8921,Jiangsu
31.56597,120.30297,Jiangsu
31.56347,120.30897,Jiangsu
31.60583,120.29374,Jiangsu
31.58849,120.35761,Jiangsu
31.68096,120.29834,Jiangsu
31.52853,120.28429,Jiangsu
31.92005,120.2854,Jiangsu
31.34042,119.82346,Jiangsu
34.28823,117.18554,Jiangsu
34.249,117.22942,Jiangsu
34.44308,117.45353,Jiangsu
34.24422,117.19383,Jiangsu
34.18044,117.16898,Jiangsu
34.69396,116.59532,Jiangsu
34.72166,116.9375,Jiangsu
33.91274,117.94108,Jiangsu
34.36927,118.35548,Jiangsu
34.3352,118.01246,Jiangsu
31.77973,119.97472,Jiangsu
31.80164,119.90143,Jiangsu
31.75713,120.0482,Jiangsu
31.83052,119.97147,Jiangsu
31.70165,119.94311,Jiangsu
31.41586,119.4846,Jiangsu
31.72322,119.59794,Jiangsu
31.29579,120.57186,Jiangsu
31.26249,120.63212,Jiangsu
31.36897,120.64247,Jiangsu
31.30227,120.63132,Jiangsu
31.13762,120.64504,Jiangsu
31.65382,120.75237,Jiangsu
31.87547,120.5555,Jiangsu
31.38475,120.98181,Jiangsu
31.45911,121.12975,Jiangsu
32.00986,120.85737,Jiangsu
32.03141,120.81813,Jiangsu
32.06764,121.07299,Jiangsu
32.53308,120.46759,Jiangsu
32.32956,121.18502,Jiangsu
31.80805,121.65787,Jiangsu
32.3716,120.57382,Jiangsu
31.87165,121.18179,Jiangsu
34.75974,119.33894,Jiangsu
34.57203,119.16348,Jiangsu
34.84065,119.1773,Jiangsu
34.54216,118.77147,Jiangsu
34.28407,119.24096,Jiangsu
34.08673,119.31563,Jiangsu
33.59952,119.00805,Jiangsu
33.50306,119.14108,Jiangsu
33.63175,119.0349,Jiangsu
33.55308,119.02662,Jiangsu
33.78098,119.26089,Jiangsu
33.29433,118.8735,Jiangsu
33.01089,118.54499,Jiangsu
33.02359,119.02043,Jiangsu
33.38893,120.1953,Jiangsu
33.33732,120.15448,Jiangsu
34.19919,119.57839,Jiangsu
33.98975,119.82064,Jiangsu
33.75931,119.80258,Jiangsu
33.77496,120.25815,Jiangsu
33.46406,119.79858,Jiangsu
32.86695,120.3205,Jiangsu
33.20107,120.50102,Jiangsu
32.39463,119.43157,Jiangsu
32.37654,119.39823,Jiangsu
32.43458,119.57006,Jiangsu
33.24142,119.35841,Jiangsu
32.27203,119.18444,Jiangsu
32.78112,119.45558,Jiangsu
32.19811,119.46962,Jiangsu
32.19525,119.41217,Jiangsu
32.13188,119.43396,Jiangsu
32.00945,119.60694,Jiangsu
32.23702,119.79682,Jiangsu
31.94482,119.16864,Jiangsu
32.49098,119.91956,Jiangsu
32.31841,119.88116,Jiangsu
32.50882,120.12701,Jiangsu
32.91041,119.85272,Jiangsu
32.01494,120.27454,Jiangsu
32.17191,120.052,Jiangsu
33.96315,118.24238,Jiangsu
33.94686,118.33066,Jiangsu
34.11215,118.80406,Jiangsu
33.72101,118.70335,Jiangsu
33.459,118.21624,Jiangsu
30.24259,120.16929,Zhejiang
30.28122,120.18117,Zhejiang
30.25727,120.20523,Zhejiang
30.31974,120.1421,Zhejiang
30.25961,120.13026,Zhejiang
30.2084,120.21201,Zhejiang
30.18534,120.26457,Zhejiang
30.41875,120.2985,Zhejiang
29.79317,119.6915,Zhejiang
29.60852,119.04188,Zhejiang
29.47475,119.28121,Zhejiang
30.04885,119.96043,Zhejiang
30.23383,119.7248,Zhejiang
29.85957,121.55084,Zhejiang
29.86698,121.57011,Zhejiang
29.88615,121.55468,Zhejiang
29.89889,121.84431,Zhejiang
29.94899,121.71624,Zhejiang
29.8172,121.547,Zhejiang
29.47665,121.86932,Zhejiang
29.28807,121.42961,Zhejiang
30.03711,121.15435,Zhejiang
30.16964,121.26647,Zhejiang
29.65503,121.40686,Zhejiang
28.01469,120.65523,Zhejiang
27.93252,120.81303,Zhejiang
28.00708,120.63768,Zhejiang
27.83616,121.1572,Zhejiang
28.15336,120.69171,Zhejiang
27.6621,120.56595,Zhejiang
27.51743,120.42631,Zhejiang
27.78712,120.09137,Zhejiang
27.55639,119.7175,Zhejiang
27.77838,120.65518,Zhejiang
28.11289,120.98338,Zhejiang
30.74744,120.78483,Zhejiang
30.76388,120.7092,Zhejiang
30.83075,120.92716,Zhejiang
30.52553,120.94579,Zhejiang
30.50938,120.68102,Zhejiang
30.67585,121.01606,Zhejiang
30.63074,120.56432,Zhejiang
30.85816,120.18562,Zhejiang
30.84979,120.41847,Zhejiang
30.54269,119.97754,Zhejiang
31.02663,119.91011,Zhejiang
30.63824,119.68219,Zhejiang
29.98899,120.58199,Zhejiang
30.08189,120.49476,Zhejiang
30.03227,120.86858,Zhejiang
29.49983,120.90385,Zhejiang
29.71364,120.23632,Zhejiang
29.58849,120.8217,Zhejiang
29.08624,119.5715,Zhejiang
29.09914,119.69311,Zhejiang
28.8926,119.81651,Zhejiang
29.45251,119.89206,Zhejiang
29.05403,120.45022,Zhejiang
29.20838,119.46051,Zhejiang
29.30558,120.07468,Zhejiang
29.28946,120.24191,Zhejiang
28.88851,120.04731,Zhejiang
28.96864,118.87117,Zhejiang
28.97964,118.95919,Zhejiang
28.90141,118.51116,Zhejiang
29.13609,118.41422,Zhejiang
29.02827,119.17225,Zhejiang
28.73725,118.6269,Zhejiang
30.01979,122.10679,Zhejiang
29.9492,122.30278,Zhejiang
30.24369,122.20498,Zhejiang
30.72573,122.45137,Zhejiang
28.67307,121.44297,Zhejiang
28.64965,121.26295,Zhejiang
28.58265,121.36508,Zhejiang
28.13589,121.23164,Zhejiang
29.10467,121.39568,Zhejiang
29.14304,121.00728,Zhejiang
28.84683,120.72881,Zhejiang
28.3718,121.38599,Zhejiang
28.8584,121.14495,Zhejiang
28.44594,119.91284,Zhejiang
28.13987,120.28955,Zhejiang
28.65928,120.09158,Zhejiang
28.59213,119.27602,Zhejiang
28.44947,119.48202,Zhejiang
28.11591,119.5734,Zhejiang
27.61913,119.06266,Zhejiang
27.9732,119.63581,Zhejiang
28.07434,119.14168,Zhejiang
31.85797,117.30949,Anhui
31.87872,117.26497,Anhui
31.8512,117.26061,Anhui
31.79352,117.3099,Anhui
32.47796,117.16766,Anhui
31.8877,117.46928,Anhui
31.70653,117.1584,Anhui
31.25567,117.28736,Anhui
31.62329,117.88937,Anhui
31.34072,118.38548,Anhui
31.31185,118.37272,Anhui
31.36959,118.39236,Anhui
31.22436,118.23464,Anhui
31.13479,118.57529,Anhui
31.08291,118.19934,Anhui
30.91465,118.33405,Anhui
31.30317,117.90224,Anhui
32.9428,117.39347,Anhui
32.94448,117.36779,Anhui
32.92921,117.34211,Anhui
32.96436,117.35996,Anhui
32.9701,117.20514,Anhui
33.14507,117.88529,Anhui
33.31769,117.31666,Anhui
32.63149,117.05335,Anhui
32.64709,117.01743,Anhui
32.59996,116.85913,Anhui
32.63142,116.83359,Anhui
32.77263,116.83626,Anhui
32.70946,116.71077,Anhui
31.69996,118.5115,Anhui
31.68216,118.49853,Anhui
31.5699,118.4978,Anhui
31.73358,118.10241,Anhui
31.74423,118.35145,Anhui
34.22526,117,Anhui
33.95999,116.79425,Anhui
33.89577,116.8132,Anhui
33.91537,116.7662,Anhui
30.93426,117.81541,Anhui
30.95614,117.87431,Anhui
30.77372,117.75643,Anhui
30.95271,117.79147,Anhui
30.51155,117.09081,Anhui
30.51227,117.03424,Anhui
30.61328,116.98726,Anhui
30.73381,116.82974,Anhui
30.69961,117.22019,Anhui
30.63107,116.58133,Anhui
30.45411,116.30885,Anhui
30.15363,116.1292,Anhui
30.12442,116.69423,Anhui
30.84939,116.35999,Anhui
31.03585,116.97416,Anhui
29.6958,118.3151,Anhui
30.27296,118.14161,Anhui
29.82794,118.33681,Anhui
29.86076,118.41359,Anhui
29.78618,118.18245,Anhui
29.92476,117.93835,Anhui
29.85409,117.71715,Anhui
32.2948,118.30553,Anhui
32.35317,118.17138,Anhui
32.45217,118.43575,Anhui
32.0853,118.27303,Anhui
32.52998,117.69856,Anhui
32.866,117.56124,Anhui
32.68945,119.00355,Anhui
32.77699,117.98944,Anhui
32.88327,115.80672,Anhui
32.91303,115.85668,Anhui
32.92505,115.80847,Anhui
33.06457,115.25811,Anhui
33.16026,115.62203,Anhui
32.65887,115.59319,Anhui
32.62893,116.26455,Anhui
33.25718,115.37451,Anhui
33.64004,116.97728,Anhui
34.44097,116.36606,Anhui
34.18876,116.94724,Anhui
33.54232,117.55855,Anhui
33.48289,117.91106,Anhui
31.74933,116.53949,Anhui
31.73795,116.47995,Anhui
32.57332,116.78708,Anhui
32.3532,116.27823,Anhui
31.46209,116.9487,Anhui
31.72719,115.93418,Anhui
31.39279,116.33269,Anhui
33.87641,115.77914,Anhui
33.49285,116.21581,Anhui
33.26584,116.5645,Anhui
33.14484,116.20839,Anhui
30.68673,117.56733,Anhui
30.09663,117.02766,Anhui
30.21026,117.48619,Anhui
30.63935,117.84749,Anhui
30.94622,118.75634,Anhui
31.12658,119.17944,Anhui
30.8938,119.41705,Anhui
30.68853,118.4197,Anhui
30.06633,118.57993,Anhui
30.28636,118.54045,Anhui
30.63364,118.98336,Anhui
26.08198,119.30405,Fujian
26.0527,119.31414,Fujian
26.04769,119.27345,Fujian
25.98939,119.4556,Fujian
26.08135,119.32842,Fujian
26.15021,119.13139,Fujian
26.19753,119.53957,Fujian
26.48939,119.54969,Fujian
26.22117,118.86352,Fujian
25.86672,118.93258,Fujian
25.49876,119.7901,Fujian
25.72024,119.38411,Fujian
25.96283,119.52324,Fujian
24.44579,118.08243,Fujian
24.48405,118.03394,Fujian
24.5118,118.14577,Fujian
24.57591,118.09728,Fujian
24.72286,118.15207,Fujian
24.61854,118.24722,Fujian
25.41878,118.99472,Fujian
25.45879,119.1163,Fujian
25.43131,119.01501,Fujian
25.31839,119.10642,Fujian
25.36215,118.69181,Fujian
26.27168,117.64579,Fujian
26.23381,117.6081,Fujian
26.35595,117.20219,Fujian
26.17781,116.81694,Fujian
26.26178,116.65443,Fujian
25.69261,117.84713,Fujian
26.17004,118.19049,Fujian
26.39617,117.79268,Fujian
26.72904,117.47096,Fujian
26.90012,117.1758,Fujian
26.83092,116.84604,Fujian
25.94138,117.36518,Fujian
24.9075,118.58687,Fujian
24.88946,118.613,Fujian
24.9399,118.6712,Fujian
25.12014,118.91596,Fujian
25.03065,118.79695,Fujian
25.05544,118.18685,Fujian
25.32188,118.29424,Fujian
25.4916,118.24098,Fujian
24.41774,118.22694,Fujian
24.73172,118.64805,Fujian
24.78144,118.55199,Fujian
24.9604,118.38627,Fujian
24.51067,117.65391,Fujian
24.5033,117.70984,Fujian
23.95806,117.33965,Fujian
24.1171,117.61372,Fujian
23.71152,117.17508,Fujian
24.6258,117.75948,Fujian
23.70132,117.42964,Fujian
24.51453,117.35742,Fujian
24.36344,117.31587,Fujian
25.00446,117.53414,Fujian
24.44658,117.81813,Fujian
26.63798,118.18202,Fujian
26.79301,117.81036,Fujian
27.91721,118.54138,Fujian
27.54107,117.33387,Fujian
27.52629,118.7854,Fujian
27.36609,118.85754,Fujian
27.34036,117.49253,Fujian
27.75671,118.03548,Fujian
27.02266,118.30498,Fujian
27.33175,118.12043,Fujian
25.09839,117.03736,Fujian
25.83348,116.35765,Fujian
24.72303,116.73202,Fujian
25.04943,116.42026,Fujian
25.09535,116.10039,Fujian
25.70997,116.75486,Fujian
25.29013,117.42001,Fujian
26.66022,119.52623,Fujian
26.88517,120.00556,Fujian
26.57762,118.74606,Fujian
26.90853,118.98578,Fujian
27.46054,119.50479,Fujian
27.10474,119.33899,Fujian
27.23513,119.90085,Fujian
27.08797,119.64768,Fujian
27.32436,120.21671,Fujian
28.68503,115.89925,Jiangxi
28.65619,115.87683,Jiangxi
28.62084,115.9258,Jiangxi
28.71479,115.73083,Jiangxi
28.68194,115.96191,Jiangxi
28.54538,115.94422,Jiangxi
28.33369,115.65112,Jiangxi
28.84444,115.54927,Jiangxi
28.37679,116.24249,Jiangxi
29.27324,117.18366,Jiangxi
29.30005,117.20275,Jiangxi
29.35159,117.21523,Jiangxi
28.96173,117.129,Jiangxi
27.61552,113.87163,Jiangxi
27.64069,113.73421,Jiangxi
27.12761,113.96123,Jiangxi
27.88042,113.79537,Jiangxi
27.63064,114.02956,Jiangxi
29.67183,115.98913,Jiangxi
29.72776,115.98999,Jiangxi
29.76108,116.07484,Jiangxi
29.25622,115.10065,Jiangxi
29.02533,114.54688,Jiangxi
29.02097,115.80916,Jiangxi
29.31344,115.75605,Jiangxi
29.44821,116.04512,Jiangxi
29.27307,116.20409,Jiangxi
29.73942,116.22025,Jiangxi
29.89613,116.54911,Jiangxi
29.67658,115.68103,Jiangxi
27.80038,114.94461,Jiangxi
27.81476,114.69191,Jiangxi
28.23902,117.03708,Jiangxi
28.20991,116.81834,Jiangxi
28.29252,117.24525,Jiangxi
25.81751,114.92085,Jiangxi
25.66144,114.76535,Jiangxi
25.86062,115.01175,Jiangxi
25.38617,114.92285,Jiangxi
25.40148,114.36195,Jiangxi
25.79086,114.53754,Jiangxi
25.68165,114.30784,Jiangxi
25.13702,115.39379,Jiangxi
24.91105,114.78993,Jiangxi
24.7855,115.02739,Jiangxi
24.74235,114.53012,Jiangxi
26.47019,116.00941,Jiangxi
25.95184,115.41544,Jiangxi
26.33779,115.36314,Jiangxi
25.60039,115.786,Jiangxi
24.96351,115.64673,Jiangxi
26.32691,116.35432,Jiangxi
25.88562,116.02709,Jiangxi
27.1448,114.99457,Jiangxi
27.08195,115.01465,Jiangxi
27.03935,114.90821,Jiangxi
27.22976,115.1355,Jiangxi
27.58289,115.31643,Jiangxi
27.74016,115.38692,Jiangxi
27.31815,115.44189,Jiangxi
26.78993,114.90887,Jiangxi
26.31363,114.52052,Jiangxi
26.45825,114.78615,Jiangxi
27.3928,114.6196,Jiangxi
26.94498,114.24307,Jiangxi
26.74808,114.28953,Jiangxi
27.79817,114.42773,Jiangxi
28.68793,115.40037,Jiangxi
28.1061,114.44551,Jiangxi
28.23337,114.9248,Jiangxi
28.3938,114.80369,Jiangxi
28.86138,115.36268,Jiangxi
28.52182,114.37071,Jiangxi
28.1592,115.77121,Jiangxi
28.05589,115.54615,Jiangxi
28.41729,115.37562,Jiangxi
27.93473,116.30986,Jiangxi
27.5684,116.63775,Jiangxi
27.28236,116.90753,Jiangxi
27.21863,116.52526,Jiangxi
27.76437,116.06124,Jiangxi
27.42814,115.83109,Jiangxi
27.55489,116.23628,Jiangxi
27.91912,116.75485,Jiangxi
27.70594,117.06101,Jiangxi
28.24771,116.60334,Jiangxi
26.83729,116.32573,Jiangxi
28.42995,117.96469,Jiangxi
28.44923,117.9096,Jiangxi
28.43631,118.19133,Jiangxi
28.68194,118.24481,Jiangxi
28.31535,117.70942,Jiangxi
28.4072,117.59644,Jiangxi
28.37754,117.44821,Jiangxi
28.70211,116.6956,Jiangxi
29.00563,116.70343,Jiangxi
28.69466,117.05839,Jiangxi
29.24791,117.86192,Jiangxi
28.94654,117.57884,Jiangxi
36.66645,117.07641,Shandong
36.65118,116.99744,Shandong
36.65142,116.90084,Shandong
36.67789,116.98737,Shandong
36.68013,117.06533,Shandong
36.55358,116.75199,Shandong
36.28937,116.45599,Shandong
36.97847,117.17333,Shandong
37.30907,117.1571,Shandong
36.67968,117.52578,Shandong
36.07515,120.41283,Shandong
36.08743,120.37479,Shandong
35.95995,120.19653,Shandong
36.10811,120.46803,Shandong
36.14508,120.43294,Shandong
36.30744,120.39629,Shandong
36.26445,120.03354,Shandong
36.38932,120.44715,Shandong
36.7867,119.95994,Shandong
36.88808,120.51777,Shandong
36.6435,117.96673,Shandong
36.80661,118.0179,Shandong
36.49473,117.86172,Shandong
36.82593,118.30971,Shandong
36.80298,117.86974,Shandong
36.95933,118.09797,Shandong
37.17105,117.82675,Shandong
36.18488,118.17077,Shandong
34.86426,117.55601,Shandong
34.79502,117.2632,Shandong
34.77228,117.59061,Shandong
34.56261,117.73385,Shandong
35.09963,117.4613,Shandong
35.11338,117.16596,Shandong
37.44878,118.58215,Shandong
37.88624,118.52544,Shandong
37.58748,118.54768,Shandong
37.49028,118.25536,Shandong
37.05359,118.40702,Shandong
37.54061,121.40011,Shandong
37.49794,121.26757,Shandong
37.38683,121.60042,Shandong
37.51104,121.44547,Shandong
37.92135,120.73645,Shandong
37.64345,120.47872,Shandong
36.97878,120.71181,Shandong
37.17702,119.94217,Shandong
37.81072,120.75882,Shandong
37.35531,120.43421,Shandong
37.33505,120.84977,Shandong
36.77645,121.15846,Shandong
36.72667,119.02389,Shandong
36.77506,119.21994,Shandong
36.65458,119.16607,Shandong
36.70864,119.13279,Shandong
36.51231,118.543,Shandong
36.70702,118.82984,Shandong
36.68456,118.47966,Shandong
35.99583,119.40983,Shandong
36.85541,118.79098,Shandong
36.47842,119.21784,Shandong
36.38257,119.75568,Shandong
36.85884,119.39862,Shandong
35.4082,116.59649,Shandong
35.5526,116.7857,Shandong
34.80718,117.12886,Shandong
35.01161,116.65046,Shandong
35.06661,116.31148,Shandong
35.4075,116.34249,Shandong
35.73281,116.48917,Shandong
35.66471,117.25216,Shandong
35.8024,116.09584,Shandong
35.58082,116.98648,Shandong
35.40522,117.00385,Shandong
36.19198,117.13526,Shandong
36.18752,117.0418,Shandong
35.75961,116.80727,Shandong
35.93708,116.47024,Shandong
35.90878,117.768,Shandong
36.18245,116.76917,Shandong
37.50212,122.12348,Shandong
37.19397,122.0581,Shandong
37.16523,122.48628,Shandong
36.92021,121.5402,Shandong
35.42545,119.46242,Shandong
35.12206,119.31891,Shandong
35.75018,119.20875,Shandong
35.57997,118.83687,Shandong
36.20317,117.65992,Shandong
36.05866,117.81107,Shandong
35.05151,118.34787,Shandong
34.99636,118.28437,Shandong
35.08729,118.40184,Shandong
35.55001,118.46566,Shandong
34.61357,118.36717,Shandong
35.79034,118.62782,Shandong
34.85729,118.07072,Shandong
35.26659,117.97711,Shandong
35.50587,117.64048,Shandong
35.17486,118.83543,Shandong
35.7101,117.94494,Shandong
34.91985,118.65063,Shandong
37.45079,116.29941,Shandong
37.33566,116.57634,Shandong
37.65221,116.80023,Shandong
37.77528,117.38497,Shandong
37.18998,116.8666,Shandong
36.79492,116.76002,Shandong
37.16538,116.43395,Shandong
36.94856,116.00175,Shandong
37.21317,116.06923,Shandong
37.72979,117.23171,Shandong
36.93394,116.63813,Shandong
36.43452,115.98847,Shandong
36.11447,115.79131,Shandong
36.23361,115.67072,Shandong
36.58068,116.25522,Shandong
36.33503,116.24773,Shandong
36.48335,115.44263,Shandong
36.86602,116.23111,Shandong
36.83834,115.70504,Shandong
37.42726,118.02279,Shandong
37.48982,117.5092,Shandong
37.64109,117.5782,Shandong
37.76993,117.62577,Shandong
37.70058,118.09882,Shandong
37.15299,118.11096,Shandong
36.86299,117.74309,Shandong
35.25141,115.41666,Shandong
34.82553,115.54214,Shandong
34.79438,116.08724,Shandong
34.95245,115.88964,Shandong
35.39633,116.09495,Shandong
35.59984,115.94364,Shandong
35.5635,115.51005,Shandong
35.07095,115.57298,Shandong
35.28953,115.09016,Shandong
34.74821,113.61332,Henan
34.72468,113.6401,Henan
34.75381,113.67739,Henan
34.79977,113.66072,Henan
34.8028,113.30892,Henan
34.86739,113.61694,Henan
34.71903,113.97624,Henan
34.74798,113.02206,Henan
34.78762,113.38349,Henan
34.53952,113.39044,Henan
34.39605,113.74161,Henan
34.45348,113.05028,Henan
34.79726,114.30731,Henan
34.55034,114.78283,Henan
34.48044,114.46741,Henan
34.41161,114.19297,Henan
34.757,114.44136,Henan
34.8223,114.82115,Henan
34.68356,112.46958,Henan
34.66064,112.42827,Henan
34.70431,112.51078,Henan
34.65774,112.3957,Henan
34.90099,112.58888,Henan
34.61866,112.46403,Henan
34.82544,112.4451,Henan
34.72818,112.13242,Henan
33.78576,111.61579,Henan
34.13451,112.0857,Henan
34.15388,112.47317,Henan
34.51496,112.1792,Henan
34.38917,111.65313,Henan
34.42135,112.42568,Henan
34.72763,112.78965,Henan
33.73741,113.29431,Henan
33.73469,113.33503,Henan
33.89889,112.89888,Henan
33.7009,113.27602,Henan
33.8684,113.05479,Henan
33.62683,113.35737,Henan
33.73854,112.90802,Henan
33.9718,113.21262,Henan
33.29315,113.52531,Henan
34.16717,112.84437,Henan
36.09052,114.35688,Henan
36.10849,114.35511,Henan
36.10994,114.30345,Henan
36.07609,114.30089,Henan
36.21256,114.23182,Henan
35.92138,114.35723,Henan
35.57534,114.5193,Henan
35.94714,114.89936,Henan
36.08308,113.81908,Henan
35.9547,114.1633,Henan
35.89765,114.18444,Henan
35.7413,114.29872,Henan
35.67617,114.55078,Henan
35.60786,114.19766,Henan
35.30351,113.87523,Henan
35.30227,113.86582,Henan
35.3718,113.90598,Henan
35.31493,113.90866,Henan
35.19079,113.80516,Henan
35.25962,113.65716,Henan
35.06569,113.93997,Henan
35.14194,114.20515,Henan
35.04119,114.41861,Henan
35.20049,114.66886,Henan
35.39847,114.06459,Henan
35.46212,113.8054,Henan
35.24052,113.23064,Henan
35.2367,113.18296,Henan
35.25615,113.3229,Henan
35.21414,113.2542,Henan
35.22361,113.44776,Henan
35.17123,113.06453,Henan
35.09952,113.40184,Henan
34.94023,113.08057,Henan
35.0876,112.9506,Henan
34.90735,112.79134,Henan
35.77745,115.07432,Henan
35.8851,115.10421,Henan
36.06979,115.20491,Henan
35.89516,115.49869,Shandong
35.96931,115.87163,Henan
35.71221,115.02903,Henan
34.04611,113.8308,Henan
34.12596,113.82272,Henan
34.10233,114.17739,Henan
33.85072,113.50669,Henan
34.14048,113.48794,Henan
34.21672,113.76827,Henan
33.54528,113.9202,Henan
33.58705,114.00664,Henan
33.58645,114.09389,Henan
33.43765,113.60931,Henan
33.80958,113.93443,Henan
34.77141,111.18747,Henan
34.76726,111.7619,Henan
34.72054,111.10338,Henan
34.05438,111.04783,Henan
34.74725,111.87449,Henan
34.51685,110.89456,Henan
33.0036,112.5396,Henan
32.98646,112.53494,Henan
33.48979,112.42914,Henan
33.25439,113.01255,Henan
33.3056,111.47244,Henan
33.03391,112.23448,Henan
33.04483,111.84926,Henan
33.13815,111.49078,Henan
33.05614,112.94793,Henan
32.68117,112.80745,Henan
32.52093,112.36006,Henan
32.37913,113.42892,Henan
32.68777,112.08736,Henan
34.44379,115.61396,Henan
34.38818,115.65347,Henan
34.64691,115.14766,Henan
34.44526,115.07153,Henan
34.45454,115.30516,Henan
34.09114,115.30544,Henan
34.39737,115.86519,Henan
34.23929,116.12969,Henan
33.92915,116.44946,Henan
32.11683,114.05857,Henan
32.10105,114.12561,Henan
32.20314,114.51307,Henan
32.00997,114.91878,Henan
31.64389,114.87929,Henan
31.79836,115.4069,Henan
32.16839,115.65481,Henan
32.13156,115.05129,Henan
32.47339,115.41987,Henan
32.34282,114.74024,Henan
33.64738,114.65048,Henan
34.06,114.39482,Henan
33.76754,114.52974,Henan
33.54256,114.61165,Henan
33.4094,115.09856,Henan
33.64475,115.17704,Henan
33.7315,114.88614,Henan
34.06379,114.83779,Henan
33.86009,115.48443,Henan
33.46723,114.87562,Henan
32.97319,113.99382,Henan
33.3878,114.02158,Henan
33.26255,114.26435,Henan
32.96183,114.61941,Henan
32.60566,114.39274,Henan
32.80207,114.02648,Henan
32.7241,113.32709,Henan
33.00685,114.36229,Henan
33.14576,114.01319,Henan
32.74926,114.98571,Henan
30.59982,114.3096,Hubei
30.60147,114.27096,Hubei
30.58145,114.21498,Hubei
30.55473,114.21772,Hubei
30.53054,114.39006,Hubei
30.56792,114.44378,Hubei
30.49995,114.34392,Hubei
30.61996,114.13702,Hubei
30.30895,114.08469,Hubei
30.58203,114.02919,Hubei
30.37559,114.32168,Hubei
30.88131,114.37509,Hubei
30.84154,114.80114,Hubei
30.22286,115.06611,Hubei
30.20489,115.11019,Hubei
30.17384,114.96118,Hubei
30.20666,114.90143,Hubei
29.83039,115.2153,Hubei
30.09551,114.97977,Hubei
32.66081,110.76879,Hubei
32.65192,110.76916,Hubei
32.83488,110.81197,Hubei
32.99306,110.42588,Hubei
32.22566,110.39765,Hubei
32.31824,109.71527,Hubei
31.99853,111.09241,Hubei
32.5404,111.51322,Hubei
30.71082,111.28581,Hubei
30.64441,111.361,Hubei
30.69322,111.26824,Hubei
30.5307,111.43471,Hubei
30.7699,111.32488,Hubei
31.06144,111.63985,Hubei
31.34813,110.74719,Hubei
30.82578,110.97768,Hubei
30.4725,111.20705,Hubei
30.19983,110.67452,Hubei
30.37846,111.4501,Hubei
30.82118,111.78833,Hubei
30.42583,111.76044,Hubei
32.01067,112.13423,Hubei
32.04487,112.13555,Hubei
32.08718,112.21194,Hubei
31.77471,111.83902,Hubei
32.26338,111.65304,Hubei
31.87753,111.26117,Hubei
32.38671,111.67507,Hubei
32.12836,112.77398,Hubei
31.71976,112.25776,Hubei
30.09996,114.68456,Hubei
30.53434,114.72983,Hubei
30.40057,114.89171,Hubei
31.05193,112.20158,Hubei
30.97303,112.20715,Hubei
31.01848,113.11953,Hubei
30.70918,112.58854,Hubei
31.16797,112.58817,Hubei
30.91677,113.91049,Hubei
31.25803,113.99802,Hubei
31.56096,114.12694,Hubei
31.02103,113.75331,Hubei
30.92838,113.57292,Hubei
31.25554,113.68913,Hubei
30.66122,113.83907,Hubei
30.31098,112.25494,Hubei
30.35269,112.19016,Hubei
30.0583,112.22948,Hubei
29.83928,112.90492,Hubei
30.04184,112.4247,Hubei
29.72085,112.4255,Hubei
29.82756,113.47775,Hubei
30.1696,111.76743,Hubei
30.43472,114.88005,Hubei
30.64362,114.87232,Hubei
31.2881,114.61813,Hubei
30.78397,115.39943,Hubei
30.73518,115.68143,Hubei
30.45184,115.26551,Hubei
30.22617,115.43621,Hubei
30.07037,115.94432,Hubei
31.17333,115.00869,Hubei
29.84433,115.5613,Hubei
29.85251,114.2984,Hubei
29.97057,113.93932,Hubei
29.24535,113.81702,Hubei
29.55537,114.03892,Hubei
29.60638,114.48276,Hubei
29.72476,113.90054,Hubei
31.71615,113.3712,Hubei
31.8538,113.29995,Hubei
31.61686,113.826,Hubei
30.29504,109.47918,Hubei
30.29121,108.93595,Hubei
30.60213,109.72213,Hubei
31.04237,110.34072,Hubei
29.98715,109.49185,Hubei
29.66521,109.13963,Hubei
29.49391,109.407,Hunan
29.89084,110.03498,Hubei
28.20279,113.03539,Hunan
28.11264,112.98992,Hunan
28.23529,112.93134,Hunan
28.25591,112.98626,Hunan
28.13551,113.03555,Hunan
28.36121,112.8179,Hunan
28.24595,113.08093,Hunan
28.27741,112.55183,Hunan
28.16378,113.64317,Hunan
27.85595,113.17329,Hunan
27.78499,113.1523,Hunan
27.87558,113.11784,Hunan
27.82681,113.08231,Hunan
27.69938,113.14398,Hunan
27.00023,113.34569,Hunan
26.77745,113.53927,Hunan
26.48979,113.77258,Hunan
27.64617,113.49703,Hunan
27.85632,112.90737,Hunan
27.87266,112.97019,Hunan
27.77904,112.95099,Hunan
27.7341,112.53504,Hunan
27.91507,112.5266,Hunan
26.89456,112.62039,Hunan
26.88864,112.61669,Hunan
26.94343,112.59798,Hunan
26.89324,112.57195,Hunan
27.23258,112.73876,Hunan
26.96977,112.37066,Hunan
26.73831,112.67792,Hunan
27.23022,112.86831,Hunan
27.08116,112.95325,Hunan
26.79965,112.09043,Hunan
26.42243,112.85988,Hunan
26.42093,112.39992,Hunan
27.23285,111.49674,Hunan
27.2213,111.43888,Hunan
27.24566,111.45207,Hunan
27.25844,111.74446,Hunan
27.32091,111.459,Hunan
26.99078,111.27382,Hunan
27.11402,111.03249,Hunan
27.06038,110.57583,Hunan
26.58201,110.15568,Hunan
26.43346,110.85674,Hunan
26.39051,110.322,Hunan
26.72659,110.63138,Hunan
29.37197,113.12931,Hunan
29.47358,113.27239,Hunan
29.46135,113.00651,Hunan
29.14415,113.11635,Hunan
29.53023,112.54095,Hunan
28.68925,112.90917,Hunan
28.70203,113.58134,Hunan
28.80642,113.06711,Hunan
29.47684,113.45058,Hunan
29.05397,111.68396,Hunan
28.96672,111.9142,Hunan
29.41142,112.17096,Hunan
28.90549,111.97043,Hunan
29.63318,111.75868,Hunan
29.44098,111.64735,Hunan
28.90259,111.48893,Hunan
29.58413,111.37982,Hunan
29.60543,111.87741,Hunan
29.11983,110.53737,Hunan
29.34571,110.54997,Hunan
29.4297,111.13921,Hunan
29.39971,110.16428,Hunan
28.591,112.32426,Hunan
28.5793,112.37409,Hunan
29.36162,112.39636,Hunan
28.51819,112.15571,Hunan
28.37428,111.21303,Hunan
28.84402,112.35468,Hunan
25.78398,113.01101,Hunan
25.8004,113.04236,Hunan
25.7541,112.73368,Hunan
25.39957,112.94887,Hunan
26.1272,113.11659,Hunan
25.58766,112.3686,Hunan
25.27596,112.56295,Hunan
25.55036,113.68493,Hunan
26.07752,113.94454,Hunan
26.70942,113.26948,Hunan
25.97619,113.23601,Hunan
26.22255,111.63112,Hunan
26.46098,111.59244,Hunan
26.58012,111.84015,Hunan
26.39206,111.31644,Hunan
25.96218,111.66031,Hunan
25.52753,111.60007,Hunan
25.27353,111.34385,Hunan
25.56919,111.94445,Hunan
25.36943,112.19678,Hunan
25.9043,112.20329,Hunan
25.18536,111.57952,Hunan
27.57771,110.04098,Hunan
27.43992,109.94501,Hunan
28.45277,110.39388,Hunan
28.00652,110.18368,Hunan
27.90834,110.59486,Hunan
26.88718,109.7357,Hunan
27.86555,109.80256,Hunan
27.35264,109.17492,Hunan
27.44328,109.68519,Hunan
26.57514,109.69627,Hunan
26.15794,109.78449,Hunan
27.20925,109.83655,Hunan
27.72978,112.0017,Hunan
27.45702,112.19392,Hunan
27.72663,111.32743,Hunan
27.68615,111.43525,Hunan
27.69271,111.66446,Hunan
28.26244,109.69811,Hunan
28.21639,110.21965,Hunan
27.94843,109.59832,Hunan
28.57211,109.48224,Hunan
28.70022,109.65904,Hunan
28.61711,109.95085,Hunan
29.00515,109.84807,Hunan
29.4579,109.44387,Hunan
23.12586,113.24428,Guangdong
23.12886,113.2668,Guangdong
23.08331,113.3172,Guangdong
23.12463,113.36199,Guangdong
23.15792,113.27324,Guangdong
23.18139,113.48067,Guangdong
22.93706,113.3818,Guangdong
23.40391,113.22026,Guangdong
22.80169,113.52497,Guangdong
23.26093,113.8109,Guangdong
23.54835,113.58646,Guangdong
24.79268,113.58771,Guangdong
24.80446,113.61095,Guangdong
24.6826,113.60458,Guangdong
24.95269,114.06206,Guangdong
25.08566,113.74918,Guangdong
24.3502,114.13033,Guangdong
24.77591,113.27596,Guangdong
24.05959,114.20689,Guangdong
25.13014,113.34746,Guangdong
25.11962,114.31084,Guangdong
22.54895,114.13111,Guangdong
22.52291,114.05454,Guangdong
22.53332,113.93041,Guangdong
22.55329,113.88308,Guangdong
22.71991,114.24779,Guangdong
22.55786,114.23748,Guangdong
22.26666,113.54342,Guangdong
22.20903,113.29658,Guangdong
22.14589,113.3642,Guangdong
23.37246,116.71677,Guangdong
23.36525,116.7054,Guangdong
23.28592,116.72664,Guangdong
23.26489,116.60157,Guangdong
23.25029,116.4331,Guangdong
23.46613,116.75608,Guangdong
23.42178,117.02348,Guangdong
23.00944,113.12249,Guangdong
23.02882,113.14278,Guangdong
22.80414,113.2944,Guangdong
23.15585,112.89672,Guangdong
22.90026,112.89262,Guangdong
22.59514,113.07845,Guangdong
22.56028,113.11103,Guangdong
22.45877,113.03231,Guangdong
22.25156,112.7939,Guangdong
22.37638,112.69851,Guangdong
22.7653,112.96436,Guangdong
22.18294,112.30532,Guangdong
21.26624,110.36534,Guangdong
21.19169,110.39821,Guangdong
21.24475,110.4555,Guangdong
21.26331,110.33427,Guangdong
21.37708,110.25006,Guangdong
20.32652,110.17502,Guangdong
21.60962,110.28625,Guangdong
20.91444,110.09651,Guangdong
21.44182,110.77824,Guangdong
21.64109,110.91879,Guangdong
21.51414,111.01356,Guangdong
21.91812,110.85338,Guangdong
21.66397,110.63954,Guangdong
22.35429,110.9471,Guangdong
23.05196,112.48461,Guangdong
23.15815,112.56706,Guangdong
23.63493,112.44112,Guangdong
23.91188,112.18454,Guangdong
23.42448,111.51196,Guangdong
23.14376,111.78559,Guangdong
23.02581,112.45839,Guangdong
23.32743,112.73404,Guangdong
23.08383,114.38273,Guangdong
22.78851,114.45646,Guangdong
23.17315,114.28973,Guangdong
22.98486,114.71999,Guangdong
23.72763,114.25486,Guangdong
24.30996,116.11699,Guangdong
24.26539,116.08245,Guangdong
24.34792,116.6952,Guangdong
23.73945,116.18225,Guangdong
23.93254,115.77609,Guangdong
24.56632,115.89112,Guangdong
24.65861,116.17123,Guangdong
24.1365,115.73119,Guangdong
22.7787,115.36502,Guangdong
22.96657,115.32341,Guangdong
23.30148,115.65996,Guangdong
22.94511,115.64462,Guangdong
23.73417,114.70246,Guangdong
23.63532,115.18398,Guangdong
24.10014,115.25984,Guangdong
24.36956,114.48865,Guangdong
24.44201,114.93872,Guangdong
23.78817,114.74649,Guangdong
21.86182,111.95516,Guangdong
21.75229,111.61791,Guangdong
21.86829,112.0067,Guangdong
22.1703,111.79153,Guangdong
23.69795,113.06269,Guangdong
23.73474,113.01658,Guangdong
23.87921,113.53172,Guangdong
24.465,112.64132,Guangdong
24.57036,112.09348,Guangdong
24.7254,112.28698,Guangdong
24.18572,113.41505,Guangdong
24.77998,112.37677,Guangdong
23.67441,116.62834,Guangdong
23.46244,116.67809,Guangdong
23.66412,117.0039,Guangdong
23.52486,116.36692,Guangdong
23.56606,116.41211,Guangdong
23.43141,115.84189,Guangdong
23.03321,116.29511,Guangdong
23.29736,116.16569,Guangdong
22.92797,112.04373,Guangdong
22.69573,112.22536,Guangdong
23.23464,111.53536,Guangdong
23.07101,112.00324,Guangdong
22.7683,111.57004,Guangdong
22.85429,108.36836,Guangxi
22.78658,108.49693,Guangxi
22.78129,108.27331,Guangxi
22.83393,108.31343,Guangxi
22.75619,108.32082,Guangxi
22.75837,108.48737,Guangxi
23.15865,108.27463,Guangxi
23.16589,107.6961,Guangxi
23.70817,108.17702,Guangxi
23.43205,108.60506,Guangxi
23.21768,108.8103,Guangxi
22.67999,109.26147,Guangxi
24.33941,109.44626,Guangxi
24.28154,109.44726,Guangxi
24.33599,109.3859,Guangxi
24.36213,109.40189,Guangxi
24.25465,109.32672,Guangxi
24.65058,109.24468,Guangxi
24.47308,109.75179,Guangxi
25.22467,109.39764,Guangxi
25.06629,109.25636,Guangxi
25.78314,109.60788,Guangxi
25.28131,110.28903,Guangxi
25.31402,110.30188,Guangxi
25.26159,110.2811,Guangxi
25.25235,110.31771,Guangxi
25.06039,110.30914,Guangxi
25.23868,110.2124,Guangxi
24.77843,110.49663,Guangxi
25.4097,110.32552,Guangxi
25.92861,111.07304,Guangxi
25.61169,110.67147,Guangxi
24.98001,109.98318,Guangxi
25.48932,111.16083,Guangxi
25.79809,110.01149,Guangxi
26.04241,110.65259,Guangxi
24.63325,110.64322,Guangxi
24.48785,110.39508,Guangxi
24.83135,110.82835,Guangxi
23.47303,111.32033,Guangxi
23.48555,111.27466,Guangxi
23.05645,111.24049,Guangxi
23.37497,110.91497,Guangxi
24.19355,110.52492,Guangxi
22.91828,110.9949,Guangxi
21.47525,109.1175,Guangxi
21.44872,109.13916,Guangxi
21.52909,109.4216,Guangxi
21.66089,109.20725,Guangxi
21.64348,108.38012,Guangxi
21.76913,108.35342,Guangxi
22.1537,107.98362,Guangxi
21.54792,107.97188,Guangxi
21.93854,108.6569,Guangxi
22.17075,108.57324,Guangxi
22.41651,109.29097,Guangxi
22.27152,109.55698,Guangxi
23.11084,109.57339,Guangxi
23.07504,109.59996,Guangxi
23.12718,109.45269,Guangxi
23.53919,110.39215,Guangxi
23.3941,110.07901,Guangxi
22.62811,110.15133,Guangxi
22.85783,110.55786,Guangxi
22.32109,110.26413,Guangxi
22.27306,109.97627,Guangxi
22.73636,109.87517,Guangxi
22.70837,110.35426,Guangxi
23.90115,106.61897,Guangxi
23.73567,106.91567,Guangxi
23.59724,107.12608,Guangxi
23.32933,107.58988,Guangxi
23.3234,106.6155,Guangxi
23.13402,106.41769,Guangxi
23.38739,105.83265,Guangxi
24.34751,106.56159,Guangxi
24.78583,106.56163,Guangxi
24.29438,106.22852,Guangxi
24.48957,105.09383,Guangxi
24.77066,105.34389,Guangxi
24.41175,111.55197,Guangxi
24.16947,110.81137,Guangxi
24.5264,111.30278,Guangxi
24.81433,111.27753,Guangxi
24.68983,108.03719,Guangxi
24.97535,107.54224,Guangxi
24.99911,107.17372,Guangxi
24.54699,107.04221,Guangxi
24.51072,107.37421,Guangxi
24.77739,108.90465,Guangxi
24.82601,108.2583,Guangxi
24.14125,107.25957,Guangxi
23.93122,108.10555,Guangxi
23.7364,107.99814,Guangxi
24.48513,108.63656,Guangxi
23.72742,109.23462,Guangxi
24.06617,108.66575,Guangxi
23.97374,109.70526,Guangxi
23.59414,109.66325,Guangxi
24.13039,110.18942,Guangxi
23.8066,108.88611,Guangxi
22.40566,107.35325,Guangxi
22.63497,107.90411,Guangxi
22.14016,107.07668,Guangxi
22.34262,106.85455,Guangxi
22.8304,107.20124,Guangxi
23.08134,107.14363,Guangxi
22.09439,106.76649,Guangxi
20.0076,110.29357,Hainan
20.02971,110.32941,Hainan
20.0039,110.35432,Hainan
20.02864,110.36663,Hainan
18.25248,109.51209,Hainan
30.65618,104.08329,Sichuan
30.67485,104.06291,Sichuan
30.69015,104.05293,Sichuan
30.64242,104.04311,Sichuan
30.65984,104.10194,Sichuan
30.55663,104.27471,Sichuan
30.87849,104.25122,Sichuan
30.82404,104.15801,Sichuan
30.68144,103.8559,Sichuan
30.86203,104.41205,Sichuan
30.57447,103.92377,Sichuan
30.79589,103.90256,Sichuan
30.58757,103.52085,Sichuan
30.19676,103.50628,Sichuan
30.41026,103.81166,Sichuan
30.98837,103.64662,Sichuan
30.99018,103.95811,Sichuan
30.41032,103.46436,Sichuan
30.63021,103.67289,Sichuan
29.3374,104.77728,Sichuan
29.34576,104.71526,Sichuan
29.36371,104.7739,Sichuan
29.27234,104.87423,Sichuan
29.4445,104.41766,Sichuan
29.18127,104.97495,Sichuan
26.54639,101.70413,Sichuan
26.59757,101.63064,Sichuan
26.59092,101.67934,Sichuan
26.89067,102.11024,Sichuan
26.68265,101.85393,Sichuan
28.87875,105.43501,Sichuan
28.77313,105.37131,Sichuan
28.91318,105.43779,Sichuan
29.1516,105.38185,Sichuan
28.81147,105.83135,Sichuan
28.15588,105.44475,Sichuan
28.03884,105.81239,Sichuan
31.14263,104.41702,Sichuan
31.03304,104.67872,Sichuan
31.31681,104.51021,Sichuan
30.97706,104.28249,Sichuan
31.12736,104.16694,Sichuan
31.33776,104.22083,Sichuan
31.45498,104.75708,Sichuan
31.47367,104.7667,Sichuan
31.09563,105.09459,Sichuan
31.20819,105.38996,Sichuan
31.53474,104.56756,Sichuan
31.63529,105.16118,Sichuan
31.89148,104.30755,Sichuan
32.40858,104.52904,Sichuan
31.75691,104.72458,Sichuan
32.43396,105.84559,Sichuan
32.3232,105.96304,Sichuan
32.64409,105.89034,Sichuan
32.2291,106.28974,Sichuan
32.5841,105.23822,Sichuan
32.28849,105.52526,Sichuan
31.73244,105.93442,Sichuan
30.52552,105.56821,Sichuan
30.35541,105.45636,Sichuan
30.75778,105.70756,Sichuan
30.87113,105.38836,Sichuan
30.5945,105.23649,Sichuan
29.58702,105.06772,Sichuan
29.59346,105.07459,Sichuan
29.52742,104.66885,Sichuan
29.76416,104.85212,Sichuan
29.33948,105.28773,Sichuan
29.55544,103.7612,Sichuan
29.41306,103.55027,Sichuan
29.40726,103.81846,Sichuan
29.24447,103.07879,Sichuan
29.20828,103.94931,Sichuan
29.65305,104.06482,Sichuan
29.73753,103.57156,Sichuan
28.95673,103.90241,Sichuan
29.23047,103.26202,Sichuan
28.83557,103.54635,Sichuan
29.60125,103.48447,Sichuan
30.79653,106.09224,Sichuan
30.78154,106.11877,Sichuan
30.75874,106.07176,Sichuan
31.35316,106.06734,Sichuan
31.0767,106.56553,Sichuan
31.0286,106.4123,Sichuan
31.26998,106.3033,Sichuan
30.99517,105.90072,Sichuan
31.55837,106.00499,Sichuan
30.04228,103.83211,Sichuan
29.99572,104.13407,Sichuan
30.19299,103.87283,Sichuan
29.90496,103.37288,Sichuan
30.01453,103.51284,Sichuan
29.8315,103.84656,Sichuan
28.76593,104.61947,Sichuan
28.84548,104.96953,Sichuan
28.68998,104.53316,Sichuan
28.72389,105.06688,Sichuan
28.58227,104.9211,Sichuan
28.43622,104.5176,Sichuan
28.43885,104.70878,Sichuan
28.16418,104.51185,Sichuan
28.30361,105.23646,Sichuan
28.65312,104.15125,Sichuan
30.47392,106.64188,Sichuan
30.53795,106.43988,Sichuan
30.34935,106.29597,Sichuan
30.33458,106.93048,Sichuan
30.39001,106.78298,Sichuan
31.21473,107.50455,Sichuan
31.19603,107.51177,Sichuan
31.35386,107.7271,Sichuan
31.08316,107.86852,Sichuan
30.73607,107.20441,Sichuan
30.83664,106.97299,Sichuan
32.08197,108.03446,Sichuan
30.00534,103.03311,Sichuan
30.06982,103.10954,Sichuan
29.79308,102.84671,Sichuan
29.34457,102.65261,Sichuan
29.22799,102.35944,Sichuan
30.06672,102.7584,Sichuan
30.14408,102.92826,Sichuan
30.36806,102.81457,Sichuan
31.85131,106.76897,Sichuan
31.9118,107.24493,Sichuan
32.34645,106.82907,Sichuan
31.56054,107.10358,Sichuan
30.11758,104.6522,Sichuan
30.09733,105.33537,Sichuan
30.2759,105.02133,Sichuan
30.41133,104.54733,Sichuan
31.47686,103.5903,Sichuan
31.43659,103.167,Sichuan
31.68113,103.85351,Sichuan
32.63813,103.59893,Sichuan
33.26142,104.23567,Sichuan
31.47597,102.06325,Sichuan
30.99918,102.3644,Sichuan
32.06179,102.99021,Sichuan
31.90585,102.20644,Sichuan
32.26545,100.97861,Sichuan
32.90245,101.70634,Sichuan
33.57586,102.96187,Sichuan
32.79087,102.54438,Sichuan
29.9987,101.95651,Sichuan
29.91412,102.23471,Sichuan
30.87868,101.89077,Sichuan
29.00019,101.50729,Sichuan
30.03145,101.01426,Sichuan
30.97936,101.12508,Sichuan
31.39005,100.67703,Sichuan
31.623,99.99266,Sichuan
30.93932,100.31152,Sichuan
31.80612,98.58088,Sichuan
31.21014,98.82418,Sichuan
32.97834,98.10294,Sichuan
32.26814,100.33264,Sichuan
29.99603,100.26963,Sichuan
30.00537,99.1105,Sichuan
28.93118,99.79842,Sichuan
29.03704,100.29829,Sichuan
28.71307,99.28639,Sichuan
27.89449,102.26305,Sichuan
27.92859,101.28048,Sichuan
27.42241,101.50919,Sichuan
27.40289,102.17559,Sichuan
26.65527,102.24457,Sichuan
26.6346,102.57817,Sichuan
27.06667,102.76052,Sichuan
27.3765,102.54092,Sichuan
27.70622,102.81149,Sichuan
27.69654,103.24903,Sichuan
28.01425,102.84265,Sichuan
28.30666,102.41231,Sichuan
28.55018,102.17678,Sichuan
28.63999,102.5075,Sichuan
28.95873,102.77033,Sichuan
28.32885,103.13229,Sichuan
28.26272,103.5715,Sichuan
26.56822,106.7141,Guizhou
26.60491,106.72566,Guizhou
26.40985,106.67034,Guizhou
26.52645,106.56112,Guizhou
26.67856,106.62304,Guizhou
27.05759,106.96486,Guizhou
27.09053,106.7404,Guizhou
26.83877,106.59222,Guizhou
26.55607,106.47057,Guizhou
26.4455,105.09417,Guizhou
26.20141,105.48025,Guizhou
26.54658,104.95764,Guizhou
25.70993,104.47158,Guizhou
27.64481,106.8938,Guizhou
27.74979,106.93252,Guizhou
27.53613,106.82993,Guizhou
28.13321,106.82502,Guizhou
27.94705,107.1907,Guizhou
28.55011,107.44402,Guizhou
28.86264,107.61316,Guizhou
28.56295,107.89888,Guizhou
27.95465,107.71689,Guizhou
27.74889,107.46551,Guizhou
27.13255,107.86541,Guizhou
28.3274,106.20385,Guizhou
28.59055,105.69744,Guizhou
27.79234,106.40156,Guizhou
26.24532,105.96533,Guizhou
26.40487,106.25662,Guizhou
26.30144,105.74291,Guizhou
26.05716,105.77048,Guizhou
25.94357,105.61933,Guizhou
25.75117,106.08404,Guizhou
27.29847,105.30504,Guizhou
27.14161,105.613,Guizhou
27.00866,106.0323,Guizhou
27.45922,106.22014,Guizhou
26.66301,105.77488,Guizhou
26.7777,105.38269,Guizhou
26.85641,104.27872,Guizhou
27.12328,104.7274,Guizhou
27.69066,109.18099,Guizhou
27.51796,109.21369,Guizhou
27.69956,108.83967,Guizhou
27.23637,108.91212,Guizhou
27.51339,108.22338,Guizhou
27.93886,108.2528,Guizhou
27.9941,108.40958,Guizhou
28.26408,108.11987,Guizhou
28.56397,108.50301,Guizhou
28.15414,109.20316,Guizhou
25.09192,104.89553,Guizhou
25.43511,105.18639,Guizhou
25.78429,104.95324,Guizhou
25.83474,105.21904,Guizhou
25.38558,105.65043,Guizhou
25.17824,106.09962,Guizhou
24.98368,105.81173,Guizhou
25.09811,105.44333,Guizhou
26.56756,107.9804,Guizhou
26.90533,107.91638,Guizhou
27.03327,108.12413,Guizhou
26.95291,108.67533,Guizhou
27.04914,108.42968,Guizhou
27.17385,108.8157,Guizhou
26.71895,109.56027,Hunan
26.67631,109.20051,Guizhou
26.7286,108.44137,Guizhou
26.66903,108.32009,Guizhou
26.22924,109.13718,Guizhou
25.93189,108.52251,Guizhou
25.75418,108.90532,Guizhou
26.37834,108.07758,Guizhou
26.49115,107.58937,Guizhou
26.19841,107.78871,Guizhou
26.25979,107.51867,Guizhou
26.68651,107.5207,Guizhou
25.41124,107.88732,Guizhou
26.58498,107.23447,Guizhou
27.0779,107.47106,Guizhou
25.82219,107.54504,Guizhou
25.82249,107.32287,Guizhou
25.42536,106.75171,Guizhou
26.02214,106.45244,Guizhou
26.45325,106.97981,Guizhou
26.1329,106.6567,Guizhou
25.98326,107.86971,Guizhou
25.33501,102.65934,Yunnan
25.0312,102.73413,Yunnan
25.01503,102.7437,Yunnan
25.03845,102.66481,Yunnan
26.08294,103.18773,Yunnan
24.88554,102.82147,Yunnan
24.66982,102.59559,Yunnan
25.22199,102.49767,Yunnan
24.92005,103.14119,Yunnan
24.77082,103.2889,Yunnan
25.33872,103.03687,Yunnan
25.55128,102.47145,Yunnan
25.55818,103.25668,Yunnan
24.91954,102.478,Yunnan
25.49513,103.80481,Yunnan
25.42807,103.57834,Yunnan
25.02941,103.66683,Yunnan
24.82851,103.9899,Yunnan
24.88468,104.3087,Yunnan
25.67422,104.25485,Yunnan
26.41791,103.29737,Yunnan
25.60009,103.82226,Yunnan
26.21989,104.10448,Yunnan
24.35423,102.54522,Yunnan
24.28744,102.75376,Yunnan
24.67379,102.90819,Yunnan
24.11367,102.76647,Yunnan
24.19275,102.92883,Yunnan
24.67108,102.16273,Yunnan
24.16908,102.40579,Yunnan
24.07,101.99014,Yunnan
23.59667,101.99809,Yunnan
25.12107,99.16579,Yunnan
24.72308,99.18902,Yunnan
25.02053,98.49097,Yunnan
24.58682,98.68927,Yunnan
24.82745,99.60567,Yunnan
27.32027,103.70594,Yunnan
27.18664,103.55792,Yunnan
26.90861,102.93006,Yunnan
28.10859,104.23467,Yunnan
27.74806,103.89111,Yunnan
28.22909,103.63817,Yunnan
28.5984,103.95841,Yunnan
27.4415,104.8736,Yunnan
27.62551,104.04805,Yunnan
27.84685,105.04906,Yunnan
28.63002,104.41562,Yunnan
26.87721,100.22549,Yunnan
26.82152,100.23695,Yunnan
26.68431,100.75086,Yunnan
26.62921,101.2663,Yunnan
27.28196,100.85198,Yunnan
22.78684,100.97692,Yunnan
23.06167,101.04539,Yunnan
23.43185,101.69223,Yunnan
24.44697,100.8339,Yunnan
23.49704,100.7029,Yunnan
24.00461,101.10843,Yunnan
22.58518,101.86237,Yunnan
22.32911,99.58441,Yunnan
22.55577,99.93208,Yunnan
22.64435,99.59018,Yunnan
23.89516,100.08233,Yunnan
24.58038,99.92841,Yunnan
24.4446,100.13111,Yunnan
24.01828,99.25929,Yunnan
23.7631,98.82543,Yunnan
23.4736,99.82768,Yunnan
23.53786,99.39767,Yunnan
23.14681,99.24583,Yunnan
25.03288,101.54582,Yunnan
24.68884,101.64206,Yunnan
25.31241,101.54697,Yunnan
25.19229,101.27354,Yunnan
25.50423,101.24158,Yunnan
25.72179,101.3244,Yunnan
26.05615,101.66982,Yunnan
25.70436,101.87449,Yunnan
25.53038,102.40442,Yunnan
25.14998,102.079,Yunnan
23.35899,103.16004,Yunnan
23.71434,103.26676,Yunnan
23.39622,103.36481,Yunnan
24.41051,103.41465,Yunnan
22.98372,103.68721,Yunnan
23.63499,102.82699,Yunnan
23.70556,102.49621,Yunnan
24.5321,103.76623,Yunnan
23.21999,102.83528,Yunnan
23.36907,102.42079,Yunnan
22.77966,103.22648,Yunnan
22.99346,102.39293,Yunnan
22.52931,103.93936,Yunnan
23.38678,104.233,Yunnan
23.60586,104.33709,Yunnan
23.43712,104.6722,Yunnan
23.12525,104.70252,Yunnan
23.01298,104.39387,Yunnan
24.04186,104.19581,Yunnan
24.04645,105.05516,Yunnan
23.62539,105.63053,Yunnan
22.00008,100.77163,Yunnan
21.95753,100.45223,Yunnan
21.45941,101.56461,Yunnan
25.59158,100.22976,Yunnan
25.66992,99.95814,Yunnan
25.48381,100.55059,Yunnan
25.827,100.57265,Yunnan
25.34365,100.49131,Yunnan
25.04282,100.50974,Yunnan
25.22714,100.30711,Yunnan
25.46454,99.54098,Yunnan
25.88573,99.37096,Yunnan
26.11113,99.95088,Yunnan
26.53692,99.9055,Yunnan
26.56013,100.17644,Yunnan
24.01278,97.85189,Yunnan
24.43379,98.58815,Yunnan
24.80435,98.2967,Yunnan
24.70519,97.93184,Yunnan
24.18305,97.79203,Yunnan
25.82306,98.85804,Yunnan
26.90185,98.86905,Yunnan
27.74104,98.66579,Yunnan
26.45353,99.41671,Yunnan
27.82961,99.70095,Yunnan
28.46357,98.91699,Yunnan
27.17739,99.28705,Yunnan
29.65262,91.13775,Xizang
29.89469,91.2619,Xizang
30.47192,91.1013,Xizang
29.43184,90.16464,Xizang
29.353,90.74367,Xizang
29.64602,91.00338,Xizang
29.66933,91.34979,Xizang
29.83375,91.73065,Xizang
31.13831,97.18039,Xizang
31.49968,98.21822,Xizang
30.86016,98.2708,Xizang
31.21155,96.6002,Xizang
31.4125,95.59572,Xizang
30.65363,97.56877,Xizang
30.0532,96.91785,Xizang
29.67107,97.84088,Xizang
29.68008,98.59312,Xizang
30.74181,95.82482,Xizang
30.93345,94.7079,Xizang
29.22484,91.76141,Xizang
29.245,91.33735,Xizang
29.28947,90.98421,Xizang
29.25906,92.01579,Xizang
29.02464,91.68385,Xizang
29.06277,92.20222,Xizang
28.43793,91.43361,Xizang
28.38569,90.85998,Xizang
29.14023,92.59387,Xizang
28.40681,92.46177,Xizang
27.99099,91.9571,Xizang
28.96818,90.39809,Xizang
29.26969,88.88697,Xizang
29.68224,89.09936,Xizang
28.91152,89.60558,Xizang
28.65874,87.12607,Xizang
28.89919,88.02172,Xizang
29.08164,87.63718,Xizang
29.29482,87.23617,Xizang
29.43234,88.26166,Xizang
29.10765,89.26182,Xizang
29.23089,89.842,Xizang
28.55567,89.68169,Xizang
28.36408,87.76606,Xizang
29.72419,84.02454,Xizang
27.48592,88.90708,Xizang
28.85254,85.29737,Xizang
28.15499,85.98232,Xizang
29.32943,85.23421,Xizang
28.2746,88.52015,Xizang
31.46988,92.05355,Xizang
30.64087,93.23236,Xizang
31.47785,93.6813,Xizang
32.10784,92.30327,Xizang
32.265,91.68258,Xizang
30.93043,88.70982,Xizang
31.88673,93.78556,Xizang
31.39199,90.00987,Xizang
31.9184,94.05345,Xizang
31.78448,87.23691,Xizang
30.29326,81.17739,Xizang
31.47865,79.80321,Xizang
32.50028,80.0959,Xizang
33.38747,79.71317,Xizang
32.39645,81.15106,Xizang
32.30455,84.06305,Xizang
31.0164,85.15253,Xizang
29.63657,94.36122,Xizang
29.88531,93.24611,Xizang
29.21607,94.21315,Xizang
29.32521,95.33304,Xizang
29.85903,95.76761,Xizang
28.66154,97.46687,Xizang
29.04607,93.07482,Xizang
34.26665,108.96074,Shaanxi
34.23053,108.93425,Shaanxi
34.26703,108.9402,Shaanxi
34.2727,109.06458,Shaanxi
34.29318,108.94712,Shaanxi
34.22259,108.94878,Shaanxi
34.66225,109.2262,Shaanxi
34.3667,109.21421,Shaanxi
34.15775,108.90688,Shaanxi
34.15132,109.32345,Shaanxi
34.1634,108.22213,Shaanxi
34.10847,108.60494,Shaanxi
34.53487,109.08822,Shaanxi
35.06914,109.07593,Shaanxi
35.11473,109.09986,Shaanxi
34.90978,108.98011,Shaanxi
35.39877,109.11689,Shaanxi
34.3716,107.15028,Shaanxi
34.39029,107.13126,Shaanxi
34.35454,107.38745,Shaanxi
34.52114,107.40076,Shaanxi
34.44346,107.62101,Shaanxi
34.37527,107.90022,Shaanxi
34.2741,107.74992,Shaanxi
34.89305,106.8643,Shaanxi
34.6426,107.13237,Shaanxi
34.67793,107.79339,Shaanxi
33.91227,106.52203,Shaanxi
34.05825,107.3191,Shaanxi
34.32908,108.70641,Shaanxi
34.27221,108.08455,Shaanxi
34.36191,108.73726,Shaanxi
34.61704,108.9404,Shaanxi
34.52709,108.84262,Shaanxi
34.52761,108.2394,Shaanxi
34.48165,108.42496,Shaanxi
34.48285,108.01349,Shaanxi
35.03565,108.08108,Shaanxi
35.20571,107.79866,Shaanxi
35.11184,108.33371,Shaanxi
34.79873,108.58059,Shaanxi
34.26036,108.20018,Shaanxi
34.29932,108.4904,Shaanxi
34.49823,109.49217,Shaanxi
34.51259,109.7719,Shaanxi
34.54438,110.24656,Shaanxi
34.79566,109.94217,Shaanxi
35.23752,110.14928,Shaanxi
35.19024,109.93226,Shaanxi
34.95517,109.58646,Shaanxi
35.1771,109.59102,Shaanxi
34.75114,109.18025,Shaanxi
35.47669,110.44243,Shaanxi
34.56602,110.09207,Shaanxi
36.59141,109.49303,Shaanxi
36.5793,110.01242,Shaanxi
36.87813,110.19375,Shaanxi
37.14258,109.67538,Shaanxi
36.86373,109.32897,Shaanxi
36.82235,108.76845,Shaanxi
36.92728,108.17587,Shaanxi
36.27673,109.3513,Shaanxi
35.98779,109.37976,Shaanxi
35.7619,109.43238,Shaanxi
36.05026,110.16899,Shaanxi
35.58432,109.84018,Shaanxi
35.57937,109.26291,Shaanxi
33.06784,107.03194,Shaanxi
32.99932,106.93624,Shaanxi
33.15665,107.33372,Shaanxi
33.22275,107.54565,Shaanxi
32.98306,107.76669,Shaanxi
33.15362,106.67314,Shaanxi
32.82962,106.2572,Shaanxi
33.32733,106.1566,Shaanxi
32.53666,107.89502,Shaanxi
33.61758,106.92076,Shaanxi
33.52449,107.9905,Shaanxi
38.27658,109.72126,Shaanxi
38.84239,110.49896,Shaanxi
39.02806,111.06764,Shaanxi
37.95871,109.29315,Shaanxi
37.59931,108.79568,Shaanxi
37.59454,107.60128,Shaanxi
37.50278,110.26317,Shaanxi
37.75484,110.18394,Shaanxi
38.01959,110.49136,Shaanxi
37.45224,110.73967,Shaanxi
37.0889,110.12114,Shaanxi
37.61075,110.03526,Shaanxi
32.6955,109.02697,Shaanxi
32.89314,108.50866,Shaanxi
33.03829,108.24843,Shaanxi
33.31049,108.31428,Shaanxi
32.52025,108.53419,Shaanxi
32.30715,108.90222,Shaanxi
32.38903,109.3618,Shaanxi
31.88376,109.52677,Shaanxi
32.83417,109.3652,Shaanxi
32.80906,110.11261,Shaanxi
33.86273,109.94107,Shaanxi
34.09081,110.14833,Shaanxi
33.69585,110.32721,Shaanxi
33.53112,110.88158,Shaanxi
33.53218,109.88193,Shaanxi
33.42337,109.15258,Shaanxi
33.68607,109.1142,Shaanxi
36.05709,103.82538,Gansu
36.06592,103.78576,Gansu
36.08842,103.6281,Gansu
36.10396,103.71878,Gansu
36.34578,102.85936,Gansu
36.3021,103.05664,Gansu
36.33216,103.94751,Gansu
35.84327,104.11261,Gansu
39.77201,98.29011,Gansu
38.52014,102.19409,Gansu
38.24704,101.973,Gansu
36.53454,104.1724,Gansu
36.72774,104.82503,Gansu
37.0354,105,Gansu
35.69291,105.05334,Gansu
37.18137,104.06312,Gansu
34.58088,105.72417,Gansu
34.57024,105.88965,Gansu
34.74981,106.13737,Gansu
34.85918,105.67566,Gansu
34.732,105.33564,Gansu
34.72134,104.89089,Gansu
34.98843,106.20577,Gansu
37.92818,102.64198,Gansu
38.62434,103.09366,Gansu
37.47013,102.89765,Gansu
36.97184,103.14178,Gansu
38.92967,100.47801,Gansu
38.24878,100.70132,Gansu
38.43064,100.81317,Gansu
39.15257,100.16449,Gansu
39.37772,99.81943,Gansu
38.78449,101.08861,Gansu
35.54258,106.67477,Gansu
35.33262,107.36775,Gansu
35.06541,107.62126,Gansu
35.30229,107.03536,Gansu
35.21756,106.65352,Gansu
35.20239,106.03666,Gansu
35.52223,105.73245,Gansu
39.74502,98.50801,Gansu
39.98593,98.90271,Gansu
40.52023,95.78238,Gansu
41.83333,95.70823,Gansu
39.63372,94.34023,Gansu
40.29176,97.04542,Gansu
40.14219,94.66197,Gansu
35.73062,107.65114,Gansu
36.01526,107.88248,Gansu
36.5685,107.30839,Gansu
36.4613,107.99016,Gansu
35.81927,108.01953,Gansu
35.4917,108.3601,Gansu
35.50223,107.92824,Gansu
35.67728,107.2006,Gansu
35.57934,104.61093,Gansu
35.21087,105.24219,Gansu
35.00391,104.6348,Gansu
35.13626,104.21502,Gansu
35.39509,103.85954,Gansu
34.84853,104.4717,Gansu
34.43811,104.03697,Gansu
33.39189,104.92667,Gansu
33.75062,105.74222,Gansu
32.94396,104.68343,Gansu
34.04735,104.39354,Gansu
33.32937,105.60855,Gansu
34.01085,105.30143,Gansu
34.18907,105.17844,Gansu
33.76884,106.08785,Gansu
33.909,106.30494,Gansu
35.6045,103.24317,Gansu
35.49157,102.99563,Gansu
35.36986,103.70889,Gansu
35.94173,103.31587,Gansu
35.481,103.56935,Gansu
35.42535,103.35143,Gansu
35.66376,103.38933,Gansu
35.71768,102.87581,Gansu
35.00019,102.91088,Gansu
34.69275,103.35362,Gansu
34.27015,102.84581,Gansu
33.78491,104.37155,Gansu
34.05587,103.22175,Gansu
33.9977,102.07226,Gansu
34.59103,102.48699,Gansu
35.20233,102.52158,Gansu
36.59976,101.80319,Qinghai
36.5866,101.77013,Qinghai
36.6283,101.76585,Qinghai
36.6502,101.76628,Qinghai
36.92694,101.68545,Qinghai
36.50087,101.57164,Qinghai
36.68246,101.25648,Qinghai
36.48209,102.40173,Qinghai
36.50029,102.10848,Qinghai
36.32026,102.83087,Qinghai
36.84406,101.95841,Qinghai
36.09493,102.26404,Qinghai
35.8508,102.4891,Qinghai
37.37615,101.62232,Qinghai
38.17709,100.25305,Qinghai
36.897,100.99504,Qinghai
37.32162,100.14682,Qinghai
35.5163,102.01954,Qinghai
35.93817,102.03102,Qinghai
35.03605,101.46594,Qinghai
34.73423,101.61647,Qinghai
36.283,100.62012,Qinghai
35.25386,100.57876,Qinghai
36.04004,101.4336,Qinghai
35.58868,99.98818,Qinghai
35.58688,100.7475,Qinghai
34.47733,100.23956,Qinghai
32.93269,100.7374,Qinghai
33.96921,99.90075,Qinghai
33.74924,99.65153,Qinghai
33.42928,101.48289,Qinghai
34.91508,98.20934,Qinghai
32.99336,97.00862,Qinghai
32.89295,95.30102,Qinghai
33.36823,97.10865,Qinghai
33.85203,95.61335,Qinghai
32.20295,96.48063,Qinghai
34.12639,95.79722,Qinghai
33.66033,90,Qinghai
37.36947,97.36087,Qinghai
36.92976,98.48003,Qinghai
36.30386,98.09531,Qinghai
37.30096,99.02293,Qinghai
38.73523,93.33135,Qinghai
37.85044,95.3621,Qinghai
38.25217,90.85742,Qinghai
38.47371,106.28847,Ningxia
38.49589,106.15652,Ningxia
38.47314,106.24284,Ningxia
38.27749,106.25318,Ningxia
38.55443,106.34985,Ningxia
38.10269,106.34005,Ningxia
39.01895,106.36803,Ningxia
39.23909,106.78132,Ningxia
38.9135,106.52306,Ningxia
37.98472,106.21251,Ningxia
37.42533,106.06243,Ningxia
37.78294,107.40789,Ningxia
36.98064,105.91448,Ningxia
38.02121,106.07875,Ningxia
36.00341,106.28779,Ningxia
35.96385,105.72911,Ningxia
35.41667,106.08383,Ningxia
35.49823,106.33067,Ningxia
35.8496,106.63808,Ningxia
37.51608,105.19009,Ningxia
37.49157,105.68518,Ningxia
36.56524,105.64359,Ningxia
43.79547,87.63356,Xinjiang
43.80095,87.59811,Xinjiang
43.84367,87.574,Xinjiang
43.83244,87.64248,Xinjiang
43.87711,87.42812,Xinjiang
42.91704,87.52683,Xinjiang
43.97374,87.65614,Xinjiang
43.47129,87.40931,Xinjiang
44.3287,84.88675,Xinjiang
45.60243,84.86782,Xinjiang
45.68734,85.13208,Xinjiang
46.08908,85.69377,Xinjiang
42.94244,89.18596,Xinjiang
42.86887,90.21341,Xinjiang
42.79181,88.65384,Xinjiang
42.82699,93.51465,Xinjiang
43.59848,93.01581,Xinjiang
43.25447,94.69742,Xinjiang
44.01437,87.26749,Xinjiang
44.15706,87.98738,Xinjiang
44.1916,86.89887,Xinjiang
44.30413,86.21421,Xinjiang
44.02197,89.59399,Xinjiang
44.00061,89.18076,Xinjiang
43.83464,90.28598,Xinjiang
44.85387,82.05112,Xinjiang
44.60055,82.89417,Xinjiang
44.96882,81.02478,Xinjiang
41.72643,86.17369,Xinjiang
41.77763,84.25191,Xinjiang
41.34392,86.26075,Xinjiang
39.02374,88.16728,Xinjiang
38.14538,85.52977,Xinjiang
42.0591,86.57425,Xinjiang
42.32266,86.38307,Xinjiang
42.26817,86.86397,Xinjiang
41.98009,86.63254,Xinjiang
39.48328,81.08432,Xinjiang
41.27706,80.23914,Xinjiang
41.71741,82.96212,Xinjiang
41.2216,82.78209,Xinjiang
41.54833,82.60912,Xinjiang
41.79685,81.87347,Xinjiang
41.21472,79.22457,Xinjiang
40.64451,80.37306,Xinjiang
40.50826,79.04681,Xinjiang
39.7161,76.16839,Xinjiang
39.14786,75.9474,Xinjiang
40.93704,78.44626,Xinjiang
39.71909,75.25841,Xinjiang
39.46772,75.99381,Xinjiang
38.95409,75.66298,Xinjiang
39.40134,76.04797,Xinjiang
38.92956,76.17561,Xinjiang
38.19174,77.27095,Xinjiang
38.41432,77.24629,Xinjiang
37.88299,77.41367,Xinjiang
38.90493,77.65273,Xinjiang
39.2333,76.77796,Xinjiang
39.48806,76.72379,Xinjiang
39.78519,78.54906,Xinjiang
37.77297,75.2247,Xinjiang
37.11178,79.91321,Xinjiang
36.57246,79.90141,Xinjiang
37.2775,79.72917,Xinjiang
37.62139,78.283,Xinjiang
37.0737,80.18889,Xinjiang
36.99846,80.81005,Xinjiang
36.85728,81.67712,Xinjiang
37.06419,82.69595,Xinjiang
43.9095,81.27725,Xinjiang
44.42689,84.90167,Xinjiang
43.97715,81.52732,Xinjiang
43.84072,81.15128,Xinjiang
44.05599,80.87899,Xinjiang
43.48257,82.23175,Xinjiang
43.42988,83.26157,Xinjiang
43.15724,81.13102,Xinjiang
43.21799,81.83603,Xinjiang
43.79904,82.5119,Xinjiang
46.75145,82.98703,Xinjiang
44.43556,84.67851,Xinjiang
46.52457,83.62822,Xinjiang
44.32628,85.61959,Xinjiang
45.93677,83.60621,Xinjiang
46.20109,82.98277,Xinjiang
46.79302,85.72856,Xinjiang
47.827,88.13243,Xinjiang
47.69989,86.86313,Xinjiang
46.99362,89.52553,Xinjiang
47.112,87.48677,Xinjiang
48.06069,86.4192,Xinjiang
46.67911,90.37558,Xinjiang
47.4431,85.8754,Xinjiang
